path,bytes,sha256
.gitignore,1142,59c94d95fd00ff14ecd0d237029c2ab4f1535f2b003fc2aa7031f54eb16e7c55
README.md,3504,db6b0ec506c91d14529107cc6b9a6810a6b2dc003e88ddb3810620d854401d22
VERSIONS.json,896,b58172fa2ab40fd1cd303bf33dd8a833a67ff85e5089d4f16c819cd378e94880
docs/ARCHITECTURE_MIGRATION_V2.md,1257,4b3a066100955c94566090aa7fa548f579828e0ffecd87332c2ab266736f3166
docs/BUILD_SURFACE_V2.md,2284,3eab4d8c6ab1228e8164a65f0e3530aa5106ac112fb2650a6c85413c1b1f6a2d
docs/BUILD_SURFACE_V3.md,2138,4c0cea303760a15de87a3cc7dbb5fb33bbda5cb080bea287174fbea2748424a1
docs/BUILD_SURFACE_V4.md,2642,80e47d9e7d6f8707da262c152c5d271035b82f3c38ad36c22c98b7e37ca84061
docs/BUILD_SURFACE_V5.md,1902,48a10676721cd4ab4ec1f14f20e8d6624efe6962e7d3f7acb71316f75c6c8e87
docs/BUILD_SURFACE_V6_CALIBRATION.md,1846,576dc1be4e2f7fe4c3b1a6fbd8e1c3704ed8c76b26e466a5765740bba22601c9
docs/BUILD_SURFACE_V7.md,1707,fbace93879363b6a57bea73b937336ecc986420213b9353eb076b095dc6c722b
docs/FOOT_EXPLORATION_CACHE.md,2793,63ab4c5d3c2148c0125584a63ab34cd1bc8fc7de58d9b24527ec7e449e4c29b1
docs/FOOT_EXPLORATION_DATA_PIPELINE.md,2382,2f80e1a9df08562d7b32ddb52f88fd6ddd1d760581c71320be2df273eb38c42f
docs/MULTISURFACE_TERRAIN_PROTOTYPE.md,5463,a9ff99179d86873ea14a2f35e3a8d1f6c9ac143dec60f68003d30b8ede497ac1
docs/README.md,165,51e7b984f5d3d5637ce63694306018410eb9911c2517ddb85f817af0fa506c2f
docs/REFACTOR_SUMMARY_V2.md,2972,03acabfb06225c97789748d59d558fa5ab980572e989125056eabf372cc64d50
docs/VEHICLE_PASSABILITY_PIPELINE.md,725,12ccf0531d993bf3aa139705b94e7720c37928d3c605107b810771124310d0ae
docs/decisions/bus_allocation_backpressure_and_residual.md,14324,26d97d195de2a80612a19fde57b20a5925c244ef486163be030c8e2c5e41175e
docs/decisions/bus_level_recompute_and_alternate_crossover.md,104614,b63c57caea3a5d9f44f4b327c2c645deefbc4c39d08ea08c15b865b2156a3d46
docs/decisions/demand_expansion_scope_and_site_capacity.md,54273,5f711567e9f03925aa19eb6d1da80185da829ba2192a39356c3c9a85b1c8afea
docs/decisions/extraction_wiring_and_provenance_stamp.md,6555,7ea8c76bd3dd3aeede8acf7bb4773144f361457c986e9b1234dd28796baa1122
docs/decisions/goal_run_driver.md,16442,ba488bc33e3d51cbf71a21b31a030ca1746f99fc270ca9ee0cb0ef9a26e405b5
docs/decisions/production_building_power_model.md,7728,6c471fae8981756277a5e131a9937f35ea673936b9dd4eb488e6f45c67f997f1
docs/decisions/production_lp_formulation.md,92715,1b057780e4c3d136be30a9f4e2102b4892c877d57edd4f7eac71d0d0e902fa13
docs/decisions/production_solver_selection.md,26514,9ef8c06611b7faed5216ac7af073989503a5193488881934340731a6a5d31c05
docs/decisions/resource_authority.md,2047,dcc415bcfaa4fe090b1d2e05680cdd3c3a0775ec1918faced5e859afb3a62e1c
docs/decisions/toggle_propagation_and_demand_pass.md,12898,135f75fe595cd4093b9cfc0435f4cbdb8d59b61a6adca149efaa414dd0ea1359
docs/plans/progression_optimizer_implementation_plan.md,22218,090902d392241a562c24589fa5e61d15bc2388d622822c7ae43a365ef1a8f95a
planning_data/ARCHITECTURE.md,4338,4330f6383cf9591c32148a414ebec33451a601b1c95018eeec05b0c1105414de
planning_data/README.md,941,7017be3c704e11b4017facc7a94d70264bc0e3182fa496e184ef26a1d49532ab
planning_data/analysis/calibration/PHM_steel_deck_502094/README.md,1370,d27727def4102a01200ae465e462c85deaa1ac62d13a18e9500acb88d0f1bbbe
planning_data/analysis/calibration/PHM_steel_deck_502094/calibration_summary.json,1466,f267a86727c785698084bb242f486c1ae9983b56cf26632aa62827e5c3aad642
planning_data/analysis/calibration/PHM_steel_deck_502094/expected.json,366,9621ed1f3d3165f545866fbb2cfa448235c25117af5627cff11c059257ed7617
planning_data/analysis/calibration/PHM_steel_deck_502094/fixture.json,407,06bb4a1c5cae8b4a7128aa706ccee2e2213a5bf344b034532cbc6b81f71f4efb
planning_data/analysis/calibration/PHM_steel_deck_502094/foundations.csv,77248,a528989013c2ee6ecb65f9c455e88274512f61db88217d8759b3c62d0df74f76
planning_data/analysis/calibration/PHM_steel_deck_502094/terrain_comparison.csv,90161,42313cf023f049df41248fd83c834cccb59ad25e4de492a322a8e44aa4712862
planning_data/analysis/calibration/PHM_steel_deck_502094/validation.json,388,483e6ddf35eb083f63ba0f9c98084d05b59de64adc1cd2c688e10a60d91dc802
planning_data/analysis/policies/README.md,1057,bf18c621609434b584bcb740db063e245f8999f27ab0dff596307a50f7dc2b39
planning_data/analysis/policies/build_surfaces_v1.json,3623,a4c9761b0d5bf61a9f01768616fd5e254b5fa76226a7007fce61baac2b13e27d
planning_data/analysis/policies/build_surfaces_v2.json,3924,6a7e8d693ffa6f3e452b97f2e6d54913e0cb180bc74548937e41a3fae1e356d3
planning_data/analysis/policies/build_surfaces_v3.json,3878,82d1bd947db3ad7ae295b9a17dd5306ef6e69c935b9d1ef09e4883a0e57f9fc4
planning_data/analysis/policies/build_surfaces_v4.json,4272,2f0f3542eedf7ed65fc6bec1f1627c2178a135943b10e3dd2024d92501f0aa12
planning_data/analysis/policies/build_surfaces_v5.json,4350,35fc90c0b06421e82436112b9c89d1c34c90d890275ba30bb79e3db633bbdce3
planning_data/analysis/policies/build_surfaces_v6.json,5087,fcbfaf3f375d4ff9a3bf5c5c34897f22eefa1bdcffd92ce2932c54ca9a70a07b
planning_data/analysis/policies/build_surfaces_v7.json,11007,bf16aeb3d0caa74a08afd3c0b37e0f28af42882a45642ab52060023ebc7d9fb5
planning_data/analysis/policies/build_surfaces_v8.json,10411,87b97a774b761860df4571d96ed7727bfcf9c54a34f0760e031da3a1bb79b68e
planning_data/analysis/policies/build_surfaces_v9.json,10499,8b08387d59f5b5e032bdb4780d234a3507ae39433489fb9a6560a4e2fcf246b4
planning_data/analysis/policies/corridors_v1.json,1052,6c08011c4fe6f0ea2462a3e0ae82b0a07319dd1274d71940f326cf70199f751b
planning_data/analysis/policies/exploration_runtime_profile.example.json,672,e4b1fc0a356ec243cccb8f08ac791d2841dca2f9c903f87bc0219f6287540a60
planning_data/analysis/qa/discrepancies.csv,2749,0b3ecd41d58676039f82dc87d9fcdb1a4272841b86765e9242d7fd794a2e87ec
planning_data/analysis/qa/exploration_collectibles_ingest_summary.csv,785,1d9d87afe64025f9539da524670c161e6ce53d5db0aa650235f4c2f36efb166b
planning_data/analysis/qa/installed_docs_ingest_summary.csv,444,7ea45c95be42cc0d875c8bae4a1de6bfe809677fd2c3dd02febe0004672d64b1
planning_data/analysis/qa/installed_docs_spatial_check.csv,571,ef68b043195af46c11042a4ac7bc654627bb937d2ad5cd8462dce28e860755e2
planning_data/analysis/qa/layer_classification.csv,3331,807108cc1dd17f54de35738a4ac054196725030fe4f10b8169cbe0f0747929de
planning_data/analysis/qa/recipe_ingest_filter_validation.csv,570,c4ae36b3bbc60a27350c52f522a91b4e300d4426edad29a7ee7c05ebfcf6cd05
planning_data/analysis/qa/recipe_strategy_reconciliation.csv,8816,c987fccde0330581f80cf00d9c4cb3ef39093ddb2206e7f55a380a16d889d912
planning_data/analysis/qa/rocky_a_c_corridor_v2.csv,1123,1f0976c71394683c13cfb3eb2a8d990e3a9255f2604394c468372c8617ca42db
planning_data/analysis/qa/rocky_a_c_exploration_route_v1.csv,422,2b1cd2573f1b7ac15ff7b3e332f8434ca98b90f2ccdf44eae9ceb14af6152570
planning_data/analysis/qa/rocky_a_c_mode_separation_v1.csv,371,3098442ca6f59d6e4fa185f30308e3a919b044ba61bbe974af6a65ae95a6d482
planning_data/analysis/qa/rocky_a_c_scim_road_extraction_v1.csv,375,eb96d6ae3d3ffe2a218832a1a95eaf4801631bd575925c199ecba1979517a813
planning_data/analysis/qa/rocky_a_d_scim_road_route_v1.csv,322,ad1b0c1ff3318f870e21c958072e5ee2033389f5327b71fab91c70a5d0c1666e
planning_data/analysis/qa/rocky_a_d_water_grade_validation_v1.csv,357,0642cf9e4d1f94189d5dfc5a574c69db03b72c8ced2d392f463632bce2059588
planning_data/analysis/qa/rocky_functional_topology_coverage.csv,1239,e2d8962057b2583775647f305fe4140d66ce00944d43eda3c1439def3c74b46b
planning_data/analysis/qa/rocky_phase_topology_confidence.csv,5962,13c3937894decbd48f688732ccca01c22f1d72d764ea49d90c34f5dd85dd19df
planning_data/analysis/qa/spatial_ingest_502094.csv,685,43d123657da7fd542ea5dffee844475b1cb7da0d3249164ddd29922193efa25b
planning_data/analysis/qa/world_resource_ingest_502094.csv,216,9802e96a1a0b68ac591477853952481c0e8aa4b5dd20c633fd74950eec55caed
planning_data/exports/satisfactory_navigator/poi_catalog.v2.json,806357,755c19bae7964d63142bb12a30c17b608f2e83c67333b57efd769e31b702f0fb
planning_data/game/reference/alternate_choices.csv,15152,16cfda326c38d0ee0a6a209f84389daef487aca873e58cd87a00c9dab2933dde
planning_data/game/reference/alternate_recipe_unlocks.csv,10880,08ecf8037dc4c917d42d1976f9f32674bd24e1727b3ff438988ff5ef8fd0c190
planning_data/game/reference/building_recipe_io.csv,79296,148436a6f167ee8201203979940ed1db04f116daf35b3ba9c301db4125f7cb05
planning_data/game/reference/building_recipes.csv,143793,a743adc4a11f2dc48c9af471c9b1b9a1422696760b06fd2582fb8f2673f92901
planning_data/game/reference/buildings.csv,2500,1ac1c0842ef996d5775f18b8c90959f04bc4070b86ac705a8557b89166b064b3
planning_data/game/reference/crash_site_requirements.csv,19621,83e69506796bc50d987730656a88de10844eee23269142875830a9d8459212f8
planning_data/game/reference/exploration_poi_hazards.csv,222456,c3a7d17300c6c30f628214d8f5ff87382a6499867e065cd10786462a4d97b46b
planning_data/game/reference/exploration_poi_source_catalog.csv,2458,785dc72fc81747b855657817199315b2de4fce7ed397ec414f95a089084e1961
planning_data/game/reference/extraction_buildings.csv,1073,38e1c289cbf2043da8acc0b990a234f4e9993f7f8a7ac45e5fe1b710153cc20a
planning_data/game/reference/extraction_rates.csv,1869,a30fdf2744ef868bbd2b686efdc83635e8232b42e33202f7cad2f0b5ba1472b6
planning_data/game/reference/game_builds.csv,1030,152e6623400eb232a36ba02113a1b196179217e181b5fa3af3a46d4b2a526563
planning_data/game/reference/generator_fuels.csv,2793,5fc53a6f91227d87c398cf243c75d2c24bf7d137c2d9ba75903b8a1f429a85fe
planning_data/game/reference/hard_drive_system.csv,404,c7b3547a6f32fccec52241465ded57c2d3318f4bfc2c9780a6b0202053c92a21
planning_data/game/reference/items.csv,42555,96b595ec19a319ba9b1fb3a26248d129abb288b1dc579db5b1a08606f40a49de
planning_data/game/reference/logistics_capabilities.csv,2045,48c92371381d877bc6ece0e0751accf97fb73d61c000ac401762a63091102aa6
planning_data/game/reference/mam_pool_effects.csv,4688,7f2f8ea799833a5176de0156cfc034c12ecb7c40ed7ffbb3f7b035eaf02568cd
planning_data/game/reference/non_hard_drive_alternate_unlocks.csv,942,4e3ea5d790cdd42e2659ba5472cf67db4b3e02d0437b2b0d42589f8690fac6b6
planning_data/game/reference/online_recipe_checks.csv,4067,5355562a34eb16afadd16bb317b75da152f0a4197f8b89f5762df06954156bf5
planning_data/game/reference/power_buildings.csv,950,008eb41398f1234dd3c0dbefadb3433a75e6aa63b673f972ed15fccd9a411e1c
planning_data/game/reference/production_buildings.csv,1543,18c5f2fa737556c27b13ff46e0bff6dcb36b6424b47eee610888377a54510c9e
planning_data/game/reference/progression_clusters.csv,344,8b9703070612fcbdd1c9f801a066b992ece0ae1610722fbd20466c69bc0e573c
planning_data/game/reference/project_assembly_requirements.csv,1476,b32033a5777f1d7cb28985edaa3421ea00f1326fe95750c4bccfd5e96968a9f1
planning_data/game/reference/recipe_io.csv,95445,1302019dfc8cd20111490a2ef05ea07d74fdeef52c5504e7feb2d99ab396a74f
planning_data/game/reference/recipe_producers.csv,22427,78e261ffd640893ee044fabd96479eb43ae8ff72fd75f578c2595d68d04a1731
planning_data/game/reference/recipe_variable_power.csv,5244,9e27419ecdfb627d36a98aa9cd115b0d4aaf6caaa58589e89ed6d08f48708769
planning_data/game/reference/recipes.csv,80033,4ef5698f5cf4f0e3e60488192057ea455096dd2ba9fb116730a9be12f4d84e7f
planning_data/game/reference/resource_extraction_map.csv,4135,d8cd633cb50d2d5559137fc8a10c4b021f6c80b1382b7c76a14f149ccef0ba06
planning_data/game/reference/resources.csv,723,082dbeef60e0a590f3cea5b0f7179464221854f4b4d61f1a061f51aed092c69c
planning_data/game/reference/route_constraints.csv,1510,6e0016103117ae5a52833d1601356d5512fd9c1e0f9a438a35fc91997fb58d2e
planning_data/game/reference/schematic_costs.csv,45863,5c520b6b7cd4ced7c6a17eab2e673ea9d67cc9c8f62f5380f3eb61dcd6aed472
planning_data/game/reference/schematic_dependencies.csv,40661,c959d0f352fac9414d5b626e2fe041a93bc8cab55b9263dcfcfdcf9b74a32dae
planning_data/game/reference/schematic_recipe_unlocks.csv,94561,b1624eff6a6283e98b891a54169b027847a7d1dfd7b6f2b56baf03c00d19c617
planning_data/game/reference/schematics.csv,156922,51643d09671e2a0e7d883847a1b114724025a2c310945e55aeea120455b4fe94
planning_data/game/source_snapshots/docs_a81d250e96aa/README.md,4519,e358d45add31c14adec4d7af6e0c727ed0f09d2def8fb38f9de819c4faa57a04
planning_data/game/source_snapshots/docs_a81d250e96aa/en-US.json,10640180,a81d250e96aa13db3c0bf8c332c199ad930b2f15323e2c1a069afa4c07f971bb
planning_data/manifest.csv,21533,6a6eabc8257e1740541999a5d3f0ea321f9116c5921e62605236b712e8077964
planning_data/planning/README.md,669,d3953b00c0ab0fa81f0bfb13f5c76d94ec7bfb5fd3990e37b6550e309d220c4c
planning_data/planning/legacy/rocky_desert/resource_sources.csv,20561,bca18cbe14de6ef944969a15f5127f81fe98123116e0f56bfcf0a9de56c8c55a
planning_data/planning/model/accessibility_requirement_types.csv,380,b73f292436eb36e67fc9387f1a0c65e8b0646e887496febc8670ce3ba935f6eb
planning_data/planning/model/confidence_states.csv,236,f6e6b4735fe5c17aec16e92972ead96da6c17ce8c898b96857fd0b3a45977b40
planning_data/planning/model/district_phase_schema.csv,693,a98e803a0af54479fceab40d28a8cc18952ffab0805f0bdbc52df6997898f904
planning_data/planning/model/expansion_policy_types.csv,448,5b0a23f05d5b106d25a7f044a553c5ca63787866567b577837a7c269915b0f1b
planning_data/planning/model/exploration_poi_types.csv,671,ae4e599378b583405068b650877153e4f77aab6f6d02755730c6179d63388fc2
planning_data/planning/model/flow_relationship_types.csv,587,a686b211e67976676ff400df1078d23cb75c25a598f46e531c9fd4bc55503dea
planning_data/planning/model/route_detour_score_components.csv,795,3193a09e836691d98fa3d40d341cb3633ada7ca415996dd91bb88eeea5c5dde3
planning_data/planning/model/spatial_relationship_types.csv,608,52ad715092ebc6d8abd0e0a6a09c5b2b1bb780d98d3ce0f4b9a868fe150f9eb2
planning_data/planning/model/storage_placement_types.csv,274,949867e6259b4f0c31b1dbff46a3f6efa68b33bb04150a1a8d97f2fd6307dcee
planning_data/planning/model/storage_policy_types.csv,539,04008c16d8b1bb04787cc3990759939222d349d1f592dcfcdf74abe3d178f208
planning_data/planning/plans/common/capacity_targets.csv,2244,f19fc4cb57cdd86cbd55ffd966ae6fb99cc9e423b2f562fa97b9d69ada5247f3
planning_data/planning/plans/common/districts.csv,3852,5613f038c54dbf64f87a83cba5282c3178c83b91bb11e7e1c25c64d6ca27aee5
planning_data/planning/plans/common/start_areas.csv,643,2cd1db5d53f87bfb3d9eff9c48a4bc956cbbaf94e92232657aef29a50bd29861
planning_data/planning/plans/dune_desert/commitment_ledger.csv,799,d99bb82607d38f55973c19c041a5fa7a7e125bc7c06f6ce70ff50335665fe09b
planning_data/planning/plans/dune_desert/transport_progression.csv,945,478c0d3225e4615fcac024d414d78b723925245e0d88ae1234cc3fe17511b37c
planning_data/planning/plans/grass_fields/commitment_ledger.csv,910,54bb44e42f97a67f2debda501fd05df588158f0a55c97f5d74b7c8b0ea2b7b6f
planning_data/planning/plans/grass_fields/transport_progression.csv,985,089c6fec5b5d5a23df4187427af6ad1c27858f51a838ea8b336c3004f6f2a519
planning_data/planning/plans/northern_forest/commitment_ledger.csv,862,a0f3ace0dd382321c3ed1e426a928d09ccbde362bf8222b3a3fedd3048d9b028
planning_data/planning/plans/northern_forest/transport_progression.csv,1062,c4a417322f74fccb0a4a27fc9aec2db532d91cbde6dcfca794d5149e7850a7e7
planning_data/planning/plans/rocky_desert/README.md,271,f6917809e78347d2c8dbc303c2e2cac71c0302dd7d7a40638ac0d88860698dad
planning_data/planning/plans/rocky_desert/capacity_targets.csv,1177,b6e986c0d0bb4587e25e095fea5fa999e40647e32852c3d4f077435114ce9ca7
planning_data/planning/plans/rocky_desert/resource_assignments.csv,15576,c84eb949f6fbc71c5e3a7a7af6abc21ce7567bed57411a0579602047c3949ee3
planning_data/planning/plans/rocky_desert/sites.csv,695,69b4d8dacb3a3b994a15003c4e722397718aee742b2d0f373b5e2f8dcb811726
planning_data/planning/playthroughs/template/exploration_route_state.csv,84,cefab6d64ed24d3508e1488dfa69b8a7048a03e32b5eb547b37067b61fcd3870
planning_data/planning/playthroughs/template/exploration_state.csv,96,466c37320e0e37c01bb12852248c19575650de5c6198135672217acf30f92919
planning_data/planning/playthroughs/template/playthrough.csv,79,efd2faabbbea7d6c5f530d20d0a6af3fd3643933fdf13a0bfd02c7d0bbd71559
planning_data/planning/playthroughs/template/playthrough_crash_sites.csv,52,ea3444f3cf0139219990b58eabb53df14131793eacde993459bc6663a69b9d2f
planning_data/planning/playthroughs/template/playthrough_districts.csv,51,dde6e6ca5ef212821f92fa4a8281e607f170b42b95866bf3f9425aeb4476dc0e
planning_data/planning/playthroughs/template/playthrough_modules.csv,58,61d261ea8ad30ac8e2c6e81b21caea2038ac258a28d08a4f0cba33188b721104
planning_data/planning/playthroughs/template/playthrough_recipes.csv,43,f54caefc5e13964d81baccfd2a6a5ea848d406654e1e5e20e57a379b0556b321
planning_data/planning/playthroughs/template/playthrough_resource_sources.csv,82,f50ff700121ea1a8670b983bc7204e71d7b74acc3bbfcc407495179c7c48e4fa
planning_data/planning/playthroughs/template/playthrough_unlocks.csv,46,8b0192b9b9fe1d41ed0515c1c029e4f623ccb410822aa46479137cf516342d71
planning_data/planning/strategies/rocky_relaxed_districted_v1/acceptable_detours.csv,470,00cb75d6837648d0002d5f867bca842bfdaa806dd43140667ff57a6802750d0b
planning_data/planning/strategies/rocky_relaxed_districted_v1/capacity_targets.csv,1177,b6e986c0d0bb4587e25e095fea5fa999e40647e32852c3d4f077435114ce9ca7
planning_data/planning/strategies/rocky_relaxed_districted_v1/commitment_ledger.csv,816,06daccd37c6fd8ade3880b5f4202eff316eb67bdb8fe63c67baf0ec141f26f55
planning_data/planning/strategies/rocky_relaxed_districted_v1/district_interfaces.csv,1717,4f446e877af7ce0f18fadc95e3b78c7979b996fb41f6a92161315476202ffede
planning_data/planning/strategies/rocky_relaxed_districted_v1/district_phase_recipe_gates.csv,2606,35fcc4e793e31bbb0bc5d2beb005f87c951681d65066c2433630ed1a805fb909
planning_data/planning/strategies/rocky_relaxed_districted_v1/district_phase_resources.csv,11955,d24620dc4124187cc230491b36975bbb854a2b76a955b48d136cc87a7d3140ec
planning_data/planning/strategies/rocky_relaxed_districted_v1/district_phases.csv,8179,148c333a9aa1124f54d528feefc73193f225c6200e8c92b9a191b6350ea86d74
planning_data/planning/strategies/rocky_relaxed_districted_v1/exploration_priorities.csv,669,109970c0a783bbde7cc233b3b3bfaabbec7b0bdfaaf05dff799278fa66279a07
planning_data/planning/strategies/rocky_relaxed_districted_v1/exploration_route_requests.csv,881,8ea0270ff3a619201b746684519e4a81dc5f7fd6e9b493ba1961da9262ef1163
planning_data/planning/strategies/rocky_relaxed_districted_v1/exploration_routing_summary.md,1877,7c7146f8c9969ec58c9841e188bd3474323057089ebc54a0e42a8adfdc59cab9
planning_data/planning/strategies/rocky_relaxed_districted_v1/module_expansion_rules.csv,3139,36e6aaacfd5b69939b374c79445c7ffb07a28da220753d6e434768eb4a111496
planning_data/planning/strategies/rocky_relaxed_districted_v1/module_flow_rules.csv,4179,2adac0db6aa5ec2926ce993b6604deb646df5bda467801a0dee2a82592c5785b
planning_data/planning/strategies/rocky_relaxed_districted_v1/module_phases.csv,6610,514e183617938584c1535a65e39ba9651e9b59aabfd61c130c5782a014e97318
planning_data/planning/strategies/rocky_relaxed_districted_v1/module_spatial_rules.csv,3564,d418ac3170b36acf940b311bb472d4ad98f032e0917b6ab383e3d611e5b58137
planning_data/planning/strategies/rocky_relaxed_districted_v1/production_edges.csv,2246,f6547ab74de68d1f578ed8617604032e700b19b12ccfd1bd8d4641edc4623677
planning_data/planning/strategies/rocky_relaxed_districted_v1/production_modules.csv,8623,8d16713bd36c21e4e4e6e18f1fcd65a19c687d651b309ab134fecbeba549d746
planning_data/planning/strategies/rocky_relaxed_districted_v1/profile.csv,525,1f46eba8a232ff29683a3ed2deb8ae09b154350e98d2f09b9bdc046dc181ff86
planning_data/planning/strategies/rocky_relaxed_districted_v1/recipe_gates.csv,2846,b4c4c06a51756513c134604076fdf300df7bf67581542b4a76dcce2f8c83597b
planning_data/planning/strategies/rocky_relaxed_districted_v1/recipe_preferences.csv,15375,91ba1d9df62f9ea3d4cb04d34e72f6ad11ed67cbf94cb19f70af68bbd9f832e3
planning_data/planning/strategies/rocky_relaxed_districted_v1/rocky_desert_phase_summary.md,10829,fb94d12ce7c95a7357cb7ee86456b89b012cc1f161e797e5c67fdca04c311ee8
planning_data/planning/strategies/rocky_relaxed_districted_v1/rocky_functional_topology_summary.md,6335,8be666bf9696f3cd09f4f980fb16d1affa228c0f0516c47ff098cab221904f77
planning_data/planning/strategies/rocky_relaxed_districted_v1/sites.csv,695,69b4d8dacb3a3b994a15003c4e722397718aee742b2d0f373b5e2f8dcb811726
planning_data/planning/strategies/rocky_relaxed_districted_v1/storage_policies.csv,15094,4643ef3db91ff16d2700908f8a35b3225cbece90ea1734ee96ef79ad20f2b841
planning_data/planning/strategies/rocky_relaxed_districted_v1/storage_topology_rules.csv,836,3748045898c651702f552be3edb8ed43eda4948e270a40be80a2b88fe20e8ecb
planning_data/planning/strategies/rocky_relaxed_districted_v1/transport_progression.csv,937,5c309e304145516c12448cab9afd53b551c379dbfe22f59f816c0a95b2aacc21
planning_data/planning/strategies/template/district_phase_recipe_gates.csv,125,11e29735e3591c51069ac7e35b25d43d73fa7d75179bac8e42976c793418a63e
planning_data/planning/strategies/template/district_phases.csv,249,e4b8e0ae8d579a1780507d4ac254709845c09fec015280809b57b9ec775ade62
planning_data/planning/strategies/template/module_expansion_rules.csv,57,dc24e6c3c0a19e709b62521d88a2fd4f5abc8ec7218459ec158c17407e4f9bbf
planning_data/planning/strategies/template/module_flow_rules.csv,86,b75051131d9e4b9091acb5fe2e4c602f245080c63cee3a1e312ed7960af73778
planning_data/planning/strategies/template/module_phases.csv,140,a62859c761ad09dee114203b6dab162b28f39d2b55b4bf0654185a51615622a6
planning_data/planning/strategies/template/module_spatial_rules.csv,84,737978c08a96fc54de233fd9beb6a071f956ebaef273e451849c84f8ec20804e
planning_data/planning/strategies/template/production_modules.csv,106,4dbe245449e1397c18e33c95d6ab4fa8fde6210192809f0f5895a7d409683331
planning_data/planning/strategies/template/profile.csv,217,11a28efc208d6a5f010ab7d9cc049fc36f2480895061015c4fb512c60eb294a4
planning_data/planning/strategies/template/storage_policies.csv,193,37f6b86e92d4861ad075dc10bff85e7a9c1db2a0a92e43cd425d2b93852a844c
planning_data/planning/templates/crash_site_threats.csv,70,f3e87173771ff2e393d6e34985725224f9033f4f48b71873341afe2261968667
planning_data/planning/templates/crash_sites.csv,119,f1af4af453b417dc36c4af02ea70a9f197268a91a6240d9942c9857a1615b7a5
planning_data/planning/templates/district_phase_archetypes.csv,1296,06fcaee57edd3c9d758ea1c2c977d5664e388f17d2873fc059118e1a51d8a9dc
planning_data/planning/templates/module_adjacency_rules.csv,82,99ade37c416ab6acf1a378dcccde64a0cb53afa01b751cad25f84e8d37021fff
planning_data/planning/templates/module_phases.csv,137,1327dec14e1b6400eb5bb20f1aac104235dff0bfbae14ea1e3c30824b530723a
planning_data/planning/templates/production_edges.csv,85,cdad9f480a9ba0bcd9225ea94d4ed2e66f34a4ae10d96d19a5d86f20425af9af
planning_data/planning/templates/production_modules.csv,90,228778872963e035a606894c8dc449feb31d2f2c449ad4fd48b759355c11b1d2
planning_data/planning/templates/route_analysis.csv,138,236da735df0a0c04a00f5b83c51ca195cf8ae6f45215fb1cfbfbe1702372b798
planning_data/planning/templates/routes.csv,73,0432291bef684455d1c7cbf922adf2ad8169c2d91194e7081d78819530ff1a5b
planning_data/planning/templates/site_candidates.csv,190,ccc96e4d51716f5ba75882c6e17aa5c1794b6911091b0ff66b86630d39b7c171
planning_data/planning/templates/storage_policies.csv,132,e3a6bb184c3f2d9ddd43e1037441c4d2c2983f0523de08b81c539fbd514e6c8e
planning_data/provenance/game_docs_source.csv,541,a2fc85c92659b6f65b873a7ddda3ad1e15f47cada4729534712275370bc89c79
planning_data/provenance/online_sources.csv,3178,43122ecbce716c6656128b32c1272e75c3e001f72f60e6cb850d740e890474d0
planning_data/provenance/reference_tables.csv,3946,7352309516dba8fba48c5176d20ba6b843a3ac62f943e42028f942436826707c
planning_data/provenance/satisfactorymcp_collectibles_projection.md,1345,b7177cc47ba2585c083acb4bc756ac32294d5b52a607a1f3ab8e5f0a88311a96
planning_data/provenance/source_migration.csv,2526,0af51b183d82ec73ce71db5fb83bb288e6f8e7d3698aa1e0d2ff4bfcf6327a9c
planning_data/provenance/spatial_sources.csv,865,68a1f589150de3fae7e333aa2486466edc79cd592843952e44ac925bda06b46b
planning_data/provenance/static_world_mapdata_ingest_contract.md,1033,a688a97b564892ed34774e7abb4a117ce567752a45cc452b9c168e3ac918e3c4
planning_data/provenance/terrain_build_502094.md,791,f70cc508da7da6b3f3b284efb90acf047a0acf61a9cd49cdcdbab806601e47f0
planning_data/provenance/terrain_geometry_model.md,1336,2645b65635807d9bd90df9257748d7ad80745da460dbfe42a1e87f3bd921dde2
planning_data/schema/data_dictionary.csv,868,ce20be86cc33e3a80ecfbb805d3bd54ead5abfc5c84d92fede7106453574d31e
planning_data/schema/navigator_poi_catalog_v2.schema.json,3897,c56c2cd95c9e60d3c7996d0a8f2c9b35cdd6df2c1aef0af1b82715998389a9f1
planning_data/schema/navigator_poi_state_v1.schema.json,2618,d4c14510ff34d56dd6dae7f651dbae1b19aa59335c7685e4ada993c2d92466be
planning_data/schema/schema_v1_legacy.json,7941,26c9ea8df93d3d9d370d5631a05ba469cdaf2451cf3caa3e5458690704fac3c3
planning_data/schema/schema_v2.json,2007,25335e595725e087c712a7f28cb693ed624342a1f16b146f78eb9af025d7a3f4
planning_data/world/README.md,1432,282cb92d279b3a8619d2a869451e084defd0f3c873774f5a7c21985ab944debd
planning_data/world/canonical/exploration_pois.csv,500241,94427a7c0ff93719300b09232d4a7bc75b5792ca1a816eb639c4571a753d9998
planning_data/world/canonical/world_collectibles_static.csv,1137417,c9f74bda70289808b2b5ff6620d19d0aa1a8bf7f5f1cc4c12cae5c2c18086d04
planning_data/world/canonical/world_resource_sockets.csv,145675,bdabe5f96c01352610788f569408051af0f46deba5144deec9e9960e3b923b6c
planning_data/world/configurations/default_502094/resource_assignments.csv,106080,419aea4c71184d18864c52b628e64322605997f9d5520827340edc7ff6107877
planning_data/world/configurations/default_502094/resource_totals.csv,988,427c8965e9dafd8a1cc29ecbf69e81eccafac4af45c3c9d720f06cce5507e98c
planning_data/world/manifests/world_502094.json,3853,ae5fd2ab72402c856eb369c3880466ecc1bc0f18e273fa800a523932e7e6c87e
planning_data/world/source_snapshots/build_502094/world_collectibles.json,1951481,2c1ba76bf6aeb7593d53fb8278c48df9a639f7002d1cc09eeb4024fb67406337
planning_data/world/source_snapshots/build_502094/world_resource_nodes.json,138816,1b6d2b740081eb56c0d77136aed0d330ea4696dee13d1075fc231574ee7552b0
planning_data/world/spatial/heightmap_build_502094/density.u8.z,7061034,9c676a0d00e0a89154a72268e9b7de78c6f132b0da3e8f765b29f504c6dd41c2
planning_data/world/spatial/heightmap_build_502094/height.i16.z,16808125,5b0a0a0fe4c9812d9e017109bd2056f9610a4b7696f0ef6b4549dc41891b0f6d
planning_data/world/spatial/heightmap_build_502094/meta.json,22220,47aaa429277fd145fab1545f10ffe561043dddb4864c36eca67e0d8088906359
planning_data/world/spatial/heightmap_build_502094/prov.u8.z,2262298,ba2ee20c429d0586faeec91a515ec09a9b10a01e8dd5477aec97ba700a77d05f
planning_data/world/spatial/heightmap_build_502094/water.i16.z,569569,3273d2d5632e967c78e13db42bdc02fe90108205cc486acaeca593487edff81b
planning_data/world/spatial/heightmap_build_502094/waterq.u8.z,437961,5f4e3e0e70c87451f0d4cb0abb79723807a92691a46b0ad59d3d396c563d2653
scripts/README.md,1312,bdde855e574674fc6d73ab16c44e4b3a78d13c78517f6030de786d98addf8148
scripts/build_foot_exploration_cache.py,25176,e522262e519f45138f7709415536a8004eb73f036d7b1122578301fb6c7d45cd
scripts/build_foot_exploration_data.py,17065,4e1e134183abb5eae14b2f76d958227ae01384db792188811cbf124ecc7cace8
scripts/build_multisurface_window.py,3056,fd812e850b20bd04487e8ab860921889d01f12b73d0e667372e29eff6f44aaf7
scripts/build_surface_graph.py,29187,dcf6e0e341ebbd205ef6128d16c31ec775ef1a4e17a08a89e6f4562489f8e831
scripts/build_travel_topology.py,56950,bdb6ee555f4e9399c10847b9928dfd6b7d5af4843819165d5bf3df5c2d491072
scripts/calibrate_foundation_fixture.py,1450,604f2a14a5bc97e43a07fd73c55012a5bba31f61f0d24e83ceeb067e74d8d23a
scripts/derive_region_gateways.py,39596,914b2967dc0729db052574d3178bf79dc80ec7d6cbbebf338efeeb14c33c067c
scripts/diagnose_topology_routes.py,23334,ab88c18fa09f9a18ea6c5375057ba0eb3654b73ff08c4e7f0f3d5623627cdb8e
scripts/export_navigator_poi_catalog.py,8810,5425d7cc414b9713994c8c9c0b5fd680f24a78261fd02ec6a5cf3460c99ab473
scripts/export_navigator_poi_state.py,10812,abc775dd6c96fe496d8c132468d4a479fd0feec838f9a0136ae4ad78217aa9bc
scripts/extract_foundation_fixture.py,1487,5a308e413feea9b4c8f4c0335c3e34e3d22e787dfbc7e9337208b3f1e3f76b1b
scripts/extract_game_reference.py,19516,8a1b37c9641f13de3418cc9be4ebf69ca957d32c82ee7b6eded098d551101137
scripts/generate_build_surfaces.py,421,a5e131e57efa7925a5b2307c3f64bf83471518370a8cac336106a763d2174409
scripts/generate_corridors.py,293,cd8f8bc5f1bb7ad0fbbf7012b08871ed1e4012796a61418b6fc00f65c2cfb40a
scripts/generate_district_routes.py,21585,63b5de8a90e771fdeb94989132d2e6c5023700b13624005d6da4556f3ecd4ed2
scripts/generate_district_surface_graph_routes.py,32179,e0296fa9c4c6823e7194b41eb591b313c80e1f71d95fc133a76d2d9ed4dfb2ea
scripts/generate_elevation_sweep.py,407,3d69da65bd3f20f95b8bebb829d32f7a8abf8c5293ef9a8d2d5701a48ec0755b
scripts/materialize_world_resources.py,4050,afcd4ab89b5e652faf8fd19aa5ae7732f107a0d6f64ba723068f421138f7ac3f
scripts/query_corridor_route.py,3164,a0c83f53ffcb4299483b7f79e2ff61397fad36467ce738c12336f9862df35242
scripts/solve_ad_with_vehicle_patch.py,8596,64dde6dcff75dd4fe6b7b7b8bbb3af062b6b01cccffa068357f11e5f35b5f921
scripts/solve_surface_graph_route.py,2352,67ace05129e079938c8e904585c7c454659dd4490f0323aa7f397a9a969faf23
scripts/solve_targeted_ad_clearance_voxel.py,31509,4f1e479927b29b5d27cb8c0589e1e691cbcd1bf57f00037f7be5945aef77dea9
scripts/world_viewer.py,346,13012dc71860ed96112c4c28a7c4d37e8f59ccb819387eb90dcb007a3b81dc99
tests/_balance_check.py,6908,aa3bbb28959c72eeb52f42b3c6dd16853c9e7e2ea2e0d0af43f3e408b960a519
tests/_demand_oracle.py,6538,efea14921caa0e6c514cf3f83324f2574adbd979bb9ef46e7c7e2fdd1f75c7b4
tests/_fixed_recipe_expectations.py,4517,b90d13fe0e58af6ff6681e62a5b0ede48b0e295b62980784aeec6f0a79358507
tests/conftest.py,1190,c0c6500a9c5df85df92d491f0944752df5f14776d6b1aefd23d71b4d313717af
tests/test_chain_view.py,11123,84f1018b086ad8884c4c6c006f850a9a381d9f899cbb129c5e48f2325619bd1d
tests/test_demand_oracle.py,5101,f422e615089db0bf0a65b46fe0576ba1ba8c563b293ff761361562c5db9b1e32
tests/test_export_navigator_poi_catalog.py,4306,5a45407e1048ab1a90f990242f32d1d2f854914dd729f92c15c169313723182e
tests/test_export_navigator_poi_state.py,4128,e7372dcddaab223b90f9fc04e8821d69fc9d65ccbc375b9b258cc6adaf9bbf47
tests/test_fixed_recipe_expectations.py,5301,898af28d2a5da87fbbe83d9de3b98ac75296e6a2106e591b30259f4088b87626
tests/test_foot_exploration_data_separation.py,1920,38d4f96a8c3ba830e659b243d86651bed15b5d14876c2f38676d121cf9241a73
tests/test_game_docs_provenance.py,7861,fa1e61a9dc8a7278bfc284cc6350d14d85b0862862af9ff26211d9513e653c3c
tests/test_goal_run.py,29986,c33aa6d2a8396749e88e7b4525d1daf232503c704d5efdcf138830be4b5a436b
tests/test_oracle_against_realization.py,9572,b3616d8388961bda6ee768c8d3c6698ca62a88e4e3d83fb0866f0dc8b4b85461
tests/test_plan_section_11_validation.py,23603,b909e5dc6c38b7085495db0416f4a94e285c3accc8b70f9b1288754a36d4964d
tests/test_production_adapter_gamedata.py,10052,7c107502c2a38fa914594a22a0118299fc204d4d161bee5adb0bfdde4d2f24fd
tests/test_production_analysis.py,10600,e7cc777799b8f31f05f6e1d07adb7c10f547e4f2946412cf9bb0cd3e8e42d968
tests/test_production_building_invariant.py,5659,de264f61723e2d6bd6e6264e3981f448435bec05d146205a2ced3da9a739c9a7
tests/test_production_cli.py,7799,b013c97bd12fccb0da77f6ee078b577c2180bb73a28339e6d0a6217fbfbcb87e
tests/test_production_lp_backend.py,18215,58faa350aaf72548f950f392a9b7b97b067c96b4c34eb49f257f480d0bbd80bc
tests/test_progression_import_boundary.py,5166,2ca34b8688e6481c964850c2880ad2e9048972aae39cdda3f22e3b36f5fdf3ec
tests/test_progression_pool.py,8725,3d6783a86e10eea9976422a0efb381d3e84274b9755c824cfd6c33bb17885f3a
tests/test_progression_schedule.py,5218,6a9e5433194ac01447a67dc1abaf326142f07ac100db6ec793ce6a7e158e7f38
tests/test_progression_stock.py,32491,9cb53d8d9974508bd75e015e6afacca08eb1a574f3e641aebdf4dad08828594b
tests/test_progression_unlocks.py,13884,2ab697314a18c16c0d497b486d7f0d3628cb4bf68ede830eeca2beb30db483e8
tests/test_stock_to_realization.py,19702,17e969bbadf3e836e58921ee2ef781a1fa61f596ce115156379da841b067c420
tools/build_surface_tool/README.md,3991,68307a31eacfb5d276f8988e09cf8656fb8ce3c12ed0a9c178ecc425bf8c5b7b
tools/build_surface_tool/pyproject.toml,519,e37efad64efc54a70eaf39d6d3db6b4a1d7121bb8bd379648f2233c4c1dfde51
tools/build_surface_tool/src/build_surface_tool/__init__.py,80,d207e087bcb4628733304f26f8add492e3e2798e7a19291f13632fa9956d0042
tools/build_surface_tool/src/build_surface_tool/analyze.py,1886,6681ea67c959b5f29f3fcd63d489e0470e686eb5e4fb59622eae82f2ada1ee40
tools/build_surface_tool/src/build_surface_tool/calibration.py,5468,8179402064da935b107c9d2202ac266cc55cd09866ded538fbd0bf613f4d96e1
tools/build_surface_tool/src/build_surface_tool/classify.py,1038,47f568213a41edb0686a631d87ac5a6ca3e4f5bbf5e2876f6b67e663ea440bbc
tools/build_surface_tool/src/build_surface_tool/cli.py,3103,bbdd8ff9aa086f2aa0484bf1cfdc03707ed8f40df67bf6518f32d9615328e43c
tools/build_surface_tool/src/build_surface_tool/codec.py,832,fa58208cb72203fe70c7f75b7a7842843baa84244a4990cba72ab590c0eb6869
tools/build_surface_tool/src/build_surface_tool/io.py,2117,f82d3e04a51857a5153f19d28848daac6a586a892928d16b25c132f895139358
tools/build_surface_tool/src/build_surface_tool/local_relief.py,19827,af87e9618acf43a6c34f7ea196d464c3a17014df2245a510ef3342fc80077d6c
tools/build_surface_tool/src/build_surface_tool/plane_fit.py,31926,18b04ab25c3de31c45354b720a436b214fb9ce2890a027d4623782eb08c0c300
tools/build_surface_tool/src/build_surface_tool/rectangles.py,1801,fc9d08f36e4a1053236aff4f93c8d3399d02e9f028ea32aa7dc41fd3002d806e
tools/build_surface_tool/src/build_surface_tool/regions.py,3979,fe19570de5b27235fdc358bed68afc3445c1893c621a73601e648bcf6854784e
tools/build_surface_tool/src/build_surface_tool/save_fixture.py,8038,38c58f016e173094767085d108cfa318c3f42d0be1623f7328a3ced5b73ef9c0
tools/build_surface_tool/src/build_surface_tool/sweep.py,11467,513184794068ab12f9fc50a920a7164b61cba4aa156eff2ccc7acf478bf522bd
tools/build_surface_tool/src/build_surface_tool/terrain.py,9882,f95b352dc763d1c7a1cda5f8d393fa1b6766eaaf9500dc0ece9e29f018e17824
tools/build_surface_tool/tests/conftest.py,110,8d126f83830825bd403bd35806df1f45612f65ff3507f358ea69c061ca117bae
tools/build_surface_tool/tests/test_classify.py,682,6448959c86e3f966b303e0cb87c52d16c537c7e03e07c1aca660f8ee54c2eb9e
tools/build_surface_tool/tests/test_elevation_sweep.py,1573,2c3df18990a90dc74ec233366c869507b02f897afbdd42ca364d52da4c67cd60
tools/build_surface_tool/tests/test_local_relief.py,1312,c811bb58381b63ef30f148b3687f8bd464d52d850ce14fda91642d75095e572a
tools/build_surface_tool/tests/test_plane_fit.py,1562,ad90a68f56fc166c6601eace41e3656a8b9498333ccb16ee49e90e62e9252d56
tools/build_surface_tool/tests/test_plane_fit_v6.py,2030,9a9dffa896b9b7a96ab6f6e7579668a3a0f7c0aa7a4e947cc8ff536cc558fa4f
tools/build_surface_tool/tests/test_plane_fit_v7.py,1970,f97e1b767b740493f173fdd56b8ab4dd41f4901e7832feb40ecde1ceb37e08a4
tools/build_surface_tool/tests/test_plane_fit_v8.py,1552,80b5ce2c51a03538d9d1f9a1bc1f5cb491ca88d397be106b69fdadb008033beb
tools/build_surface_tool/tests/test_rectangles.py,226,976036e9699c57d399a9db91a19af0e5aeea625922114717b19eab725b3ae729
tools/build_surface_tool/tests/test_regions_vertical.py,647,5dd6f482cba7683be2f380fc640c5dbf75849bb6ed6068f80c37e15c47f33591
tools/build_surface_tool/tests/test_terrain.py,565,be721c6f6b5eb99a2bbc63bad892e5a7f8020ffa16c8a981c873ad7cec52bdd3
tools/build_surface_tool/tests/test_v9_output_layers.py,282,c7eea17241f3ed9aa024da3cbea246e39ba5b9f5789f7adeb61f491851b1e24f
tools/busmodel/README.md,9263,e50ef32c13ade4c131f7b1d46f3e2c284d1bfcfb20d13e2e2957e3c40e784dbe
tools/busmodel/pyproject.toml,557,985ce477320234d4131912a269f7917dac1f95282be7489607b2f43d54a2ff15
tools/busmodel/src/busmodel/__init__.py,1434,a6bcd43e79409c2a5f4fc6c24dda97575acb12bc5c64ed9aec34051b32fa1661
tools/busmodel/src/busmodel/__main__.py,52,13a1a5b340cdcfc1902b62be90e508c7c71886000d5bf087e7854aadf09fb35e
tools/busmodel/src/busmodel/cli.py,4146,149ca1d59a2464ff7ff0f95660799da33b52aefe081112ccc77b07f970eb1110
tools/busmodel/src/busmodel/declarations.py,20051,7e565df11935d063ef5647005208b48d4ddc3c2b64575a286aa7b9336eb15e5f
tools/busmodel/src/busmodel/model.py,34012,44672ac7506288822591263134bf778404b8ac2eb812114729b3d28c8cbaedf4
tools/busmodel/src/busmodel/report.py,4421,4e465550aa71c3770b10499a7202f0f6fe5ced85e5f6991e8c0a03fb0d166b41
tools/busmodel/tests/conftest.py,1641,18adbd8cdec216b6d9c24a299fee0b9345d79334c271b5c52499a5316fd9ad01
tools/busmodel/tests/test_busmodel_import_boundary.py,6454,e8a519032d07c3509ddcbc6a62c0224712bdf6eafdc647d90bb297e38418d438
tools/busmodel/tests/test_busmodel_paced.py,4343,289eb88bce3057494a20692ee5f18e340d8d49f6ca5abd061010d80b7409dbd7
tools/busmodel/tests/test_published_tables.py,35280,6f5295550f34691b0752e4ac32036cd738b3d460a28dce9627d853a48ed23ddc
tools/busmodel/tests/test_refusals.py,14737,14c0f79bf5f15a98312b70c0b8c98791311686c911549efe77d840626a46913a
tools/chain_view.py,10980,4e93d5bc60b8fcc254f4483e28eeb513f492a153e0969029a8b7ac3a400a2698
tools/check_game_docs_provenance.py,8847,9be2855a102be1e7e56df98f4243f99b83d9abd05895c5a693392eccf483f470
tools/corridor_tool/README.md,1122,e297034c5d35ead7980b94fcae78e066abade48c056c02705779d6f4bc62f946
tools/corridor_tool/pyproject.toml,477,b926a0326bdeee96fcc7c5dea96342326b607e25cabfa9a1bbb8eb750ad518de
tools/corridor_tool/src/corridor_tool/__init__.py,70,09416496b0588651451328403e0f41cb7029109a3de8cd004b40fb8ffd25b59c
tools/corridor_tool/src/corridor_tool/cli.py,1239,5b01ae3677250ad252b80adc1f73de199579fe59f0e32045d8c9d9131c48d01e
tools/corridor_tool/src/corridor_tool/derive.py,6989,af179e05dca3272080d3ab3da27e0a7eeaf3d88f7f504945313b74f3550d9cd5
tools/corridor_tool/src/corridor_tool/field.py,2207,371406c0bf43a1e7761ae4b60af7d56f742aa90c4ac40d369ac0019823ea61e9
tools/corridor_tool/src/corridor_tool/io.py,1887,fab440f8d08f062ad18075587f843246ca42c021223a1e1c51a245916819c4ca
tools/corridor_tool/src/corridor_tool/query.py,8283,79e2db57dfe2e250ea8192c68a8354d96a4dc321a8baa21122c95ecf026d4050
tools/corridor_tool/tests/test_graph.py,919,caf021adef74c09af2cf7587c32c0a37f5e9bf19442796de463cb828848f85e6
tools/corridor_tool/tests/test_passability.py,590,7908c73cbb31406c7ba9ab82a3035050aa5d48050e2b7514f91d86f2c29d7e3c
tools/goal_run.py,12993,3111f47d8e1a15fb15babf0c3ce22853128664fa99c0a70aa1d759203843bc96
tools/multisurface_tool/README.md,1985,9aa20dffa8a4665a4e50b5442856264490b551a9840f73ece2c0906934609193
tools/multisurface_tool/src/multisurface_tool/__init__.py,215,1b112f80b97f7a88dc60283bf85e11c3015e527180ed04ae06c44f0c259c64e1
tools/multisurface_tool/src/multisurface_tool/analysis.py,631,9483cd85211a1983deb257034b150bcfc6fae3371c071dfa51cdb772a74e7281
tools/multisurface_tool/src/multisurface_tool/raster.py,5343,f91752028b00e40b9c3e5a1787b211aa37681775926e088b370c612a72be9819
tools/multisurface_tool/tests/test_multisurface.py,1213,f7a9a8c76b58ef9d22615180897a6afb8f244b8f50d9f222cf694205f8213a8c
tools/production_adapter/README.md,5697,a9c5fc3a2bcf50b59f1eadab0adb4911a4252b639b4177e905949b2c8c35f771
tools/production_adapter/pyproject.toml,654,842c81fc1b7bfc75fbbf1cd52883bd7a72a827b68898f9f4a77ad54a075ef6f9
tools/production_adapter/src/production_adapter/__init__.py,1408,145f1727c901be41f65436d9dc789e350840e2432cf7f15b7b5ee9aabc32ea10
tools/production_adapter/src/production_adapter/analysis.py,13851,c4b645c1e9bca96514ce1de6491e3c2546648eb53d2ca751a29bccf3e26712d1
tools/production_adapter/src/production_adapter/backend.py,2443,296bc662fb6fba7e902ef6b510559b2cf14c26a44bbdafc53fd7386e9cc68b1c
tools/production_adapter/src/production_adapter/contracts.py,5140,051e7cd0e65dc69b5a6528147f9203aa725977d8b9ec881ce4f0656841eaa274
tools/production_adapter/src/production_adapter/gamedata.py,17964,376b5e9f23cda6c282faf112dc1f49912436a5dc394c53d90f9c662b20ae2b62
tools/production_adapter/src/production_adapter/lp_backend.py,18800,f37f1cac78b4ac26b946becbdefc50c394c52dea47e29eb4d5f518bfd3a09a4b
tools/production_adapter/src/production_adapter/scenario.py,9288,086cc05a4a4dd76770cdd1da20a3baa166c941dfe1696408f3561e653b8e0a8d
tools/production_adapter/tests/test_contracts.py,1788,021466b7f52074455addbde4ec7872217380854f010812dce3336a8b19df4465
tools/production_adapter/tests/test_scenario.py,4837,41ed57f8d4cb33dc6f969eeddce614fe00cabebbc8fd7aae35cb7322c607cd67
tools/production_cli.py,14660,302c082b51c1537953c50355a6346eb0b8b0f8b8b39085e1e91f8c3f0210a76a
tools/progression/pyproject.toml,948,53da1185118730396e56c34b05b3fa2309990706a888f6a1eff4c80ca4cca406
tools/progression/src/progression/__init__.py,1113,6e523532daa8c6492fdf11cd52e184ab5311275f45c93e1694b32f1f1ef599d3
tools/progression/src/progression/pool.py,7573,b6eff6daacded06fbd13ea0527692965308144bf4bcb41a5afb8c949fc121f21
tools/progression/src/progression/schedule.py,6363,0727c24a171877bc222a1adc12281f721af98e2fdae5a83b12967f9ece8bb854
tools/progression/src/progression/stock.py,28520,83d06789210f12d1220a3fb5675b080ebb264690e1eb89713b6308273f00f251
tools/progression/src/progression/unlocks.py,12839,aa673b2fba4d7bb6eb02790d5ab39af66c3acece7b0c7d0d6a2ebe315ccb4a51
tools/realization/pyproject.toml,633,f915f7ed1efdcd7224b5e3b376ff9a1f675cec935df7ffeabd7fce6c358bed0e
tools/realization/src/realization/__init__.py,2231,c57273b4881d9a19bb771e78d6cbe97ca71a45e7921520d7beb8ea57ad953991
tools/realization/src/realization/buses.py,51368,ff5d8a3f041ce15c1f615797de3a98d3975a28f822013e8a211b8a399a89a5b7
tools/realization/src/realization/capabilities.py,6420,db363986f5718face8b17b1ca68c221ba66d677e2380e1db681f721720f5528d
tools/realization/src/realization/contracts.py,49626,6bf1143def42cbbc3b8fc2769569d49084f3af22881a9b45176e21c216cf269f
tools/realization/src/realization/realize.py,14954,3c6993ba05375b209e44f3f8856531eeb11671b7efafb2c1fbae491a02715615
tools/realization/src/realization/residual.py,19501,6e058743d8c13b20be5ae2bd2b0e79cbae487f15251f9b01539b34933b99fad0
tools/realization/tests/_realization_builders.py,10515,d77d6fa0e7dcf5973759e650990ac2854d11b30a35d7dd0a7bbb37de26ee3a35
tools/realization/tests/conftest.py,1569,407295044ae080af26478c3b0d72898de01a7a3552d001834109215465cc26eb
tools/realization/tests/test_buses.py,57214,f7015970a07fcca43d93115e17d54b6f7e79e988aa506f77bf27c1401a637789
tools/realization/tests/test_capabilities.py,8185,c2509b831d145026e14826a53d0f5c532e081eb98a80418a60e0536370b04792
tools/realization/tests/test_contracts_construction.py,20700,8812bc9e79b839c997b1ac9d7f85c255b97106793a533d4f6973182b526ae61a
tools/realization/tests/test_import_boundary.py,5555,e09e89f0df0d985c32d08dd8af4043329a8a8085fa19c77b46dbc5557c9ceacf
tools/realization/tests/test_paced.py,8097,5cc436b0c21c02b5dee8129ba0c92c88f2cc327339465f2cec8c397de77b36ca
tools/realization/tests/test_realize.py,20590,43205116360b5dd2ffd403d80637bbcd42ac9ea6a2bc91353f97764e435a1c36
tools/realization/tests/test_residual.py,22606,a842949c98028d7d6311b93738522187569c445f42609a2e360264782f83d22c
tools/regenerate_manifests.py,8520,3576751944de7d41ebbf4a84f7d7429d07fabd2fab31d3e90475c0230150a968
tools/satisfactory_route_tool/ARCHITECTURE.md,1112,f37e83014c521335c6ade175258c2ce45421f57dc377c2f78c79959a19569d6a
tools/satisfactory_route_tool/NOTICE.md,657,e4c313fe05b2054635f951c36d6adac94c7a529fc1f3e3e9f772648ed22ca05b
tools/satisfactory_route_tool/README.md,5820,e06b9795064c0e141f1dd97aea9c1596d164bbd2c9a5871280928670b3076db9
tools/satisfactory_route_tool/examples/rocky_routes.cmd,682,23b6de81d4470a7075370a9b8ef9aa8c9a13ded824c73b3b0101dff655b10651
tools/satisfactory_route_tool/movement_profiles.json,1245,4f65b66eb953d2a662462cff804b73b11c865237cbcec609e9f14d63596bb5e1
tools/satisfactory_route_tool/pyproject.toml,507,e5a18a1255d18d48eb5c5dce0912662b544de46c23ac98177a6c07021b0cb00f
tools/satisfactory_route_tool/src/satisfactory_route_tool/__init__.py,22,91447944015cec709e8aa7655f7e9d64e1e4508e7023a57fe3746911c0fc6fed
tools/satisfactory_route_tool/src/satisfactory_route_tool/__main__.py,47,79ee6f134c5c5193377cf9b189cbdcc3e2095e49ba9cec310114441c15a917c4
tools/satisfactory_route_tool/src/satisfactory_route_tool/cli.py,3422,2095f80f779660cce4ad3ac4fd95d5df4b8ffc845c566dfa70c43cec209ab927
tools/satisfactory_route_tool/src/satisfactory_route_tool/graph_solver.py,38098,c5de520e5cbb841b1b3b5309d68e2962b1dcb08088b5ebb6a40361b530a0f467
tools/satisfactory_route_tool/src/satisfactory_route_tool/heightfield.py,2991,8a4d874d7df77be57bd179211a69fc2b55920147338352d275f90e23d0d22ca2
tools/satisfactory_route_tool/src/satisfactory_route_tool/package.py,1393,81c375f924f220b44884afe4b68b37c0ae4dfa520cdc8c6b248c10ba536a7d79
tools/satisfactory_route_tool/src/satisfactory_route_tool/poi.py,1919,d375cd6ddec85ec56f6d8f02318250a49976524e58fe58dabef39afb74a9db71
tools/satisfactory_route_tool/src/satisfactory_route_tool/profiles.py,1676,91511ec47434d75cea8f6df6ed912513b9e18b5ab4dc7b33b0d9e1242e642ac5
tools/satisfactory_route_tool/src/satisfactory_route_tool/roads.py,3983,220da9feb4d97146db3227d1e8250bb01723b1a5623c0c030a65f232beaac89d
tools/satisfactory_route_tool/src/satisfactory_route_tool/solver.py,9737,a64bc07a940897eef598b3df8f354f704550e6b8158eef380ecb8cd611a90980
tools/satisfactory_route_tool/src/satisfactory_route_tool/surface_graph.py,8166,6a6194ae4f90b1983e06567a000b23df6fcb5156a45b8f16ee91333f9e10a9d8
tools/satisfactory_route_tool/src/satisfactory_route_tool/vehicle_passability.py,6839,22eb41864e15c32c4a4ea986567903e83bc122d035b487723113d42517617b42
tools/satisfactory_route_tool/tests/test_heightfield_codec.py,554,9405883939f57f0f7a8b4fc01fffe501c6214b3423d5175c04d3bc24e1e477b9
tools/satisfactory_route_tool/tests/test_solver_synthetic.py,1436,97311febdbbdb9afa13060bb9985a92375602d1bf5e276ebe4f637634391e679
tools/world_viewer/README.md,1936,a52628d94778753d77dbd0efa7a49f0579e3dd8932571d2f16fc45e5048e9228
tools/world_viewer/pyproject.toml,586,49b4bec6d5ff31a54f97eecdfe3144bd64db4b60c160be5b13ccab1617083171
tools/world_viewer/src/world_viewer/__init__.py,107,ed07a10aa2f6ec2631d16f64a33b8bd543b0312074425e04460c7b9aab1e03d9
tools/world_viewer/src/world_viewer/cli.py,7449,ee0cc9f8a4741ad8ec138362869e47c0a0a39e583e4d73312fffae73a63010f9
tools/world_viewer/src/world_viewer/export.py,2939,0d8be304c151d0b69035c0aa897724144e3596c4399a3174d4e403077b53b0cc
tools/world_viewer/src/world_viewer/geometry.py,6593,c11fad256ca189390424100f0600a2764fbc8a6237cf66d1c7e67a43d8bc07a4
tools/world_viewer/src/world_viewer/io.py,11719,cfd70cbe4d403d29bff517df7899412cf848a8eb718c0f71eab23724c4d20f66
tools/world_viewer/src/world_viewer/vtk_view.py,46886,29f9f85b6311b7fb1e1eaa719de4aa31dd071ad9a7867a3c67d943f1cb7befb0
tools/world_viewer/tests/test_cli_imports.py,225,9152fa627db88c5a6fe30c4741f2391d4633508087bd9200294a328ad03944f4
tools/world_viewer/tests/test_geometry.py,989,87766fefdf62ae46a3b906cc0ef53fe347a0fa68228dee6727248242be851726
tools/world_viewer/tests/test_local_relief_variants.py,1420,e5f8a7aad1660ae2349059d7d0beebef437fdcd19759b9b774dec9b08db54488
tools/world_viewer/tests/test_plan_orientation.py,554,e7633045006c47086b6f39f038d0c19460698adcec7c6a79b3793828c0be0016
tools/world_viewer/tests/test_surface_variants.py,987,97dea22045ea9322e69196ce4750eb62304b704656cddd12c7b293fcd10cd644
tools/world_viewer/tests/test_sweep_variants.py,1233,f76a9259dda1c71cb1b45e0b74395b33f12efa22df362db72e80b3f918f40bf0
tools/world_viewer/tests/test_v8_ui.py,1110,37d2439e0747e204508b419915005f7d6b0253d877289f6e60e0cc9aa733b55e
tools/world_viewer/tests/test_viewer_ergonomics.py,3845,fd17753788052c04a6266564bf4491cbaf623a10a53183b1ce3ad7bd11e48aa9
tools/world_viewer/tests/test_vtk_compat.py,723,fac6ed8a18f288c2040ced8951d84bcf1a25456a57a9f4241e7035b0926dfaa0
