recipe_id,direction,item_id,item_name,amount_per_cycle_raw,amount_per_cycle,unit,rate_per_min,game_build_id
Recipe_IronPlate_C,input,Desc_IronIngot_C,Iron Ingot,3.0,3.0,items,30.0,docs_a81d250e96aa
Recipe_IronPlate_C,output,Desc_IronPlate_C,Iron Plate,2.0,2.0,items,20.0,docs_a81d250e96aa
Recipe_IronRod_C,input,Desc_IronIngot_C,Iron Ingot,1.0,1.0,items,15.0,docs_a81d250e96aa
Recipe_IronRod_C,output,Desc_IronRod_C,Iron Rod,1.0,1.0,items,15.0,docs_a81d250e96aa
Recipe_IngotIron_C,input,Desc_OreIron_C,Iron Ore,1.0,1.0,items,30.0,docs_a81d250e96aa
Recipe_IngotIron_C,output,Desc_IronIngot_C,Iron Ingot,1.0,1.0,items,30.0,docs_a81d250e96aa
Recipe_Biomass_Leaves_C,input,Desc_Leaves_C,Leaves,10.0,10.0,items,120.0,docs_a81d250e96aa
Recipe_Biomass_Leaves_C,output,Desc_GenericBiomass_C,Biomass,5.0,5.0,items,60.0,docs_a81d250e96aa
Recipe_Biomass_Wood_C,input,Desc_Wood_C,Wood,4.0,4.0,items,60.0,docs_a81d250e96aa
Recipe_Biomass_Wood_C,output,Desc_GenericBiomass_C,Biomass,20.0,20.0,items,300.0,docs_a81d250e96aa
Recipe_Cable_C,input,Desc_Wire_C,Wire,2.0,2.0,items,60.0,docs_a81d250e96aa
Recipe_Cable_C,output,Desc_Cable_C,Cable,1.0,1.0,items,30.0,docs_a81d250e96aa
Recipe_Wire_C,input,Desc_CopperIngot_C,Copper Ingot,1.0,1.0,items,15.0,docs_a81d250e96aa
Recipe_Wire_C,output,Desc_Wire_C,Wire,2.0,2.0,items,30.0,docs_a81d250e96aa
Recipe_IngotCopper_C,input,Desc_OreCopper_C,Copper Ore,1.0,1.0,items,30.0,docs_a81d250e96aa
Recipe_IngotCopper_C,output,Desc_CopperIngot_C,Copper Ingot,1.0,1.0,items,30.0,docs_a81d250e96aa
Recipe_Concrete_C,input,Desc_Stone_C,Limestone,3.0,3.0,items,45.0,docs_a81d250e96aa
Recipe_Concrete_C,output,Desc_Cement_C,Concrete,1.0,1.0,items,15.0,docs_a81d250e96aa
Recipe_IronPlateReinforced_C,input,Desc_IronPlate_C,Iron Plate,6.0,6.0,items,30.0,docs_a81d250e96aa
Recipe_IronPlateReinforced_C,input,Desc_IronScrew_C,Screws,12.0,12.0,items,60.0,docs_a81d250e96aa
Recipe_IronPlateReinforced_C,output,Desc_IronPlateReinforced_C,Reinforced Iron Plate,1.0,1.0,items,5.0,docs_a81d250e96aa
Recipe_Screw_C,input,Desc_IronRod_C,Iron Rod,1.0,1.0,items,10.0,docs_a81d250e96aa
Recipe_Screw_C,output,Desc_IronScrew_C,Screws,4.0,4.0,items,40.0,docs_a81d250e96aa
Recipe_SteelBeam_C,input,Desc_SteelIngot_C,Steel Ingot,4.0,4.0,items,60.0,docs_a81d250e96aa
Recipe_SteelBeam_C,output,Desc_SteelPlate_C,Steel Beam,1.0,1.0,items,15.0,docs_a81d250e96aa
Recipe_SteelPipe_C,input,Desc_SteelIngot_C,Steel Ingot,3.0,3.0,items,30.0,docs_a81d250e96aa
Recipe_SteelPipe_C,output,Desc_SteelPipe_C,Steel Pipe,2.0,2.0,items,20.0,docs_a81d250e96aa
Recipe_IngotSteel_C,input,Desc_OreIron_C,Iron Ore,3.0,3.0,items,45.0,docs_a81d250e96aa
Recipe_IngotSteel_C,input,Desc_Coal_C,Coal,3.0,3.0,items,45.0,docs_a81d250e96aa
Recipe_IngotSteel_C,output,Desc_SteelIngot_C,Steel Ingot,3.0,3.0,items,45.0,docs_a81d250e96aa
Recipe_SpaceElevatorPart_2_C,input,Desc_ModularFrame_C,Modular Frame,1.0,1.0,items,2.5,docs_a81d250e96aa
Recipe_SpaceElevatorPart_2_C,input,Desc_SteelPlate_C,Steel Beam,12.0,12.0,items,30.0,docs_a81d250e96aa
Recipe_SpaceElevatorPart_2_C,output,Desc_SpaceElevatorPart_2_C,Versatile Framework,2.0,2.0,items,5.0,docs_a81d250e96aa
Recipe_Silica_C,input,Desc_RawQuartz_C,Raw Quartz,3.0,3.0,items,22.5,docs_a81d250e96aa
Recipe_Silica_C,output,Desc_Silica_C,Silica,5.0,5.0,items,37.5,docs_a81d250e96aa
Recipe_ResidualFuel_C,input,Desc_HeavyOilResidue_C,Heavy Oil Residue,6000.0,6.0,m3,60.0,docs_a81d250e96aa
Recipe_ResidualFuel_C,output,Desc_LiquidFuel_C,Fuel,4000.0,4.0,m3,40.0,docs_a81d250e96aa
Recipe_Plastic_C,input,Desc_LiquidOil_C,Crude Oil,3000.0,3.0,m3,30.0,docs_a81d250e96aa
Recipe_Plastic_C,output,Desc_Plastic_C,Plastic,2.0,2.0,items,20.0,docs_a81d250e96aa
Recipe_Plastic_C,output,Desc_HeavyOilResidue_C,Heavy Oil Residue,1000.0,1.0,m3,10.0,docs_a81d250e96aa
Recipe_CircuitBoard_C,input,Desc_CopperSheet_C,Copper Sheet,2.0,2.0,items,15.0,docs_a81d250e96aa
Recipe_CircuitBoard_C,input,Desc_Plastic_C,Plastic,4.0,4.0,items,30.0,docs_a81d250e96aa
Recipe_CircuitBoard_C,output,Desc_CircuitBoard_C,Circuit Board,1.0,1.0,items,7.5,docs_a81d250e96aa
Recipe_Rubber_C,input,Desc_LiquidOil_C,Crude Oil,3000.0,3.0,m3,30.0,docs_a81d250e96aa
Recipe_Rubber_C,output,Desc_Rubber_C,Rubber,2.0,2.0,items,20.0,docs_a81d250e96aa
Recipe_Rubber_C,output,Desc_HeavyOilResidue_C,Heavy Oil Residue,2000.0,2.0,m3,20.0,docs_a81d250e96aa
Recipe_ResidualRubber_C,input,Desc_PolymerResin_C,Polymer Resin,4.0,4.0,items,40.0,docs_a81d250e96aa
Recipe_ResidualRubber_C,input,Desc_Water_C,Water,4000.0,4.0,m3,40.0,docs_a81d250e96aa
Recipe_ResidualRubber_C,output,Desc_Rubber_C,Rubber,2.0,2.0,items,20.0,docs_a81d250e96aa
Recipe_LiquidFuel_C,input,Desc_LiquidOil_C,Crude Oil,6000.0,6.0,m3,60.0,docs_a81d250e96aa
Recipe_LiquidFuel_C,output,Desc_LiquidFuel_C,Fuel,4000.0,4.0,m3,40.0,docs_a81d250e96aa
Recipe_LiquidFuel_C,output,Desc_PolymerResin_C,Polymer Resin,3.0,3.0,items,30.0,docs_a81d250e96aa
Recipe_ResidualPlastic_C,input,Desc_PolymerResin_C,Polymer Resin,6.0,6.0,items,60.0,docs_a81d250e96aa
Recipe_ResidualPlastic_C,input,Desc_Water_C,Water,2000.0,2.0,m3,20.0,docs_a81d250e96aa
Recipe_ResidualPlastic_C,output,Desc_Plastic_C,Plastic,2.0,2.0,items,20.0,docs_a81d250e96aa
Recipe_PetroleumCoke_C,input,Desc_HeavyOilResidue_C,Heavy Oil Residue,4000.0,4.0,m3,40.0,docs_a81d250e96aa
Recipe_PetroleumCoke_C,output,Desc_PetroleumCoke_C,Petroleum Coke,12.0,12.0,items,120.0,docs_a81d250e96aa
Recipe_EncasedIndustrialBeam_C,input,Desc_SteelPlate_C,Steel Beam,3.0,3.0,items,18.0,docs_a81d250e96aa
Recipe_EncasedIndustrialBeam_C,input,Desc_Cement_C,Concrete,6.0,6.0,items,36.0,docs_a81d250e96aa
Recipe_EncasedIndustrialBeam_C,output,Desc_SteelPlateReinforced_C,Encased Industrial Beam,1.0,1.0,items,6.0,docs_a81d250e96aa
Recipe_Motor_C,input,Desc_Rotor_C,Rotor,2.0,2.0,items,10.0,docs_a81d250e96aa
Recipe_Motor_C,input,Desc_Stator_C,Stator,2.0,2.0,items,10.0,docs_a81d250e96aa
Recipe_Motor_C,output,Desc_Motor_C,Motor,1.0,1.0,items,5.0,docs_a81d250e96aa
Recipe_Stator_C,input,Desc_SteelPipe_C,Steel Pipe,3.0,3.0,items,15.0,docs_a81d250e96aa
Recipe_Stator_C,input,Desc_Wire_C,Wire,8.0,8.0,items,40.0,docs_a81d250e96aa
Recipe_Stator_C,output,Desc_Stator_C,Stator,1.0,1.0,items,5.0,docs_a81d250e96aa
Recipe_SpaceElevatorPart_3_C,input,Desc_Stator_C,Stator,1.0,1.0,items,2.5,docs_a81d250e96aa
Recipe_SpaceElevatorPart_3_C,input,Desc_Cable_C,Cable,20.0,20.0,items,50.0,docs_a81d250e96aa
Recipe_SpaceElevatorPart_3_C,output,Desc_SpaceElevatorPart_3_C,Automated Wiring,1.0,1.0,items,2.5,docs_a81d250e96aa
Recipe_Quickwire_C,input,Desc_GoldIngot_C,Caterium Ingot,1.0,1.0,items,12.0,docs_a81d250e96aa
Recipe_Quickwire_C,output,Desc_HighSpeedWire_C,Quickwire,5.0,5.0,items,60.0,docs_a81d250e96aa
Recipe_QuartzCrystal_C,input,Desc_RawQuartz_C,Raw Quartz,5.0,5.0,items,37.5,docs_a81d250e96aa
Recipe_QuartzCrystal_C,output,Desc_QuartzCrystal_C,Quartz Crystal,3.0,3.0,items,22.5,docs_a81d250e96aa
Recipe_CrystalOscillator_C,input,Desc_QuartzCrystal_C,Quartz Crystal,36.0,36.0,items,18.0,docs_a81d250e96aa
Recipe_CrystalOscillator_C,input,Desc_Cable_C,Cable,28.0,28.0,items,14.0,docs_a81d250e96aa
Recipe_CrystalOscillator_C,input,Desc_IronPlateReinforced_C,Reinforced Iron Plate,5.0,5.0,items,2.5,docs_a81d250e96aa
Recipe_CrystalOscillator_C,output,Desc_CrystalOscillator_C,Crystal Oscillator,2.0,2.0,items,1.0,docs_a81d250e96aa
Recipe_SpikedRebar_C,input,Desc_IronRod_C,Iron Rod,1.0,1.0,items,15.0,docs_a81d250e96aa
Recipe_SpikedRebar_C,output,Desc_SpikedRebar_C,,1.0,1.0,items,15.0,docs_a81d250e96aa
Recipe_NitricAcid_C,input,Desc_NitrogenGas_C,Nitrogen Gas,12000.0,12.0,m3,120.0,docs_a81d250e96aa
Recipe_NitricAcid_C,input,Desc_Water_C,Water,3000.0,3.0,m3,30.0,docs_a81d250e96aa
Recipe_NitricAcid_C,input,Desc_IronPlate_C,Iron Plate,1.0,1.0,items,10.0,docs_a81d250e96aa
Recipe_NitricAcid_C,output,Desc_NitricAcid_C,Nitric Acid,3000.0,3.0,m3,30.0,docs_a81d250e96aa
Recipe_Nobelisk_C,input,Desc_Gunpowder_C,Black Powder,2.0,2.0,items,20.0,docs_a81d250e96aa
Recipe_Nobelisk_C,input,Desc_SteelPipe_C,Steel Pipe,2.0,2.0,items,20.0,docs_a81d250e96aa
Recipe_Nobelisk_C,output,Desc_NobeliskExplosive_C,,1.0,1.0,items,10.0,docs_a81d250e96aa
Recipe_PlutoniumFuelRod_C,input,Desc_PlutoniumCell_C,Encased Plutonium Cell,30.0,30.0,items,7.5,docs_a81d250e96aa
Recipe_PlutoniumFuelRod_C,input,Desc_SteelPlate_C,Steel Beam,18.0,18.0,items,4.5,docs_a81d250e96aa
Recipe_PlutoniumFuelRod_C,input,Desc_ElectromagneticControlRod_C,Electromagnetic Control Rod,6.0,6.0,items,1.5,docs_a81d250e96aa
Recipe_PlutoniumFuelRod_C,input,Desc_AluminumPlateReinforced_C,Heat Sink,10.0,10.0,items,2.5,docs_a81d250e96aa
Recipe_PlutoniumFuelRod_C,output,Desc_PlutoniumFuelRod_C,Plutonium Fuel Rod,1.0,1.0,items,0.25,docs_a81d250e96aa
Recipe_PlutoniumCell_C,input,Desc_PlutoniumPellet_C,Plutonium Pellet,2.0,2.0,items,10.0,docs_a81d250e96aa
Recipe_PlutoniumCell_C,input,Desc_Cement_C,Concrete,4.0,4.0,items,20.0,docs_a81d250e96aa
Recipe_PlutoniumCell_C,output,Desc_PlutoniumCell_C,Encased Plutonium Cell,1.0,1.0,items,5.0,docs_a81d250e96aa
Recipe_PressureConversionCube_C,input,Desc_ModularFrameFused_C,Fused Modular Frame,1.0,1.0,items,1.0,docs_a81d250e96aa
Recipe_PressureConversionCube_C,input,Desc_ModularFrameLightweight_C,Radio Control Unit,2.0,2.0,items,2.0,docs_a81d250e96aa
Recipe_PressureConversionCube_C,output,Desc_PressureConversionCube_C,Pressure Conversion Cube,1.0,1.0,items,1.0,docs_a81d250e96aa
Recipe_Plutonium_C,input,Desc_NonFissibleUranium_C,Non-Fissile Uranium,100.0,100.0,items,100.0,docs_a81d250e96aa
Recipe_Plutonium_C,input,Desc_NuclearWaste_C,Uranium Waste,25.0,25.0,items,25.0,docs_a81d250e96aa
Recipe_Plutonium_C,output,Desc_PlutoniumPellet_C,Plutonium Pellet,30.0,30.0,items,30.0,docs_a81d250e96aa
Recipe_NonFissileUranium_C,input,Desc_NuclearWaste_C,Uranium Waste,15.0,15.0,items,37.5,docs_a81d250e96aa
Recipe_NonFissileUranium_C,input,Desc_Silica_C,Silica,10.0,10.0,items,25.0,docs_a81d250e96aa
Recipe_NonFissileUranium_C,input,Desc_NitricAcid_C,Nitric Acid,6000.0,6.0,m3,15.0,docs_a81d250e96aa
Recipe_NonFissileUranium_C,input,Desc_SulfuricAcid_C,Sulfuric Acid,6000.0,6.0,m3,15.0,docs_a81d250e96aa
Recipe_NonFissileUranium_C,output,Desc_NonFissibleUranium_C,Non-Fissile Uranium,20.0,20.0,items,50.0,docs_a81d250e96aa
Recipe_NonFissileUranium_C,output,Desc_Water_C,Water,6000.0,6.0,m3,15.0,docs_a81d250e96aa
Recipe_CopperDust_C,input,Desc_CopperIngot_C,Copper Ingot,30.0,30.0,items,300.0,docs_a81d250e96aa
Recipe_CopperDust_C,output,Desc_CopperDust_C,Copper Powder,5.0,5.0,items,50.0,docs_a81d250e96aa
Recipe_SpaceElevatorPart_9_C,input,Desc_CopperDust_C,Copper Powder,200.0,200.0,items,100.0,docs_a81d250e96aa
Recipe_SpaceElevatorPart_9_C,input,Desc_PressureConversionCube_C,Pressure Conversion Cube,1.0,1.0,items,0.5,docs_a81d250e96aa
Recipe_SpaceElevatorPart_9_C,output,Desc_SpaceElevatorPart_9_C,Nuclear Pasta,1.0,1.0,items,0.5,docs_a81d250e96aa
Recipe_PackagedNitricAcid_C,input,Desc_NitricAcid_C,Nitric Acid,1000.0,1.0,m3,30.0,docs_a81d250e96aa
Recipe_PackagedNitricAcid_C,input,Desc_GasTank_C,Empty Fluid Tank,1.0,1.0,items,30.0,docs_a81d250e96aa
Recipe_PackagedNitricAcid_C,output,Desc_PackagedNitricAcid_C,Packaged Nitric Acid,1.0,1.0,items,30.0,docs_a81d250e96aa
Recipe_UnpackageNitricAcid_C,input,Desc_PackagedNitricAcid_C,Packaged Nitric Acid,1.0,1.0,items,20.0,docs_a81d250e96aa
Recipe_UnpackageNitricAcid_C,output,Desc_NitricAcid_C,Nitric Acid,1000.0,1.0,m3,20.0,docs_a81d250e96aa
Recipe_UnpackageNitricAcid_C,output,Desc_GasTank_C,Empty Fluid Tank,1.0,1.0,items,20.0,docs_a81d250e96aa
Recipe_TimeCrystal_C,input,Desc_Diamond_C,Diamonds,2.0,2.0,items,12.0,docs_a81d250e96aa
Recipe_TimeCrystal_C,output,Desc_TimeCrystal_C,Time Crystal,1.0,1.0,items,6.0,docs_a81d250e96aa
Recipe_Diamond_C,input,Desc_Coal_C,Coal,20.0,20.0,items,600.0,docs_a81d250e96aa
Recipe_Diamond_C,output,Desc_Diamond_C,Diamonds,1.0,1.0,items,30.0,docs_a81d250e96aa
Recipe_SAMFluctuator_C,input,Desc_SAMIngot_C,Reanimated SAM,6.0,6.0,items,60.0,docs_a81d250e96aa
Recipe_SAMFluctuator_C,input,Desc_Wire_C,Wire,5.0,5.0,items,50.0,docs_a81d250e96aa
Recipe_SAMFluctuator_C,input,Desc_SteelPipe_C,Steel Pipe,3.0,3.0,items,30.0,docs_a81d250e96aa
Recipe_SAMFluctuator_C,output,Desc_SAMFluctuator_C,SAM Fluctuator,1.0,1.0,items,10.0,docs_a81d250e96aa
Recipe_IngotSAM_C,input,Desc_SAM_C,SAM,4.0,4.0,items,120.0,docs_a81d250e96aa
Recipe_IngotSAM_C,output,Desc_SAMIngot_C,Reanimated SAM,1.0,1.0,items,30.0,docs_a81d250e96aa
Recipe_Coal_Iron_C,input,Desc_SAMIngot_C,Reanimated SAM,1.0,1.0,items,10.0,docs_a81d250e96aa
Recipe_Coal_Iron_C,input,Desc_OreIron_C,Iron Ore,18.0,18.0,items,180.0,docs_a81d250e96aa
Recipe_Coal_Iron_C,output,Desc_Coal_C,Coal,12.0,12.0,items,120.0,docs_a81d250e96aa
Recipe_Coal_Limestone_C,input,Desc_SAMIngot_C,Reanimated SAM,1.0,1.0,items,10.0,docs_a81d250e96aa
Recipe_Coal_Limestone_C,input,Desc_Stone_C,Limestone,36.0,36.0,items,360.0,docs_a81d250e96aa
Recipe_Coal_Limestone_C,output,Desc_Coal_C,Coal,12.0,12.0,items,120.0,docs_a81d250e96aa
Recipe_Copper_Quartz_C,input,Desc_SAMIngot_C,Reanimated SAM,1.0,1.0,items,10.0,docs_a81d250e96aa
Recipe_Copper_Quartz_C,input,Desc_RawQuartz_C,Raw Quartz,10.0,10.0,items,100.0,docs_a81d250e96aa
Recipe_Copper_Quartz_C,output,Desc_OreCopper_C,Copper Ore,12.0,12.0,items,120.0,docs_a81d250e96aa
Recipe_Iron_Limestone_C,input,Desc_SAMIngot_C,Reanimated SAM,1.0,1.0,items,10.0,docs_a81d250e96aa
Recipe_Iron_Limestone_C,input,Desc_Stone_C,Limestone,24.0,24.0,items,240.0,docs_a81d250e96aa
Recipe_Iron_Limestone_C,output,Desc_OreIron_C,Iron Ore,12.0,12.0,items,120.0,docs_a81d250e96aa
Recipe_Quartz_Coal_C,input,Desc_SAMIngot_C,Reanimated SAM,1.0,1.0,items,10.0,docs_a81d250e96aa
Recipe_Quartz_Coal_C,input,Desc_Coal_C,Coal,24.0,24.0,items,240.0,docs_a81d250e96aa
Recipe_Quartz_Coal_C,output,Desc_RawQuartz_C,Raw Quartz,12.0,12.0,items,120.0,docs_a81d250e96aa
Recipe_FicsiteMesh_C,input,Desc_FicsiteIngot_C,Ficsite Ingot,1.0,1.0,items,10.0,docs_a81d250e96aa
Recipe_FicsiteMesh_C,output,Desc_FicsiteMesh_C,Ficsite Trigon,3.0,3.0,items,30.0,docs_a81d250e96aa
Recipe_FicsiteIngot_Iron_C,input,Desc_SAMIngot_C,Reanimated SAM,4.0,4.0,items,40.0,docs_a81d250e96aa
Recipe_FicsiteIngot_Iron_C,input,Desc_IronIngot_C,Iron Ingot,24.0,24.0,items,240.0,docs_a81d250e96aa
Recipe_FicsiteIngot_Iron_C,output,Desc_FicsiteIngot_C,Ficsite Ingot,1.0,1.0,items,10.0,docs_a81d250e96aa
Recipe_FicsiteIngot_AL_C,input,Desc_SAMIngot_C,Reanimated SAM,2.0,2.0,items,60.0,docs_a81d250e96aa
Recipe_FicsiteIngot_AL_C,input,Desc_AluminumIngot_C,Aluminum Ingot,4.0,4.0,items,120.0,docs_a81d250e96aa
Recipe_FicsiteIngot_AL_C,output,Desc_FicsiteIngot_C,Ficsite Ingot,1.0,1.0,items,30.0,docs_a81d250e96aa
Recipe_FicsiteIngot_CAT_C,input,Desc_SAMIngot_C,Reanimated SAM,3.0,3.0,items,45.0,docs_a81d250e96aa
Recipe_FicsiteIngot_CAT_C,input,Desc_GoldIngot_C,Caterium Ingot,4.0,4.0,items,60.0,docs_a81d250e96aa
Recipe_FicsiteIngot_CAT_C,output,Desc_FicsiteIngot_C,Ficsite Ingot,1.0,1.0,items,15.0,docs_a81d250e96aa
Recipe_SpaceElevatorPart_10_C,input,Desc_SpaceElevatorPart_7_C,Assembly Director System,1.0,1.0,items,0.5,docs_a81d250e96aa
Recipe_SpaceElevatorPart_10_C,input,Desc_FicsiteMesh_C,Ficsite Trigon,80.0,80.0,items,40.0,docs_a81d250e96aa
Recipe_SpaceElevatorPart_10_C,input,Desc_Water_C,Water,20000.0,20.0,m3,10.0,docs_a81d250e96aa
Recipe_SpaceElevatorPart_10_C,output,Desc_SpaceElevatorPart_10_C,Biochemical Sculptor,4.0,4.0,items,2.0,docs_a81d250e96aa
Recipe_Bauxite_Copper_C,input,Desc_SAMIngot_C,Reanimated SAM,1.0,1.0,items,10.0,docs_a81d250e96aa
Recipe_Bauxite_Copper_C,input,Desc_OreCopper_C,Copper Ore,18.0,18.0,items,180.0,docs_a81d250e96aa
Recipe_Bauxite_Copper_C,output,Desc_OreBauxite_C,Bauxite,12.0,12.0,items,120.0,docs_a81d250e96aa
Recipe_Nitrogen_Bauxite_C,input,Desc_SAMIngot_C,Reanimated SAM,1.0,1.0,items,10.0,docs_a81d250e96aa
Recipe_Nitrogen_Bauxite_C,input,Desc_OreBauxite_C,Bauxite,10.0,10.0,items,100.0,docs_a81d250e96aa
Recipe_Nitrogen_Bauxite_C,output,Desc_NitrogenGas_C,Nitrogen Gas,12000.0,12.0,m3,120.0,docs_a81d250e96aa
Recipe_Quartz_Bauxite_C,input,Desc_SAMIngot_C,Reanimated SAM,1.0,1.0,items,10.0,docs_a81d250e96aa
Recipe_Quartz_Bauxite_C,input,Desc_OreBauxite_C,Bauxite,10.0,10.0,items,100.0,docs_a81d250e96aa
Recipe_Quartz_Bauxite_C,output,Desc_RawQuartz_C,Raw Quartz,12.0,12.0,items,120.0,docs_a81d250e96aa
Recipe_Caterium_Copper_C,input,Desc_SAMIngot_C,Reanimated SAM,1.0,1.0,items,10.0,docs_a81d250e96aa
Recipe_Caterium_Copper_C,input,Desc_OreCopper_C,Copper Ore,15.0,15.0,items,150.0,docs_a81d250e96aa
Recipe_Caterium_Copper_C,output,Desc_OreGold_C,Caterium Ore,12.0,12.0,items,120.0,docs_a81d250e96aa
Recipe_Caterium_Quartz_C,input,Desc_SAMIngot_C,Reanimated SAM,1.0,1.0,items,10.0,docs_a81d250e96aa
Recipe_Caterium_Quartz_C,input,Desc_RawQuartz_C,Raw Quartz,12.0,12.0,items,120.0,docs_a81d250e96aa
Recipe_Caterium_Quartz_C,output,Desc_OreGold_C,Caterium Ore,12.0,12.0,items,120.0,docs_a81d250e96aa
Recipe_Nitrogen_Caterium_C,input,Desc_SAMIngot_C,Reanimated SAM,1.0,1.0,items,10.0,docs_a81d250e96aa
Recipe_Nitrogen_Caterium_C,input,Desc_OreGold_C,Caterium Ore,12.0,12.0,items,120.0,docs_a81d250e96aa
Recipe_Nitrogen_Caterium_C,output,Desc_NitrogenGas_C,Nitrogen Gas,12000.0,12.0,m3,120.0,docs_a81d250e96aa
Recipe_Bauxite_Caterium_C,input,Desc_SAMIngot_C,Reanimated SAM,1.0,1.0,items,10.0,docs_a81d250e96aa
Recipe_Bauxite_Caterium_C,input,Desc_OreGold_C,Caterium Ore,15.0,15.0,items,150.0,docs_a81d250e96aa
Recipe_Bauxite_Caterium_C,output,Desc_OreBauxite_C,Bauxite,12.0,12.0,items,120.0,docs_a81d250e96aa
Recipe_Copper_Sulfur_C,input,Desc_SAMIngot_C,Reanimated SAM,1.0,1.0,items,10.0,docs_a81d250e96aa
Recipe_Copper_Sulfur_C,input,Desc_Sulfur_C,Sulfur,12.0,12.0,items,120.0,docs_a81d250e96aa
Recipe_Copper_Sulfur_C,output,Desc_OreCopper_C,Copper Ore,12.0,12.0,items,120.0,docs_a81d250e96aa
Recipe_Limestone_Sulfur_C,input,Desc_SAMIngot_C,Reanimated SAM,1.0,1.0,items,10.0,docs_a81d250e96aa
Recipe_Limestone_Sulfur_C,input,Desc_Sulfur_C,Sulfur,2.0,2.0,items,20.0,docs_a81d250e96aa
Recipe_Limestone_Sulfur_C,output,Desc_Stone_C,Limestone,12.0,12.0,items,120.0,docs_a81d250e96aa
Recipe_Sulfur_Coal_C,input,Desc_SAMIngot_C,Reanimated SAM,1.0,1.0,items,10.0,docs_a81d250e96aa
Recipe_Sulfur_Coal_C,input,Desc_Coal_C,Coal,20.0,20.0,items,200.0,docs_a81d250e96aa
Recipe_Sulfur_Coal_C,output,Desc_Sulfur_C,Sulfur,12.0,12.0,items,120.0,docs_a81d250e96aa
Recipe_Sulfur_Iron_C,input,Desc_SAMIngot_C,Reanimated SAM,1.0,1.0,items,10.0,docs_a81d250e96aa
Recipe_Sulfur_Iron_C,input,Desc_OreIron_C,Iron Ore,30.0,30.0,items,300.0,docs_a81d250e96aa
Recipe_Sulfur_Iron_C,output,Desc_Sulfur_C,Sulfur,12.0,12.0,items,120.0,docs_a81d250e96aa
Recipe_Uranium_Bauxite_C,input,Desc_SAMIngot_C,Reanimated SAM,1.0,1.0,items,10.0,docs_a81d250e96aa
Recipe_Uranium_Bauxite_C,input,Desc_OreBauxite_C,Bauxite,48.0,48.0,items,480.0,docs_a81d250e96aa
Recipe_Uranium_Bauxite_C,output,Desc_OreUranium_C,Uranium,12.0,12.0,items,120.0,docs_a81d250e96aa
Recipe_SyntheticPowerShard_C,input,Desc_TimeCrystal_C,Time Crystal,2.0,2.0,items,10.0,docs_a81d250e96aa
Recipe_SyntheticPowerShard_C,input,Desc_DarkMatter_C,Dark Matter Crystal,2.0,2.0,items,10.0,docs_a81d250e96aa
Recipe_SyntheticPowerShard_C,input,Desc_QuartzCrystal_C,Quartz Crystal,12.0,12.0,items,60.0,docs_a81d250e96aa
Recipe_SyntheticPowerShard_C,input,Desc_QuantumEnergy_C,Excited Photonic Matter,12000.0,12.0,m3,60.0,docs_a81d250e96aa
Recipe_SyntheticPowerShard_C,output,Desc_CrystalShard_C,Power Shard,1.0,1.0,items,5.0,docs_a81d250e96aa
Recipe_SyntheticPowerShard_C,output,Desc_DarkEnergy_C,Dark Matter Residue,12000.0,12.0,m3,60.0,docs_a81d250e96aa
Recipe_DarkEnergy_C,input,Desc_SAMIngot_C,Reanimated SAM,5.0,5.0,items,50.0,docs_a81d250e96aa
Recipe_DarkEnergy_C,output,Desc_DarkEnergy_C,Dark Matter Residue,10000.0,10.0,m3,100.0,docs_a81d250e96aa
Recipe_QuantumEnergy_C,output,Desc_QuantumEnergy_C,Excited Photonic Matter,10000.0,10.0,m3,200.0,docs_a81d250e96aa
Recipe_DarkMatter_C,input,Desc_Diamond_C,Diamonds,1.0,1.0,items,30.0,docs_a81d250e96aa
Recipe_DarkMatter_C,input,Desc_DarkEnergy_C,Dark Matter Residue,5000.0,5.0,m3,150.0,docs_a81d250e96aa
Recipe_DarkMatter_C,output,Desc_DarkMatter_C,Dark Matter Crystal,1.0,1.0,items,30.0,docs_a81d250e96aa
Recipe_SuperpositionOscillator_C,input,Desc_DarkMatter_C,Dark Matter Crystal,6.0,6.0,items,30.0,docs_a81d250e96aa
Recipe_SuperpositionOscillator_C,input,Desc_CrystalOscillator_C,Crystal Oscillator,1.0,1.0,items,5.0,docs_a81d250e96aa
Recipe_SuperpositionOscillator_C,input,Desc_AluminumPlate_C,Alclad Aluminum Sheet,9.0,9.0,items,45.0,docs_a81d250e96aa
Recipe_SuperpositionOscillator_C,input,Desc_QuantumEnergy_C,Excited Photonic Matter,25000.0,25.0,m3,125.0,docs_a81d250e96aa
Recipe_SuperpositionOscillator_C,output,Desc_QuantumOscillator_C,Superposition Oscillator,1.0,1.0,items,5.0,docs_a81d250e96aa
Recipe_SuperpositionOscillator_C,output,Desc_DarkEnergy_C,Dark Matter Residue,25000.0,25.0,m3,125.0,docs_a81d250e96aa
Recipe_TemporalProcessor_C,input,Desc_TimeCrystal_C,Time Crystal,5.0,5.0,items,15.0,docs_a81d250e96aa
Recipe_TemporalProcessor_C,input,Desc_ComputerSuper_C,Supercomputer,1.0,1.0,items,3.0,docs_a81d250e96aa
Recipe_TemporalProcessor_C,input,Desc_FicsiteMesh_C,Ficsite Trigon,15.0,15.0,items,45.0,docs_a81d250e96aa
Recipe_TemporalProcessor_C,input,Desc_QuantumEnergy_C,Excited Photonic Matter,25000.0,25.0,m3,75.0,docs_a81d250e96aa
Recipe_TemporalProcessor_C,output,Desc_TemporalProcessor_C,Neural-Quantum Processor,1.0,1.0,items,3.0,docs_a81d250e96aa
Recipe_TemporalProcessor_C,output,Desc_DarkEnergy_C,Dark Matter Residue,25000.0,25.0,m3,75.0,docs_a81d250e96aa
Recipe_SpaceElevatorPart_12_C,input,Desc_SpaceElevatorPart_6_C,Magnetic Field Generator,1.0,1.0,items,4.0,docs_a81d250e96aa
Recipe_SpaceElevatorPart_12_C,input,Desc_TemporalProcessor_C,Neural-Quantum Processor,1.0,1.0,items,4.0,docs_a81d250e96aa
Recipe_SpaceElevatorPart_12_C,input,Desc_QuantumOscillator_C,Superposition Oscillator,1.0,1.0,items,4.0,docs_a81d250e96aa
Recipe_SpaceElevatorPart_12_C,input,Desc_QuantumEnergy_C,Excited Photonic Matter,25000.0,25.0,m3,100.0,docs_a81d250e96aa
Recipe_SpaceElevatorPart_12_C,output,Desc_SpaceElevatorPart_12_C,AI Expansion Server,1.0,1.0,items,4.0,docs_a81d250e96aa
Recipe_SpaceElevatorPart_12_C,output,Desc_DarkEnergy_C,Dark Matter Residue,25000.0,25.0,m3,100.0,docs_a81d250e96aa
Recipe_PackagedRocketFuel_C,input,Desc_RocketFuel_C,Rocket Fuel,2000.0,2.0,m3,120.0,docs_a81d250e96aa
Recipe_PackagedRocketFuel_C,input,Desc_GasTank_C,Empty Fluid Tank,1.0,1.0,items,60.0,docs_a81d250e96aa
Recipe_PackagedRocketFuel_C,output,Desc_PackagedRocketFuel_C,Packaged Rocket Fuel,1.0,1.0,items,60.0,docs_a81d250e96aa
Recipe_UnpackageRocketFuel_C,input,Desc_PackagedRocketFuel_C,Packaged Rocket Fuel,1.0,1.0,items,60.0,docs_a81d250e96aa
Recipe_UnpackageRocketFuel_C,output,Desc_RocketFuel_C,Rocket Fuel,2000.0,2.0,m3,120.0,docs_a81d250e96aa
Recipe_UnpackageRocketFuel_C,output,Desc_GasTank_C,Empty Fluid Tank,1.0,1.0,items,60.0,docs_a81d250e96aa
Recipe_RocketFuel_C,input,Desc_LiquidTurboFuel_C,Turbofuel,6000.0,6.0,m3,60.0,docs_a81d250e96aa
Recipe_RocketFuel_C,input,Desc_NitricAcid_C,Nitric Acid,1000.0,1.0,m3,10.0,docs_a81d250e96aa
Recipe_RocketFuel_C,output,Desc_RocketFuel_C,Rocket Fuel,10000.0,10.0,m3,100.0,docs_a81d250e96aa
Recipe_RocketFuel_C,output,Desc_CompactedCoal_C,Compacted Coal,1.0,1.0,items,10.0,docs_a81d250e96aa
Recipe_IonizedFuel_C,input,Desc_RocketFuel_C,Rocket Fuel,16000.0,16.0,m3,40.0,docs_a81d250e96aa
Recipe_IonizedFuel_C,input,Desc_CrystalShard_C,Power Shard,1.0,1.0,items,2.5,docs_a81d250e96aa
Recipe_IonizedFuel_C,output,Desc_IonizedFuel_C,Ionized Fuel,16000.0,16.0,m3,40.0,docs_a81d250e96aa
Recipe_IonizedFuel_C,output,Desc_CompactedCoal_C,Compacted Coal,2.0,2.0,items,5.0,docs_a81d250e96aa
Recipe_PackagedIonizedFuel_C,input,Desc_IonizedFuel_C,Ionized Fuel,4000.0,4.0,m3,80.0,docs_a81d250e96aa
Recipe_PackagedIonizedFuel_C,input,Desc_GasTank_C,Empty Fluid Tank,2.0,2.0,items,40.0,docs_a81d250e96aa
Recipe_PackagedIonizedFuel_C,output,Desc_PackagedIonizedFuel_C,Packaged Ionized Fuel,2.0,2.0,items,40.0,docs_a81d250e96aa
Recipe_UnpackageIonizedFuel_C,input,Desc_PackagedIonizedFuel_C,Packaged Ionized Fuel,2.0,2.0,items,40.0,docs_a81d250e96aa
Recipe_UnpackageIonizedFuel_C,output,Desc_IonizedFuel_C,Ionized Fuel,4000.0,4.0,m3,80.0,docs_a81d250e96aa
Recipe_UnpackageIonizedFuel_C,output,Desc_GasTank_C,Empty Fluid Tank,2.0,2.0,items,40.0,docs_a81d250e96aa
Recipe_HeatSink_C,input,Desc_AluminumPlate_C,Alclad Aluminum Sheet,5.0,5.0,items,37.5,docs_a81d250e96aa
Recipe_HeatSink_C,input,Desc_CopperSheet_C,Copper Sheet,3.0,3.0,items,22.5,docs_a81d250e96aa
Recipe_HeatSink_C,output,Desc_AluminumPlateReinforced_C,Heat Sink,1.0,1.0,items,7.5,docs_a81d250e96aa
Recipe_CoolingSystem_C,input,Desc_AluminumPlateReinforced_C,Heat Sink,2.0,2.0,items,12.0,docs_a81d250e96aa
Recipe_CoolingSystem_C,input,Desc_Rubber_C,Rubber,2.0,2.0,items,12.0,docs_a81d250e96aa
Recipe_CoolingSystem_C,input,Desc_Water_C,Water,5000.0,5.0,m3,30.0,docs_a81d250e96aa
Recipe_CoolingSystem_C,input,Desc_NitrogenGas_C,Nitrogen Gas,25000.0,25.0,m3,150.0,docs_a81d250e96aa
Recipe_CoolingSystem_C,output,Desc_CoolingSystem_C,Cooling System,1.0,1.0,items,6.0,docs_a81d250e96aa
Recipe_FusedModularFrame_C,input,Desc_ModularFrameHeavy_C,Heavy Modular Frame,1.0,1.0,items,1.5,docs_a81d250e96aa
Recipe_FusedModularFrame_C,input,Desc_AluminumCasing_C,Aluminum Casing,50.0,50.0,items,75.0,docs_a81d250e96aa
Recipe_FusedModularFrame_C,input,Desc_NitrogenGas_C,Nitrogen Gas,25000.0,25.0,m3,37.5,docs_a81d250e96aa
Recipe_FusedModularFrame_C,output,Desc_ModularFrameFused_C,Fused Modular Frame,1.0,1.0,items,1.5,docs_a81d250e96aa
Recipe_GasTank_C,input,Desc_AluminumIngot_C,Aluminum Ingot,1.0,1.0,items,60.0,docs_a81d250e96aa
Recipe_GasTank_C,output,Desc_GasTank_C,Empty Fluid Tank,1.0,1.0,items,60.0,docs_a81d250e96aa
Recipe_PackagedNitrogen_C,input,Desc_NitrogenGas_C,Nitrogen Gas,4000.0,4.0,m3,240.0,docs_a81d250e96aa
Recipe_PackagedNitrogen_C,input,Desc_GasTank_C,Empty Fluid Tank,1.0,1.0,items,60.0,docs_a81d250e96aa
Recipe_PackagedNitrogen_C,output,Desc_PackagedNitrogenGas_C,Packaged Nitrogen Gas,1.0,1.0,items,60.0,docs_a81d250e96aa
Recipe_UnpackageNitrogen_C,input,Desc_PackagedNitrogenGas_C,Packaged Nitrogen Gas,1.0,1.0,items,60.0,docs_a81d250e96aa
Recipe_UnpackageNitrogen_C,output,Desc_NitrogenGas_C,Nitrogen Gas,4000.0,4.0,m3,240.0,docs_a81d250e96aa
Recipe_UnpackageNitrogen_C,output,Desc_GasTank_C,Empty Fluid Tank,1.0,1.0,items,60.0,docs_a81d250e96aa
Recipe_ElectromagneticControlRod_C,input,Desc_Stator_C,Stator,3.0,3.0,items,6.0,docs_a81d250e96aa
Recipe_ElectromagneticControlRod_C,input,Desc_CircuitBoardHighSpeed_C,AI Limiter,2.0,2.0,items,4.0,docs_a81d250e96aa
Recipe_ElectromagneticControlRod_C,output,Desc_ElectromagneticControlRod_C,Electromagnetic Control Rod,2.0,2.0,items,4.0,docs_a81d250e96aa
Recipe_SpaceElevatorPart_6_C,input,Desc_SpaceElevatorPart_2_C,Versatile Framework,5.0,5.0,items,2.5,docs_a81d250e96aa
Recipe_SpaceElevatorPart_6_C,input,Desc_ElectromagneticControlRod_C,Electromagnetic Control Rod,2.0,2.0,items,1.0,docs_a81d250e96aa
Recipe_SpaceElevatorPart_6_C,output,Desc_SpaceElevatorPart_6_C,Magnetic Field Generator,2.0,2.0,items,1.0,docs_a81d250e96aa
Recipe_UraniumCell_C,input,Desc_OreUranium_C,Uranium,10.0,10.0,items,50.0,docs_a81d250e96aa
Recipe_UraniumCell_C,input,Desc_Cement_C,Concrete,3.0,3.0,items,15.0,docs_a81d250e96aa
Recipe_UraniumCell_C,input,Desc_SulfuricAcid_C,Sulfuric Acid,8000.0,8.0,m3,40.0,docs_a81d250e96aa
Recipe_UraniumCell_C,output,Desc_UraniumCell_C,Encased Uranium Cell,5.0,5.0,items,25.0,docs_a81d250e96aa
Recipe_UraniumCell_C,output,Desc_SulfuricAcid_C,Sulfuric Acid,2000.0,2.0,m3,10.0,docs_a81d250e96aa
Recipe_NuclearFuelRod_C,input,Desc_UraniumCell_C,Encased Uranium Cell,50.0,50.0,items,20.0,docs_a81d250e96aa
Recipe_NuclearFuelRod_C,input,Desc_SteelPlateReinforced_C,Encased Industrial Beam,3.0,3.0,items,1.2,docs_a81d250e96aa
Recipe_NuclearFuelRod_C,input,Desc_ElectromagneticControlRod_C,Electromagnetic Control Rod,5.0,5.0,items,2.0,docs_a81d250e96aa
Recipe_NuclearFuelRod_C,output,Desc_NuclearFuelRod_C,Uranium Fuel Rod,1.0,1.0,items,0.4,docs_a81d250e96aa
Recipe_MotorTurbo_C,input,Desc_CoolingSystem_C,Cooling System,4.0,4.0,items,7.5,docs_a81d250e96aa
Recipe_MotorTurbo_C,input,Desc_ModularFrameLightweight_C,Radio Control Unit,2.0,2.0,items,3.75,docs_a81d250e96aa
Recipe_MotorTurbo_C,input,Desc_Motor_C,Motor,4.0,4.0,items,7.5,docs_a81d250e96aa
Recipe_MotorTurbo_C,input,Desc_Rubber_C,Rubber,24.0,24.0,items,45.0,docs_a81d250e96aa
Recipe_MotorTurbo_C,output,Desc_MotorLightweight_C,Turbo Motor,1.0,1.0,items,1.875,docs_a81d250e96aa
Recipe_SpaceElevatorPart_8_C,input,Desc_SpaceElevatorPart_4_C,Modular Engine,5.0,5.0,items,2.5,docs_a81d250e96aa
Recipe_SpaceElevatorPart_8_C,input,Desc_MotorLightweight_C,Turbo Motor,2.0,2.0,items,1.0,docs_a81d250e96aa
Recipe_SpaceElevatorPart_8_C,input,Desc_CoolingSystem_C,Cooling System,6.0,6.0,items,3.0,docs_a81d250e96aa
Recipe_SpaceElevatorPart_8_C,input,Desc_ModularFrameFused_C,Fused Modular Frame,2.0,2.0,items,1.0,docs_a81d250e96aa
Recipe_SpaceElevatorPart_8_C,output,Desc_SpaceElevatorPart_8_C,Thermal Propulsion Rocket,2.0,2.0,items,1.0,docs_a81d250e96aa
Recipe_ComputerSuper_C,input,Desc_Computer_C,Computer,4.0,4.0,items,7.5,docs_a81d250e96aa
Recipe_ComputerSuper_C,input,Desc_CircuitBoardHighSpeed_C,AI Limiter,2.0,2.0,items,3.75,docs_a81d250e96aa
Recipe_ComputerSuper_C,input,Desc_HighSpeedConnector_C,High-Speed Connector,3.0,3.0,items,5.625,docs_a81d250e96aa
Recipe_ComputerSuper_C,input,Desc_Plastic_C,Plastic,28.0,28.0,items,52.5,docs_a81d250e96aa
Recipe_ComputerSuper_C,output,Desc_ComputerSuper_C,Supercomputer,1.0,1.0,items,1.875,docs_a81d250e96aa
Recipe_AluminumCasing_C,input,Desc_AluminumIngot_C,Aluminum Ingot,3.0,3.0,items,90.0,docs_a81d250e96aa
Recipe_AluminumCasing_C,output,Desc_AluminumCasing_C,Aluminum Casing,2.0,2.0,items,60.0,docs_a81d250e96aa
Recipe_AluminumSheet_C,input,Desc_AluminumIngot_C,Aluminum Ingot,3.0,3.0,items,30.0,docs_a81d250e96aa
Recipe_AluminumSheet_C,input,Desc_CopperIngot_C,Copper Ingot,1.0,1.0,items,10.0,docs_a81d250e96aa
Recipe_AluminumSheet_C,output,Desc_AluminumPlate_C,Alclad Aluminum Sheet,3.0,3.0,items,30.0,docs_a81d250e96aa
Recipe_IngotAluminum_C,input,Desc_AluminumScrap_C,Aluminum Scrap,6.0,6.0,items,90.0,docs_a81d250e96aa
Recipe_IngotAluminum_C,input,Desc_Silica_C,Silica,5.0,5.0,items,75.0,docs_a81d250e96aa
Recipe_IngotAluminum_C,output,Desc_AluminumIngot_C,Aluminum Ingot,4.0,4.0,items,60.0,docs_a81d250e96aa
Recipe_AluminaSolution_C,input,Desc_OreBauxite_C,Bauxite,12.0,12.0,items,120.0,docs_a81d250e96aa
Recipe_AluminaSolution_C,input,Desc_Water_C,Water,18000.0,18.0,m3,180.0,docs_a81d250e96aa
Recipe_AluminaSolution_C,output,Desc_AluminaSolution_C,Alumina Solution,12000.0,12.0,m3,120.0,docs_a81d250e96aa
Recipe_AluminaSolution_C,output,Desc_Silica_C,Silica,5.0,5.0,items,50.0,docs_a81d250e96aa
Recipe_AluminumScrap_C,input,Desc_AluminaSolution_C,Alumina Solution,4000.0,4.0,m3,240.0,docs_a81d250e96aa
Recipe_AluminumScrap_C,input,Desc_Coal_C,Coal,2.0,2.0,items,120.0,docs_a81d250e96aa
Recipe_AluminumScrap_C,output,Desc_AluminumScrap_C,Aluminum Scrap,6.0,6.0,items,360.0,docs_a81d250e96aa
Recipe_AluminumScrap_C,output,Desc_Water_C,Water,2000.0,2.0,m3,120.0,docs_a81d250e96aa
Recipe_PackagedAlumina_C,input,Desc_AluminaSolution_C,Alumina Solution,2000.0,2.0,m3,120.0,docs_a81d250e96aa
Recipe_PackagedAlumina_C,input,Desc_FluidCanister_C,Empty Canister,2.0,2.0,items,120.0,docs_a81d250e96aa
Recipe_PackagedAlumina_C,output,Desc_PackagedAlumina_C,Packaged Alumina Solution,2.0,2.0,items,120.0,docs_a81d250e96aa
Recipe_UnpackageAlumina_C,input,Desc_PackagedAlumina_C,Packaged Alumina Solution,2.0,2.0,items,120.0,docs_a81d250e96aa
Recipe_UnpackageAlumina_C,output,Desc_AluminaSolution_C,Alumina Solution,2000.0,2.0,m3,120.0,docs_a81d250e96aa
Recipe_UnpackageAlumina_C,output,Desc_FluidCanister_C,Empty Canister,2.0,2.0,items,120.0,docs_a81d250e96aa
Recipe_RadioControlUnit_C,input,Desc_AluminumCasing_C,Aluminum Casing,32.0,32.0,items,40.0,docs_a81d250e96aa
Recipe_RadioControlUnit_C,input,Desc_CrystalOscillator_C,Crystal Oscillator,1.0,1.0,items,1.25,docs_a81d250e96aa
Recipe_RadioControlUnit_C,input,Desc_Computer_C,Computer,2.0,2.0,items,2.5,docs_a81d250e96aa
Recipe_RadioControlUnit_C,output,Desc_ModularFrameLightweight_C,Radio Control Unit,2.0,2.0,items,2.5,docs_a81d250e96aa
Recipe_FluidCanister_C,input,Desc_Plastic_C,Plastic,2.0,2.0,items,30.0,docs_a81d250e96aa
Recipe_FluidCanister_C,output,Desc_FluidCanister_C,Empty Canister,4.0,4.0,items,60.0,docs_a81d250e96aa
Recipe_Fuel_C,input,Desc_LiquidFuel_C,Fuel,2000.0,2.0,m3,40.0,docs_a81d250e96aa
Recipe_Fuel_C,input,Desc_FluidCanister_C,Empty Canister,2.0,2.0,items,40.0,docs_a81d250e96aa
Recipe_Fuel_C,output,Desc_Fuel_C,Packaged Fuel,2.0,2.0,items,40.0,docs_a81d250e96aa
Recipe_Alternate_Turbofuel_C,input,Desc_LiquidFuel_C,Fuel,6000.0,6.0,m3,22.5,docs_a81d250e96aa
Recipe_Alternate_Turbofuel_C,input,Desc_CompactedCoal_C,Compacted Coal,4.0,4.0,items,15.0,docs_a81d250e96aa
Recipe_Alternate_Turbofuel_C,output,Desc_LiquidTurboFuel_C,Turbofuel,5000.0,5.0,m3,18.75,docs_a81d250e96aa
Recipe_PackagedTurboFuel_C,input,Desc_LiquidTurboFuel_C,Turbofuel,2000.0,2.0,m3,20.0,docs_a81d250e96aa
Recipe_PackagedTurboFuel_C,input,Desc_FluidCanister_C,Empty Canister,2.0,2.0,items,20.0,docs_a81d250e96aa
Recipe_PackagedTurboFuel_C,output,Desc_TurboFuel_C,Packaged Turbofuel,2.0,2.0,items,20.0,docs_a81d250e96aa
Recipe_UnpackageFuel_C,input,Desc_Fuel_C,Packaged Fuel,2.0,2.0,items,60.0,docs_a81d250e96aa
Recipe_UnpackageFuel_C,output,Desc_LiquidFuel_C,Fuel,2000.0,2.0,m3,60.0,docs_a81d250e96aa
Recipe_UnpackageFuel_C,output,Desc_FluidCanister_C,Empty Canister,2.0,2.0,items,60.0,docs_a81d250e96aa
Recipe_UnpackageTurboFuel_C,input,Desc_TurboFuel_C,Packaged Turbofuel,2.0,2.0,items,20.0,docs_a81d250e96aa
Recipe_UnpackageTurboFuel_C,output,Desc_LiquidTurboFuel_C,Turbofuel,2000.0,2.0,m3,20.0,docs_a81d250e96aa
Recipe_UnpackageTurboFuel_C,output,Desc_FluidCanister_C,Empty Canister,2.0,2.0,items,20.0,docs_a81d250e96aa
Recipe_LiquidBiofuel_C,input,Desc_Biofuel_C,Solid Biofuel,6.0,6.0,items,90.0,docs_a81d250e96aa
Recipe_LiquidBiofuel_C,input,Desc_Water_C,Water,3000.0,3.0,m3,45.0,docs_a81d250e96aa
Recipe_LiquidBiofuel_C,output,Desc_LiquidBiofuel_C,Liquid Biofuel,4000.0,4.0,m3,60.0,docs_a81d250e96aa
Recipe_PackagedBiofuel_C,input,Desc_LiquidBiofuel_C,Liquid Biofuel,2000.0,2.0,m3,40.0,docs_a81d250e96aa
Recipe_PackagedBiofuel_C,input,Desc_FluidCanister_C,Empty Canister,2.0,2.0,items,40.0,docs_a81d250e96aa
Recipe_PackagedBiofuel_C,output,Desc_PackagedBiofuel_C,Packaged Liquid Biofuel,2.0,2.0,items,40.0,docs_a81d250e96aa
Recipe_UnpackageBioFuel_C,input,Desc_PackagedBiofuel_C,Packaged Liquid Biofuel,2.0,2.0,items,60.0,docs_a81d250e96aa
Recipe_UnpackageBioFuel_C,output,Desc_LiquidBiofuel_C,Liquid Biofuel,2000.0,2.0,m3,60.0,docs_a81d250e96aa
Recipe_UnpackageBioFuel_C,output,Desc_FluidCanister_C,Empty Canister,2.0,2.0,items,60.0,docs_a81d250e96aa
Recipe_PackagedCrudeOil_C,input,Desc_LiquidOil_C,Crude Oil,2000.0,2.0,m3,30.0,docs_a81d250e96aa
Recipe_PackagedCrudeOil_C,input,Desc_FluidCanister_C,Empty Canister,2.0,2.0,items,30.0,docs_a81d250e96aa
Recipe_PackagedCrudeOil_C,output,Desc_PackagedOil_C,Packaged Oil,2.0,2.0,items,30.0,docs_a81d250e96aa
Recipe_UnpackageOil_C,input,Desc_PackagedOil_C,Packaged Oil,2.0,2.0,items,60.0,docs_a81d250e96aa
Recipe_UnpackageOil_C,output,Desc_LiquidOil_C,Crude Oil,2000.0,2.0,m3,60.0,docs_a81d250e96aa
Recipe_UnpackageOil_C,output,Desc_FluidCanister_C,Empty Canister,2.0,2.0,items,60.0,docs_a81d250e96aa
Recipe_PackagedOilResidue_C,input,Desc_HeavyOilResidue_C,Heavy Oil Residue,2000.0,2.0,m3,30.0,docs_a81d250e96aa
Recipe_PackagedOilResidue_C,input,Desc_FluidCanister_C,Empty Canister,2.0,2.0,items,30.0,docs_a81d250e96aa
Recipe_PackagedOilResidue_C,output,Desc_PackagedOilResidue_C,Packaged Heavy Oil Residue,2.0,2.0,items,30.0,docs_a81d250e96aa
Recipe_UnpackageOilResidue_C,input,Desc_PackagedOilResidue_C,Packaged Heavy Oil Residue,2.0,2.0,items,20.0,docs_a81d250e96aa
Recipe_UnpackageOilResidue_C,output,Desc_HeavyOilResidue_C,Heavy Oil Residue,2000.0,2.0,m3,20.0,docs_a81d250e96aa
Recipe_UnpackageOilResidue_C,output,Desc_FluidCanister_C,Empty Canister,2.0,2.0,items,20.0,docs_a81d250e96aa
Recipe_PackagedWater_C,input,Desc_Water_C,Water,2000.0,2.0,m3,60.0,docs_a81d250e96aa
Recipe_PackagedWater_C,input,Desc_FluidCanister_C,Empty Canister,2.0,2.0,items,60.0,docs_a81d250e96aa
Recipe_PackagedWater_C,output,Desc_PackagedWater_C,Packaged Water,2.0,2.0,items,60.0,docs_a81d250e96aa
Recipe_UnpackageWater_C,input,Desc_PackagedWater_C,Packaged Water,2.0,2.0,items,120.0,docs_a81d250e96aa
Recipe_UnpackageWater_C,output,Desc_Water_C,Water,2000.0,2.0,m3,120.0,docs_a81d250e96aa
Recipe_UnpackageWater_C,output,Desc_FluidCanister_C,Empty Canister,2.0,2.0,items,120.0,docs_a81d250e96aa
Recipe_Alternate_Coal_1_C,input,Desc_Wood_C,Wood,1.0,1.0,items,15.0,docs_a81d250e96aa
Recipe_Alternate_Coal_1_C,output,Desc_Coal_C,Coal,10.0,10.0,items,150.0,docs_a81d250e96aa
Recipe_Alternate_Coal_2_C,input,Desc_GenericBiomass_C,Biomass,5.0,5.0,items,37.5,docs_a81d250e96aa
Recipe_Alternate_Coal_2_C,output,Desc_Coal_C,Coal,6.0,6.0,items,45.0,docs_a81d250e96aa
Recipe_Alternate_EnrichedCoal_C,input,Desc_Coal_C,Coal,5.0,5.0,items,25.0,docs_a81d250e96aa
Recipe_Alternate_EnrichedCoal_C,input,Desc_Sulfur_C,Sulfur,5.0,5.0,items,25.0,docs_a81d250e96aa
Recipe_Alternate_EnrichedCoal_C,output,Desc_CompactedCoal_C,Compacted Coal,5.0,5.0,items,25.0,docs_a81d250e96aa
Recipe_Computer_C,input,Desc_CircuitBoard_C,Circuit Board,4.0,4.0,items,10.0,docs_a81d250e96aa
Recipe_Computer_C,input,Desc_Cable_C,Cable,8.0,8.0,items,20.0,docs_a81d250e96aa
Recipe_Computer_C,input,Desc_Plastic_C,Plastic,16.0,16.0,items,40.0,docs_a81d250e96aa
Recipe_Computer_C,output,Desc_Computer_C,Computer,1.0,1.0,items,2.5,docs_a81d250e96aa
Recipe_ModularFrameHeavy_C,input,Desc_ModularFrame_C,Modular Frame,5.0,5.0,items,10.0,docs_a81d250e96aa
Recipe_ModularFrameHeavy_C,input,Desc_SteelPipe_C,Steel Pipe,20.0,20.0,items,40.0,docs_a81d250e96aa
Recipe_ModularFrameHeavy_C,input,Desc_SteelPlateReinforced_C,Encased Industrial Beam,5.0,5.0,items,10.0,docs_a81d250e96aa
Recipe_ModularFrameHeavy_C,input,Desc_IronScrew_C,Screws,120.0,120.0,items,240.0,docs_a81d250e96aa
Recipe_ModularFrameHeavy_C,output,Desc_ModularFrameHeavy_C,Heavy Modular Frame,1.0,1.0,items,2.0,docs_a81d250e96aa
Recipe_SpaceElevatorPart_4_C,input,Desc_Motor_C,Motor,2.0,2.0,items,2.0,docs_a81d250e96aa
Recipe_SpaceElevatorPart_4_C,input,Desc_Rubber_C,Rubber,15.0,15.0,items,15.0,docs_a81d250e96aa
Recipe_SpaceElevatorPart_4_C,input,Desc_SpaceElevatorPart_1_C,Smart Plating,2.0,2.0,items,2.0,docs_a81d250e96aa
Recipe_SpaceElevatorPart_4_C,output,Desc_SpaceElevatorPart_4_C,Modular Engine,1.0,1.0,items,1.0,docs_a81d250e96aa
Recipe_SpaceElevatorPart_5_C,input,Desc_SpaceElevatorPart_3_C,Automated Wiring,5.0,5.0,items,5.0,docs_a81d250e96aa
Recipe_SpaceElevatorPart_5_C,input,Desc_CircuitBoard_C,Circuit Board,5.0,5.0,items,5.0,docs_a81d250e96aa
Recipe_SpaceElevatorPart_5_C,input,Desc_ModularFrameHeavy_C,Heavy Modular Frame,1.0,1.0,items,1.0,docs_a81d250e96aa
Recipe_SpaceElevatorPart_5_C,input,Desc_Computer_C,Computer,2.0,2.0,items,2.0,docs_a81d250e96aa
Recipe_SpaceElevatorPart_5_C,output,Desc_SpaceElevatorPart_5_C,Adaptive Control Unit,1.0,1.0,items,1.0,docs_a81d250e96aa
Recipe_GunpowderMK2_C,input,Desc_Gunpowder_C,Black Powder,2.0,2.0,items,20.0,docs_a81d250e96aa
Recipe_GunpowderMK2_C,input,Desc_HeavyOilResidue_C,Heavy Oil Residue,1000.0,1.0,m3,10.0,docs_a81d250e96aa
Recipe_GunpowderMK2_C,output,Desc_GunpowderMK2_C,Smokeless Powder,2.0,2.0,items,20.0,docs_a81d250e96aa
Recipe_HighSpeedConnector_C,input,Desc_HighSpeedWire_C,Quickwire,56.0,56.0,items,210.0,docs_a81d250e96aa
Recipe_HighSpeedConnector_C,input,Desc_Cable_C,Cable,10.0,10.0,items,37.5,docs_a81d250e96aa
Recipe_HighSpeedConnector_C,input,Desc_CircuitBoard_C,Circuit Board,1.0,1.0,items,3.75,docs_a81d250e96aa
Recipe_HighSpeedConnector_C,output,Desc_HighSpeedConnector_C,High-Speed Connector,1.0,1.0,items,3.75,docs_a81d250e96aa
Recipe_Gunpowder_C,input,Desc_Coal_C,Coal,1.0,1.0,items,15.0,docs_a81d250e96aa
Recipe_Gunpowder_C,input,Desc_Sulfur_C,Sulfur,1.0,1.0,items,15.0,docs_a81d250e96aa
Recipe_Gunpowder_C,output,Desc_Gunpowder_C,Black Powder,2.0,2.0,items,30.0,docs_a81d250e96aa
Recipe_ModularFrame_C,input,Desc_IronPlateReinforced_C,Reinforced Iron Plate,3.0,3.0,items,3.0,docs_a81d250e96aa
Recipe_ModularFrame_C,input,Desc_IronRod_C,Iron Rod,12.0,12.0,items,12.0,docs_a81d250e96aa
Recipe_ModularFrame_C,output,Desc_ModularFrame_C,Modular Frame,2.0,2.0,items,2.0,docs_a81d250e96aa
Recipe_Rotor_C,input,Desc_IronRod_C,Iron Rod,5.0,5.0,items,20.0,docs_a81d250e96aa
Recipe_Rotor_C,input,Desc_IronScrew_C,Screws,25.0,25.0,items,100.0,docs_a81d250e96aa
Recipe_Rotor_C,output,Desc_Rotor_C,Rotor,1.0,1.0,items,4.0,docs_a81d250e96aa
Recipe_CopperSheet_C,input,Desc_CopperIngot_C,Copper Ingot,2.0,2.0,items,20.0,docs_a81d250e96aa
Recipe_CopperSheet_C,output,Desc_CopperSheet_C,Copper Sheet,1.0,1.0,items,10.0,docs_a81d250e96aa
Recipe_SpaceElevatorPart_1_C,input,Desc_IronPlateReinforced_C,Reinforced Iron Plate,1.0,1.0,items,2.0,docs_a81d250e96aa
Recipe_SpaceElevatorPart_1_C,input,Desc_Rotor_C,Rotor,1.0,1.0,items,2.0,docs_a81d250e96aa
Recipe_SpaceElevatorPart_1_C,output,Desc_SpaceElevatorPart_1_C,Smart Plating,1.0,1.0,items,2.0,docs_a81d250e96aa
Recipe_Fabric_C,input,Desc_Mycelia_C,Mycelia,1.0,1.0,items,15.0,docs_a81d250e96aa
Recipe_Fabric_C,input,Desc_GenericBiomass_C,Biomass,5.0,5.0,items,75.0,docs_a81d250e96aa
Recipe_Fabric_C,output,Desc_Fabric_C,Fabric,1.0,1.0,items,15.0,docs_a81d250e96aa
Recipe_Biofuel_C,input,Desc_GenericBiomass_C,Biomass,8.0,8.0,items,120.0,docs_a81d250e96aa
Recipe_Biofuel_C,output,Desc_Biofuel_C,Solid Biofuel,4.0,4.0,items,60.0,docs_a81d250e96aa
Recipe_AILimiter_C,input,Desc_CopperSheet_C,Copper Sheet,5.0,5.0,items,25.0,docs_a81d250e96aa
Recipe_AILimiter_C,input,Desc_HighSpeedWire_C,Quickwire,20.0,20.0,items,100.0,docs_a81d250e96aa
Recipe_AILimiter_C,output,Desc_CircuitBoardHighSpeed_C,AI Limiter,1.0,1.0,items,5.0,docs_a81d250e96aa
Recipe_CartridgeChaos_C,input,Desc_CartridgeStandard_C,,25.0,25.0,items,125.0,docs_a81d250e96aa
Recipe_CartridgeChaos_C,input,Desc_AluminumCasing_C,Aluminum Casing,3.0,3.0,items,15.0,docs_a81d250e96aa
Recipe_CartridgeChaos_C,input,Desc_LiquidTurboFuel_C,Turbofuel,3000.0,3.0,m3,15.0,docs_a81d250e96aa
Recipe_CartridgeChaos_C,output,Desc_CartridgeChaos_C,,50.0,50.0,items,250.0,docs_a81d250e96aa
Recipe_CartridgeChaos_Packaged_C,input,Desc_CartridgeStandard_C,,25.0,25.0,items,125.0,docs_a81d250e96aa
Recipe_CartridgeChaos_Packaged_C,input,Desc_AluminumCasing_C,Aluminum Casing,3.0,3.0,items,15.0,docs_a81d250e96aa
Recipe_CartridgeChaos_Packaged_C,input,Desc_TurboFuel_C,Packaged Turbofuel,3.0,3.0,items,15.0,docs_a81d250e96aa
Recipe_CartridgeChaos_Packaged_C,output,Desc_CartridgeChaos_C,,50.0,50.0,items,250.0,docs_a81d250e96aa
Recipe_CartridgeSmart_C,input,Desc_CartridgeStandard_C,,20.0,20.0,items,50.0,docs_a81d250e96aa
Recipe_CartridgeSmart_C,input,Desc_HighSpeedConnector_C,High-Speed Connector,1.0,1.0,items,2.5,docs_a81d250e96aa
Recipe_CartridgeSmart_C,output,Desc_CartridgeSmartProjectile_C,,10.0,10.0,items,25.0,docs_a81d250e96aa
Recipe_Rebar_Stunshot_C,input,Desc_SpikedRebar_C,,1.0,1.0,items,10.0,docs_a81d250e96aa
Recipe_Rebar_Stunshot_C,input,Desc_HighSpeedWire_C,Quickwire,5.0,5.0,items,50.0,docs_a81d250e96aa
Recipe_Rebar_Stunshot_C,output,Desc_Rebar_Stunshot_C,,1.0,1.0,items,10.0,docs_a81d250e96aa
Recipe_Rebar_Spreadshot_C,input,Desc_SpikedRebar_C,,2.0,2.0,items,10.0,docs_a81d250e96aa
Recipe_Rebar_Spreadshot_C,input,Desc_QuartzCrystal_C,Quartz Crystal,3.0,3.0,items,15.0,docs_a81d250e96aa
Recipe_Rebar_Spreadshot_C,output,Desc_Rebar_Spreadshot_C,,1.0,1.0,items,5.0,docs_a81d250e96aa
Recipe_Rebar_Explosive_C,input,Desc_SpikedRebar_C,,2.0,2.0,items,10.0,docs_a81d250e96aa
Recipe_Rebar_Explosive_C,input,Desc_GunpowderMK2_C,Smokeless Powder,2.0,2.0,items,10.0,docs_a81d250e96aa
Recipe_Rebar_Explosive_C,input,Desc_SteelPipe_C,Steel Pipe,2.0,2.0,items,10.0,docs_a81d250e96aa
Recipe_Rebar_Explosive_C,output,Desc_Rebar_Explosive_C,,1.0,1.0,items,5.0,docs_a81d250e96aa
Recipe_FilterHazmat_C,input,Desc_Filter_C,Gas Filter,1.0,1.0,items,3.75,docs_a81d250e96aa
Recipe_FilterHazmat_C,input,Desc_HighSpeedWire_C,Quickwire,8.0,8.0,items,30.0,docs_a81d250e96aa
Recipe_FilterHazmat_C,input,Desc_AluminumCasing_C,Aluminum Casing,1.0,1.0,items,3.75,docs_a81d250e96aa
Recipe_FilterHazmat_C,output,Desc_HazmatFilter_C,Iodine-Infused Filter,1.0,1.0,items,3.75,docs_a81d250e96aa
Recipe_NobeliskShockwave_C,input,Desc_NobeliskExplosive_C,,5.0,5.0,items,5.0,docs_a81d250e96aa
Recipe_NobeliskShockwave_C,input,Desc_CrystalOscillator_C,Crystal Oscillator,1.0,1.0,items,1.0,docs_a81d250e96aa
Recipe_NobeliskShockwave_C,output,Desc_NobeliskShockwave_C,,5.0,5.0,items,5.0,docs_a81d250e96aa
Recipe_NobeliskGas_C,input,Desc_NobeliskExplosive_C,,1.0,1.0,items,5.0,docs_a81d250e96aa
Recipe_NobeliskGas_C,input,Desc_GenericBiomass_C,Biomass,10.0,10.0,items,50.0,docs_a81d250e96aa
Recipe_NobeliskGas_C,output,Desc_NobeliskGas_C,,1.0,1.0,items,5.0,docs_a81d250e96aa
Recipe_NobeliskCluster_C,input,Desc_NobeliskExplosive_C,,3.0,3.0,items,7.5,docs_a81d250e96aa
Recipe_NobeliskCluster_C,input,Desc_GunpowderMK2_C,Smokeless Powder,4.0,4.0,items,10.0,docs_a81d250e96aa
Recipe_NobeliskCluster_C,output,Desc_NobeliskCluster_C,,1.0,1.0,items,2.5,docs_a81d250e96aa
Recipe_FilterGasMask_C,input,Desc_Fabric_C,Fabric,2.0,2.0,items,15.0,docs_a81d250e96aa
Recipe_FilterGasMask_C,input,Desc_Coal_C,Coal,4.0,4.0,items,30.0,docs_a81d250e96aa
Recipe_FilterGasMask_C,input,Desc_IronPlate_C,Iron Plate,2.0,2.0,items,15.0,docs_a81d250e96aa
Recipe_FilterGasMask_C,output,Desc_Filter_C,Gas Filter,1.0,1.0,items,7.5,docs_a81d250e96aa
Recipe_Cartridge_C,input,Desc_CopperSheet_C,Copper Sheet,3.0,3.0,items,15.0,docs_a81d250e96aa
Recipe_Cartridge_C,input,Desc_GunpowderMK2_C,Smokeless Powder,2.0,2.0,items,10.0,docs_a81d250e96aa
Recipe_Cartridge_C,output,Desc_CartridgeStandard_C,,15.0,15.0,items,75.0,docs_a81d250e96aa
Recipe_XmasWreath_C,input,Desc_XmasBranch_C,FICSMAS Tree Branch,15.0,15.0,items,15.0,docs_a81d250e96aa
Recipe_XmasWreath_C,input,Desc_XmasBallCluster_C,FICSMAS Ornament Bundle,6.0,6.0,items,6.0,docs_a81d250e96aa
Recipe_XmasWreath_C,output,Desc_XmasWreath_C,FICSMAS Wreath,2.0,2.0,items,2.0,docs_a81d250e96aa
Recipe_Snowball_C,input,Desc_Snow_C,FICSMAS Actual Snow,3.0,3.0,items,15.0,docs_a81d250e96aa
Recipe_Snowball_C,output,Desc_SnowballProjectile_C,,1.0,1.0,items,5.0,docs_a81d250e96aa
Recipe_XmasStar_C,input,Desc_XmasWreath_C,FICSMAS Wreath,5.0,5.0,items,5.0,docs_a81d250e96aa
Recipe_XmasStar_C,input,Desc_CandyCane_C,Candy Cane,20.0,20.0,items,20.0,docs_a81d250e96aa
Recipe_XmasStar_C,output,Desc_XmasStar_C,FICSMAS Wonder Star,1.0,1.0,items,1.0,docs_a81d250e96aa
Recipe_XmasBall3_C,input,Desc_XmasBall1_C,Red FICSMAS Ornament,2.0,2.0,items,10.0,docs_a81d250e96aa
Recipe_XmasBall3_C,input,Desc_CopperIngot_C,Copper Ingot,2.0,2.0,items,10.0,docs_a81d250e96aa
Recipe_XmasBall3_C,output,Desc_XmasBall3_C,Copper FICSMAS Ornament,1.0,1.0,items,5.0,docs_a81d250e96aa
Recipe_XmasBall4_C,input,Desc_XmasBall2_C,Blue FICSMAS Ornament,3.0,3.0,items,15.0,docs_a81d250e96aa
Recipe_XmasBall4_C,input,Desc_IronIngot_C,Iron Ingot,3.0,3.0,items,15.0,docs_a81d250e96aa
Recipe_XmasBall4_C,output,Desc_XmasBall4_C,Iron FICSMAS Ornament,1.0,1.0,items,5.0,docs_a81d250e96aa
Recipe_XmasBallCluster_C,input,Desc_XmasBall3_C,Copper FICSMAS Ornament,1.0,1.0,items,5.0,docs_a81d250e96aa
Recipe_XmasBallCluster_C,input,Desc_XmasBall4_C,Iron FICSMAS Ornament,1.0,1.0,items,5.0,docs_a81d250e96aa
Recipe_XmasBallCluster_C,output,Desc_XmasBallCluster_C,FICSMAS Ornament Bundle,1.0,1.0,items,5.0,docs_a81d250e96aa
Recipe_XmasBall1_C,input,Desc_Gift_C,FICSMAS Gift,1.0,1.0,items,5.0,docs_a81d250e96aa
Recipe_XmasBall1_C,output,Desc_XmasBall1_C,Red FICSMAS Ornament,1.0,1.0,items,5.0,docs_a81d250e96aa
Recipe_XmasBall2_C,input,Desc_Gift_C,FICSMAS Gift,1.0,1.0,items,5.0,docs_a81d250e96aa
Recipe_XmasBall2_C,output,Desc_XmasBall2_C,Blue FICSMAS Ornament,2.0,2.0,items,10.0,docs_a81d250e96aa
Recipe_Snow_C,input,Desc_Gift_C,FICSMAS Gift,5.0,5.0,items,25.0,docs_a81d250e96aa
Recipe_Snow_C,output,Desc_Snow_C,FICSMAS Actual Snow,2.0,2.0,items,10.0,docs_a81d250e96aa
Recipe_XmasBranch_C,input,Desc_Gift_C,FICSMAS Gift,1.0,1.0,items,10.0,docs_a81d250e96aa
Recipe_XmasBranch_C,output,Desc_XmasBranch_C,FICSMAS Tree Branch,1.0,1.0,items,10.0,docs_a81d250e96aa
Recipe_XmasBow_C,input,Desc_Gift_C,FICSMAS Gift,2.0,2.0,items,10.0,docs_a81d250e96aa
Recipe_XmasBow_C,output,Desc_XmasBow_C,FICSMAS Bow,1.0,1.0,items,5.0,docs_a81d250e96aa
Recipe_CandyCane_C,input,Desc_Gift_C,FICSMAS Gift,3.0,3.0,items,15.0,docs_a81d250e96aa
Recipe_CandyCane_C,output,Desc_CandyCane_C,Candy Cane,1.0,1.0,items,5.0,docs_a81d250e96aa
Recipe_NobeliskNuke_C,input,Desc_NobeliskExplosive_C,,5.0,5.0,items,2.5,docs_a81d250e96aa
Recipe_NobeliskNuke_C,input,Desc_UraniumCell_C,Encased Uranium Cell,20.0,20.0,items,10.0,docs_a81d250e96aa
Recipe_NobeliskNuke_C,input,Desc_GunpowderMK2_C,Smokeless Powder,10.0,10.0,items,5.0,docs_a81d250e96aa
Recipe_NobeliskNuke_C,input,Desc_CircuitBoardHighSpeed_C,AI Limiter,6.0,6.0,items,3.0,docs_a81d250e96aa
Recipe_NobeliskNuke_C,output,Desc_NobeliskNuke_C,,1.0,1.0,items,0.5,docs_a81d250e96aa
Recipe_PowerCrystalShard_3_C,input,Desc_Crystal_mk3_C,Purple Power Slug,1.0,1.0,items,2.5,docs_a81d250e96aa
Recipe_PowerCrystalShard_3_C,output,Desc_CrystalShard_C,Power Shard,5.0,5.0,items,12.5,docs_a81d250e96aa
Recipe_PowerCrystalShard_2_C,input,Desc_Crystal_mk2_C,Yellow Power Slug,1.0,1.0,items,5.0,docs_a81d250e96aa
Recipe_PowerCrystalShard_2_C,output,Desc_CrystalShard_C,Power Shard,2.0,2.0,items,10.0,docs_a81d250e96aa
Recipe_PowerCrystalShard_1_C,input,Desc_Crystal_C,Blue Power Slug,1.0,1.0,items,7.5,docs_a81d250e96aa
Recipe_PowerCrystalShard_1_C,output,Desc_CrystalShard_C,Power Shard,1.0,1.0,items,7.5,docs_a81d250e96aa
Recipe_Alternate_PolyesterFabric_C,input,Desc_PolymerResin_C,Polymer Resin,1.0,1.0,items,30.0,docs_a81d250e96aa
Recipe_Alternate_PolyesterFabric_C,input,Desc_Water_C,Water,1000.0,1.0,m3,30.0,docs_a81d250e96aa
Recipe_Alternate_PolyesterFabric_C,output,Desc_Fabric_C,Fabric,1.0,1.0,items,30.0,docs_a81d250e96aa
Recipe_Biomass_Mycelia_C,input,Desc_Mycelia_C,Mycelia,1.0,1.0,items,15.0,docs_a81d250e96aa
Recipe_Biomass_Mycelia_C,output,Desc_GenericBiomass_C,Biomass,10.0,10.0,items,150.0,docs_a81d250e96aa
Recipe_IngotCaterium_C,input,Desc_OreGold_C,Caterium Ore,3.0,3.0,items,45.0,docs_a81d250e96aa
Recipe_IngotCaterium_C,output,Desc_GoldIngot_C,Caterium Ingot,1.0,1.0,items,15.0,docs_a81d250e96aa
Recipe_AlienPowerFuel_C,input,Desc_SAMFluctuator_C,SAM Fluctuator,5.0,5.0,items,12.5,docs_a81d250e96aa
Recipe_AlienPowerFuel_C,input,Desc_CrystalShard_C,Power Shard,3.0,3.0,items,7.5,docs_a81d250e96aa
Recipe_AlienPowerFuel_C,input,Desc_QuantumOscillator_C,Superposition Oscillator,3.0,3.0,items,7.5,docs_a81d250e96aa
Recipe_AlienPowerFuel_C,input,Desc_QuantumEnergy_C,Excited Photonic Matter,24000.0,24.0,m3,60.0,docs_a81d250e96aa
Recipe_AlienPowerFuel_C,output,Desc_AlienPowerFuel_C,Alien Power Matrix,1.0,1.0,items,2.5,docs_a81d250e96aa
Recipe_AlienPowerFuel_C,output,Desc_DarkEnergy_C,Dark Matter Residue,24000.0,24.0,m3,60.0,docs_a81d250e96aa
Recipe_Protein_Stinger_C,input,Desc_StingerParts_C,Stinger Remains,1.0,1.0,items,20.0,docs_a81d250e96aa
Recipe_Protein_Stinger_C,output,Desc_AlienProtein_C,Alien Protein,1.0,1.0,items,20.0,docs_a81d250e96aa
Recipe_Protein_Crab_C,input,Desc_HatcherParts_C,Hatcher Remains,1.0,1.0,items,20.0,docs_a81d250e96aa
Recipe_Protein_Crab_C,output,Desc_AlienProtein_C,Alien Protein,1.0,1.0,items,20.0,docs_a81d250e96aa
Recipe_AlienDNACapsule_C,input,Desc_AlienProtein_C,Alien Protein,1.0,1.0,items,10.0,docs_a81d250e96aa
Recipe_AlienDNACapsule_C,output,Desc_AlienDNACapsule_C,Alien DNA Capsule,1.0,1.0,items,10.0,docs_a81d250e96aa
Recipe_Biomass_AlienProtein_C,input,Desc_AlienProtein_C,Alien Protein,1.0,1.0,items,15.0,docs_a81d250e96aa
Recipe_Biomass_AlienProtein_C,output,Desc_GenericBiomass_C,Biomass,100.0,100.0,items,1500.0,docs_a81d250e96aa
Recipe_Protein_Spitter_C,input,Desc_SpitterParts_C,Spitter Remains,1.0,1.0,items,20.0,docs_a81d250e96aa
Recipe_Protein_Spitter_C,output,Desc_AlienProtein_C,Alien Protein,1.0,1.0,items,20.0,docs_a81d250e96aa
Recipe_Protein_Hog_C,input,Desc_HogParts_C,Hog Remains,1.0,1.0,items,20.0,docs_a81d250e96aa
Recipe_Protein_Hog_C,output,Desc_AlienProtein_C,Alien Protein,1.0,1.0,items,20.0,docs_a81d250e96aa
Recipe_Ficsonium_C,input,Desc_PlutoniumWaste_C,Plutonium Waste,1.0,1.0,items,10.0,docs_a81d250e96aa
Recipe_Ficsonium_C,input,Desc_SingularityCell_C,Singularity Cell,1.0,1.0,items,10.0,docs_a81d250e96aa
Recipe_Ficsonium_C,input,Desc_DarkEnergy_C,Dark Matter Residue,20000.0,20.0,m3,200.0,docs_a81d250e96aa
Recipe_Ficsonium_C,output,Desc_Ficsonium_C,Ficsonium,1.0,1.0,items,10.0,docs_a81d250e96aa
Recipe_FicsoniumFuelRod_C,input,Desc_Ficsonium_C,Ficsonium,2.0,2.0,items,5.0,docs_a81d250e96aa
Recipe_FicsoniumFuelRod_C,input,Desc_ElectromagneticControlRod_C,Electromagnetic Control Rod,2.0,2.0,items,5.0,docs_a81d250e96aa
Recipe_FicsoniumFuelRod_C,input,Desc_FicsiteMesh_C,Ficsite Trigon,40.0,40.0,items,100.0,docs_a81d250e96aa
Recipe_FicsoniumFuelRod_C,input,Desc_QuantumEnergy_C,Excited Photonic Matter,20000.0,20.0,m3,50.0,docs_a81d250e96aa
Recipe_FicsoniumFuelRod_C,output,Desc_FicsoniumFuelRod_C,Ficsonium Fuel Rod,1.0,1.0,items,2.5,docs_a81d250e96aa
Recipe_FicsoniumFuelRod_C,output,Desc_DarkEnergy_C,Dark Matter Residue,20000.0,20.0,m3,50.0,docs_a81d250e96aa
Recipe_SingularityCell_C,input,Desc_SpaceElevatorPart_9_C,Nuclear Pasta,1.0,1.0,items,1.0,docs_a81d250e96aa
Recipe_SingularityCell_C,input,Desc_DarkMatter_C,Dark Matter Crystal,20.0,20.0,items,20.0,docs_a81d250e96aa
Recipe_SingularityCell_C,input,Desc_IronPlate_C,Iron Plate,100.0,100.0,items,100.0,docs_a81d250e96aa
Recipe_SingularityCell_C,input,Desc_Cement_C,Concrete,200.0,200.0,items,200.0,docs_a81d250e96aa
Recipe_SingularityCell_C,output,Desc_SingularityCell_C,Singularity Cell,10.0,10.0,items,10.0,docs_a81d250e96aa
Recipe_SpaceElevatorPart_11_C,input,Desc_SpaceElevatorPart_8_C,Thermal Propulsion Rocket,1.0,1.0,items,1.0,docs_a81d250e96aa
Recipe_SpaceElevatorPart_11_C,input,Desc_SingularityCell_C,Singularity Cell,5.0,5.0,items,5.0,docs_a81d250e96aa
Recipe_SpaceElevatorPart_11_C,input,Desc_QuantumOscillator_C,Superposition Oscillator,2.0,2.0,items,2.0,docs_a81d250e96aa
Recipe_SpaceElevatorPart_11_C,input,Desc_DarkMatter_C,Dark Matter Crystal,40.0,40.0,items,40.0,docs_a81d250e96aa
Recipe_SpaceElevatorPart_11_C,output,Desc_SpaceElevatorPart_11_C,Ballistic Warp Drive,1.0,1.0,items,1.0,docs_a81d250e96aa
Recipe_Battery_C,input,Desc_SulfuricAcid_C,Sulfuric Acid,2500.0,2.5,m3,50.0,docs_a81d250e96aa
Recipe_Battery_C,input,Desc_AluminaSolution_C,Alumina Solution,2000.0,2.0,m3,40.0,docs_a81d250e96aa
Recipe_Battery_C,input,Desc_AluminumCasing_C,Aluminum Casing,1.0,1.0,items,20.0,docs_a81d250e96aa
Recipe_Battery_C,output,Desc_Battery_C,Battery,1.0,1.0,items,20.0,docs_a81d250e96aa
Recipe_Battery_C,output,Desc_Water_C,Water,1500.0,1.5,m3,30.0,docs_a81d250e96aa
Recipe_SulfuricAcid_C,input,Desc_Sulfur_C,Sulfur,5.0,5.0,items,50.0,docs_a81d250e96aa
Recipe_SulfuricAcid_C,input,Desc_Water_C,Water,5000.0,5.0,m3,50.0,docs_a81d250e96aa
Recipe_SulfuricAcid_C,output,Desc_SulfuricAcid_C,Sulfuric Acid,5000.0,5.0,m3,50.0,docs_a81d250e96aa
Recipe_SpaceElevatorPart_7_C,input,Desc_SpaceElevatorPart_5_C,Adaptive Control Unit,2.0,2.0,items,1.5,docs_a81d250e96aa
Recipe_SpaceElevatorPart_7_C,input,Desc_ComputerSuper_C,Supercomputer,1.0,1.0,items,0.75,docs_a81d250e96aa
Recipe_SpaceElevatorPart_7_C,output,Desc_SpaceElevatorPart_7_C,Assembly Director System,1.0,1.0,items,0.75,docs_a81d250e96aa
Recipe_PackagedSulfuricAcid_C,input,Desc_SulfuricAcid_C,Sulfuric Acid,2000.0,2.0,m3,40.0,docs_a81d250e96aa
Recipe_PackagedSulfuricAcid_C,input,Desc_FluidCanister_C,Empty Canister,2.0,2.0,items,40.0,docs_a81d250e96aa
Recipe_PackagedSulfuricAcid_C,output,Desc_PackagedSulfuricAcid_C,Packaged Sulfuric Acid,2.0,2.0,items,40.0,docs_a81d250e96aa
Recipe_UnpackageSulfuricAcid_C,input,Desc_PackagedSulfuricAcid_C,Packaged Sulfuric Acid,1.0,1.0,items,60.0,docs_a81d250e96aa
Recipe_UnpackageSulfuricAcid_C,output,Desc_SulfuricAcid_C,Sulfuric Acid,1000.0,1.0,m3,60.0,docs_a81d250e96aa
Recipe_UnpackageSulfuricAcid_C,output,Desc_FluidCanister_C,Empty Canister,1.0,1.0,items,60.0,docs_a81d250e96aa
Recipe_Alternate_Wire_2_C,input,Desc_GoldIngot_C,Caterium Ingot,1.0,1.0,items,15.0,docs_a81d250e96aa
Recipe_Alternate_Wire_2_C,output,Desc_Wire_C,Wire,8.0,8.0,items,120.0,docs_a81d250e96aa
Recipe_Alternate_Wire_1_C,input,Desc_IronIngot_C,Iron Ingot,5.0,5.0,items,12.5,docs_a81d250e96aa
Recipe_Alternate_Wire_1_C,output,Desc_Wire_C,Wire,9.0,9.0,items,22.5,docs_a81d250e96aa
Recipe_Alternate_UraniumCell_1_C,input,Desc_OreUranium_C,Uranium,5.0,5.0,items,25.0,docs_a81d250e96aa
Recipe_Alternate_UraniumCell_1_C,input,Desc_Silica_C,Silica,3.0,3.0,items,15.0,docs_a81d250e96aa
Recipe_Alternate_UraniumCell_1_C,input,Desc_Sulfur_C,Sulfur,5.0,5.0,items,25.0,docs_a81d250e96aa
Recipe_Alternate_UraniumCell_1_C,input,Desc_HighSpeedWire_C,Quickwire,15.0,15.0,items,75.0,docs_a81d250e96aa
Recipe_Alternate_UraniumCell_1_C,output,Desc_UraniumCell_C,Encased Uranium Cell,4.0,4.0,items,20.0,docs_a81d250e96aa
Recipe_Alternate_TurboMotor_1_C,input,Desc_Motor_C,Motor,7.0,7.0,items,6.5625,docs_a81d250e96aa
Recipe_Alternate_TurboMotor_1_C,input,Desc_ModularFrameLightweight_C,Radio Control Unit,9.0,9.0,items,8.4375,docs_a81d250e96aa
Recipe_Alternate_TurboMotor_1_C,input,Desc_ElectromagneticControlRod_C,Electromagnetic Control Rod,5.0,5.0,items,4.6875,docs_a81d250e96aa
Recipe_Alternate_TurboMotor_1_C,input,Desc_Rotor_C,Rotor,7.0,7.0,items,6.5625,docs_a81d250e96aa
Recipe_Alternate_TurboMotor_1_C,output,Desc_MotorLightweight_C,Turbo Motor,3.0,3.0,items,2.8125,docs_a81d250e96aa
Recipe_Alternate_Stator_C,input,Desc_SteelPipe_C,Steel Pipe,4.0,4.0,items,16.0,docs_a81d250e96aa
Recipe_Alternate_Stator_C,input,Desc_HighSpeedWire_C,Quickwire,15.0,15.0,items,60.0,docs_a81d250e96aa
Recipe_Alternate_Stator_C,output,Desc_Stator_C,Stator,2.0,2.0,items,8.0,docs_a81d250e96aa
Recipe_Alternate_Silica_C,input,Desc_RawQuartz_C,Raw Quartz,3.0,3.0,items,22.5,docs_a81d250e96aa
Recipe_Alternate_Silica_C,input,Desc_Stone_C,Limestone,5.0,5.0,items,37.5,docs_a81d250e96aa
Recipe_Alternate_Silica_C,output,Desc_Silica_C,Silica,7.0,7.0,items,52.5,docs_a81d250e96aa
Recipe_Alternate_Screw_2_C,input,Desc_SteelPlate_C,Steel Beam,1.0,1.0,items,5.0,docs_a81d250e96aa
Recipe_Alternate_Screw_2_C,output,Desc_IronScrew_C,Screws,52.0,52.0,items,260.0,docs_a81d250e96aa
Recipe_Alternate_Screw_C,input,Desc_IronIngot_C,Iron Ingot,5.0,5.0,items,12.5,docs_a81d250e96aa
Recipe_Alternate_Screw_C,output,Desc_IronScrew_C,Screws,20.0,20.0,items,50.0,docs_a81d250e96aa
Recipe_Alternate_Rotor_C,input,Desc_SteelPipe_C,Steel Pipe,2.0,2.0,items,10.0,docs_a81d250e96aa
Recipe_Alternate_Rotor_C,input,Desc_Wire_C,Wire,6.0,6.0,items,30.0,docs_a81d250e96aa
Recipe_Alternate_Rotor_C,output,Desc_Rotor_C,Rotor,1.0,1.0,items,5.0,docs_a81d250e96aa
Recipe_Alternate_EncasedIndustrialBeam_C,input,Desc_SteelPipe_C,Steel Pipe,6.0,6.0,items,24.0,docs_a81d250e96aa
Recipe_Alternate_EncasedIndustrialBeam_C,input,Desc_Cement_C,Concrete,5.0,5.0,items,20.0,docs_a81d250e96aa
Recipe_Alternate_EncasedIndustrialBeam_C,output,Desc_SteelPlateReinforced_C,Encased Industrial Beam,1.0,1.0,items,4.0,docs_a81d250e96aa
Recipe_Alternate_ReinforcedIronPlate_2_C,input,Desc_IronPlate_C,Iron Plate,10.0,10.0,items,18.75,docs_a81d250e96aa
Recipe_Alternate_ReinforcedIronPlate_2_C,input,Desc_Wire_C,Wire,20.0,20.0,items,37.5,docs_a81d250e96aa
Recipe_Alternate_ReinforcedIronPlate_2_C,output,Desc_IronPlateReinforced_C,Reinforced Iron Plate,3.0,3.0,items,5.625,docs_a81d250e96aa
Recipe_Alternate_ReinforcedIronPlate_1_C,input,Desc_IronPlate_C,Iron Plate,18.0,18.0,items,90.0,docs_a81d250e96aa
Recipe_Alternate_ReinforcedIronPlate_1_C,input,Desc_IronScrew_C,Screws,50.0,50.0,items,250.0,docs_a81d250e96aa
Recipe_Alternate_ReinforcedIronPlate_1_C,output,Desc_IronPlateReinforced_C,Reinforced Iron Plate,3.0,3.0,items,15.0,docs_a81d250e96aa
Recipe_Alternate_RadioControlUnit_1_C,input,Desc_AluminumPlateReinforced_C,Heat Sink,4.0,4.0,items,15.0,docs_a81d250e96aa
Recipe_Alternate_RadioControlUnit_1_C,input,Desc_HighSpeedConnector_C,High-Speed Connector,2.0,2.0,items,7.5,docs_a81d250e96aa
Recipe_Alternate_RadioControlUnit_1_C,input,Desc_QuartzCrystal_C,Quartz Crystal,12.0,12.0,items,45.0,docs_a81d250e96aa
Recipe_Alternate_RadioControlUnit_1_C,output,Desc_ModularFrameLightweight_C,Radio Control Unit,1.0,1.0,items,3.75,docs_a81d250e96aa
Recipe_Alternate_Quickwire_C,input,Desc_GoldIngot_C,Caterium Ingot,1.0,1.0,items,7.5,docs_a81d250e96aa
Recipe_Alternate_Quickwire_C,input,Desc_CopperIngot_C,Copper Ingot,5.0,5.0,items,37.5,docs_a81d250e96aa
Recipe_Alternate_Quickwire_C,output,Desc_HighSpeedWire_C,Quickwire,12.0,12.0,items,90.0,docs_a81d250e96aa
Recipe_Alternate_Plastic_1_C,input,Desc_Rubber_C,Rubber,6.0,6.0,items,30.0,docs_a81d250e96aa
Recipe_Alternate_Plastic_1_C,input,Desc_LiquidFuel_C,Fuel,6000.0,6.0,m3,30.0,docs_a81d250e96aa
Recipe_Alternate_Plastic_1_C,output,Desc_Plastic_C,Plastic,12.0,12.0,items,60.0,docs_a81d250e96aa
Recipe_Alternate_NuclearFuelRod_1_C,input,Desc_UraniumCell_C,Encased Uranium Cell,100.0,100.0,items,20.0,docs_a81d250e96aa
Recipe_Alternate_NuclearFuelRod_1_C,input,Desc_ElectromagneticControlRod_C,Electromagnetic Control Rod,10.0,10.0,items,2.0,docs_a81d250e96aa
Recipe_Alternate_NuclearFuelRod_1_C,input,Desc_CrystalOscillator_C,Crystal Oscillator,3.0,3.0,items,0.6,docs_a81d250e96aa
Recipe_Alternate_NuclearFuelRod_1_C,input,Desc_Rotor_C,Rotor,10.0,10.0,items,2.0,docs_a81d250e96aa
Recipe_Alternate_NuclearFuelRod_1_C,output,Desc_NuclearFuelRod_C,Uranium Fuel Rod,3.0,3.0,items,0.6,docs_a81d250e96aa
Recipe_Alternate_Motor_1_C,input,Desc_Rotor_C,Rotor,3.0,3.0,items,3.75,docs_a81d250e96aa
Recipe_Alternate_Motor_1_C,input,Desc_Stator_C,Stator,3.0,3.0,items,3.75,docs_a81d250e96aa
Recipe_Alternate_Motor_1_C,input,Desc_CrystalOscillator_C,Crystal Oscillator,1.0,1.0,items,1.25,docs_a81d250e96aa
Recipe_Alternate_Motor_1_C,output,Desc_Motor_C,Motor,6.0,6.0,items,7.5,docs_a81d250e96aa
Recipe_Alternate_ModularFrame_C,input,Desc_IronPlateReinforced_C,Reinforced Iron Plate,2.0,2.0,items,2.0,docs_a81d250e96aa
Recipe_Alternate_ModularFrame_C,input,Desc_SteelPipe_C,Steel Pipe,10.0,10.0,items,10.0,docs_a81d250e96aa
Recipe_Alternate_ModularFrame_C,output,Desc_ModularFrame_C,Modular Frame,3.0,3.0,items,3.0,docs_a81d250e96aa
Recipe_Alternate_IngotSteel_2_C,input,Desc_OreIron_C,Iron Ore,2.0,2.0,items,5.0,docs_a81d250e96aa
Recipe_Alternate_IngotSteel_2_C,input,Desc_CompactedCoal_C,Compacted Coal,1.0,1.0,items,2.5,docs_a81d250e96aa
Recipe_Alternate_IngotSteel_2_C,output,Desc_SteelIngot_C,Steel Ingot,4.0,4.0,items,10.0,docs_a81d250e96aa
Recipe_Alternate_IngotSteel_1_C,input,Desc_IronIngot_C,Iron Ingot,2.0,2.0,items,40.0,docs_a81d250e96aa
Recipe_Alternate_IngotSteel_1_C,input,Desc_Coal_C,Coal,2.0,2.0,items,40.0,docs_a81d250e96aa
Recipe_Alternate_IngotSteel_1_C,output,Desc_SteelIngot_C,Steel Ingot,3.0,3.0,items,60.0,docs_a81d250e96aa
Recipe_Alternate_IngotIron_C,input,Desc_OreIron_C,Iron Ore,8.0,8.0,items,40.0,docs_a81d250e96aa
Recipe_Alternate_IngotIron_C,input,Desc_OreCopper_C,Copper Ore,2.0,2.0,items,10.0,docs_a81d250e96aa
Recipe_Alternate_IngotIron_C,output,Desc_IronIngot_C,Iron Ingot,15.0,15.0,items,75.0,docs_a81d250e96aa
Recipe_Alternate_HighSpeedConnector_C,input,Desc_HighSpeedWire_C,Quickwire,60.0,60.0,items,90.0,docs_a81d250e96aa
Recipe_Alternate_HighSpeedConnector_C,input,Desc_Silica_C,Silica,25.0,25.0,items,37.5,docs_a81d250e96aa
Recipe_Alternate_HighSpeedConnector_C,input,Desc_CircuitBoard_C,Circuit Board,2.0,2.0,items,3.0,docs_a81d250e96aa
Recipe_Alternate_HighSpeedConnector_C,output,Desc_HighSpeedConnector_C,High-Speed Connector,2.0,2.0,items,3.0,docs_a81d250e96aa
Recipe_Alternate_ModularFrameHeavy_C,input,Desc_ModularFrame_C,Modular Frame,8.0,8.0,items,7.5,docs_a81d250e96aa
Recipe_Alternate_ModularFrameHeavy_C,input,Desc_SteelPlateReinforced_C,Encased Industrial Beam,10.0,10.0,items,9.375,docs_a81d250e96aa
Recipe_Alternate_ModularFrameHeavy_C,input,Desc_SteelPipe_C,Steel Pipe,36.0,36.0,items,33.75,docs_a81d250e96aa
Recipe_Alternate_ModularFrameHeavy_C,input,Desc_Cement_C,Concrete,22.0,22.0,items,20.625,docs_a81d250e96aa
Recipe_Alternate_ModularFrameHeavy_C,output,Desc_ModularFrameHeavy_C,Heavy Modular Frame,3.0,3.0,items,2.8125,docs_a81d250e96aa
Recipe_Alternate_HeatSink_1_C,input,Desc_AluminumCasing_C,Aluminum Casing,3.0,3.0,items,30.0,docs_a81d250e96aa
Recipe_Alternate_HeatSink_1_C,input,Desc_Rubber_C,Rubber,3.0,3.0,items,30.0,docs_a81d250e96aa
Recipe_Alternate_HeatSink_1_C,output,Desc_AluminumPlateReinforced_C,Heat Sink,1.0,1.0,items,10.0,docs_a81d250e96aa
Recipe_Alternate_Gunpowder_1_C,input,Desc_Sulfur_C,Sulfur,1.0,1.0,items,7.5,docs_a81d250e96aa
Recipe_Alternate_Gunpowder_1_C,input,Desc_CompactedCoal_C,Compacted Coal,2.0,2.0,items,15.0,docs_a81d250e96aa
Recipe_Alternate_Gunpowder_1_C,output,Desc_Gunpowder_C,Black Powder,6.0,6.0,items,45.0,docs_a81d250e96aa
Recipe_Alternate_ElectromagneticControlRod_1_C,input,Desc_Stator_C,Stator,2.0,2.0,items,8.0,docs_a81d250e96aa
Recipe_Alternate_ElectromagneticControlRod_1_C,input,Desc_HighSpeedConnector_C,High-Speed Connector,1.0,1.0,items,4.0,docs_a81d250e96aa
Recipe_Alternate_ElectromagneticControlRod_1_C,output,Desc_ElectromagneticControlRod_C,Electromagnetic Control Rod,2.0,2.0,items,8.0,docs_a81d250e96aa
Recipe_Alternate_CrystalOscillator_C,input,Desc_QuartzCrystal_C,Quartz Crystal,10.0,10.0,items,18.75,docs_a81d250e96aa
Recipe_Alternate_CrystalOscillator_C,input,Desc_Rubber_C,Rubber,7.0,7.0,items,13.125,docs_a81d250e96aa
Recipe_Alternate_CrystalOscillator_C,input,Desc_CircuitBoardHighSpeed_C,AI Limiter,1.0,1.0,items,1.875,docs_a81d250e96aa
Recipe_Alternate_CrystalOscillator_C,output,Desc_CrystalOscillator_C,Crystal Oscillator,1.0,1.0,items,1.875,docs_a81d250e96aa
Recipe_Alternate_Concrete_C,input,Desc_Silica_C,Silica,3.0,3.0,items,15.0,docs_a81d250e96aa
Recipe_Alternate_Concrete_C,input,Desc_Stone_C,Limestone,12.0,12.0,items,60.0,docs_a81d250e96aa
Recipe_Alternate_Concrete_C,output,Desc_Cement_C,Concrete,10.0,10.0,items,50.0,docs_a81d250e96aa
Recipe_Alternate_Computer_2_C,input,Desc_CircuitBoard_C,Circuit Board,3.0,3.0,items,5.0,docs_a81d250e96aa
Recipe_Alternate_Computer_2_C,input,Desc_CrystalOscillator_C,Crystal Oscillator,1.0,1.0,items,1.6666666666666667,docs_a81d250e96aa
Recipe_Alternate_Computer_2_C,output,Desc_Computer_C,Computer,2.0,2.0,items,3.3333333333333335,docs_a81d250e96aa
Recipe_Alternate_Computer_1_C,input,Desc_CircuitBoard_C,Circuit Board,4.0,4.0,items,15.0,docs_a81d250e96aa
Recipe_Alternate_Computer_1_C,input,Desc_HighSpeedWire_C,Quickwire,14.0,14.0,items,52.5,docs_a81d250e96aa
Recipe_Alternate_Computer_1_C,input,Desc_Rubber_C,Rubber,6.0,6.0,items,22.5,docs_a81d250e96aa
Recipe_Alternate_Computer_1_C,output,Desc_Computer_C,Computer,1.0,1.0,items,3.75,docs_a81d250e96aa
Recipe_Alternate_CircuitBoard_2_C,input,Desc_Plastic_C,Plastic,10.0,10.0,items,12.5,docs_a81d250e96aa
Recipe_Alternate_CircuitBoard_2_C,input,Desc_HighSpeedWire_C,Quickwire,30.0,30.0,items,37.5,docs_a81d250e96aa
Recipe_Alternate_CircuitBoard_2_C,output,Desc_CircuitBoard_C,Circuit Board,7.0,7.0,items,8.75,docs_a81d250e96aa
Recipe_Alternate_CircuitBoard_1_C,input,Desc_CopperSheet_C,Copper Sheet,11.0,11.0,items,27.5,docs_a81d250e96aa
Recipe_Alternate_CircuitBoard_1_C,input,Desc_Silica_C,Silica,11.0,11.0,items,27.5,docs_a81d250e96aa
Recipe_Alternate_CircuitBoard_1_C,output,Desc_CircuitBoard_C,Circuit Board,5.0,5.0,items,12.5,docs_a81d250e96aa
Recipe_Alternate_Cable_2_C,input,Desc_HighSpeedWire_C,Quickwire,3.0,3.0,items,7.5,docs_a81d250e96aa
Recipe_Alternate_Cable_2_C,input,Desc_Rubber_C,Rubber,2.0,2.0,items,5.0,docs_a81d250e96aa
Recipe_Alternate_Cable_2_C,output,Desc_Cable_C,Cable,11.0,11.0,items,27.5,docs_a81d250e96aa
Recipe_Alternate_Cable_1_C,input,Desc_Wire_C,Wire,9.0,9.0,items,45.0,docs_a81d250e96aa
Recipe_Alternate_Cable_1_C,input,Desc_Rubber_C,Rubber,6.0,6.0,items,30.0,docs_a81d250e96aa
Recipe_Alternate_Cable_1_C,output,Desc_Cable_C,Cable,20.0,20.0,items,100.0,docs_a81d250e96aa
Recipe_Alternate_Silica_Distilled_C,input,Desc_DissolvedSilica_C,Dissolved Silica,12000.0,12.0,m3,120.0,docs_a81d250e96aa
Recipe_Alternate_Silica_Distilled_C,input,Desc_Stone_C,Limestone,5.0,5.0,items,50.0,docs_a81d250e96aa
Recipe_Alternate_Silica_Distilled_C,input,Desc_Water_C,Water,10000.0,10.0,m3,100.0,docs_a81d250e96aa
Recipe_Alternate_Silica_Distilled_C,output,Desc_Silica_C,Silica,27.0,27.0,items,270.0,docs_a81d250e96aa
Recipe_Alternate_Silica_Distilled_C,output,Desc_Water_C,Water,8000.0,8.0,m3,80.0,docs_a81d250e96aa
Recipe_Alternate_Quartz_Purified_C,input,Desc_RawQuartz_C,Raw Quartz,24.0,24.0,items,120.0,docs_a81d250e96aa
Recipe_Alternate_Quartz_Purified_C,input,Desc_NitricAcid_C,Nitric Acid,2000.0,2.0,m3,10.0,docs_a81d250e96aa
Recipe_Alternate_Quartz_Purified_C,output,Desc_QuartzCrystal_C,Quartz Crystal,15.0,15.0,items,75.0,docs_a81d250e96aa
Recipe_Alternate_Quartz_Purified_C,output,Desc_DissolvedSilica_C,Dissolved Silica,12000.0,12.0,m3,60.0,docs_a81d250e96aa
Recipe_Alternate_Quartz_Fused_C,input,Desc_RawQuartz_C,Raw Quartz,25.0,25.0,items,75.0,docs_a81d250e96aa
Recipe_Alternate_Quartz_Fused_C,input,Desc_Coal_C,Coal,12.0,12.0,items,36.0,docs_a81d250e96aa
Recipe_Alternate_Quartz_Fused_C,output,Desc_QuartzCrystal_C,Quartz Crystal,18.0,18.0,items,54.0,docs_a81d250e96aa
Recipe_Alternate_IronIngot_Leached_C,input,Desc_OreIron_C,Iron Ore,5.0,5.0,items,50.0,docs_a81d250e96aa
Recipe_Alternate_IronIngot_Leached_C,input,Desc_SulfuricAcid_C,Sulfuric Acid,1000.0,1.0,m3,10.0,docs_a81d250e96aa
Recipe_Alternate_IronIngot_Leached_C,output,Desc_IronIngot_C,Iron Ingot,10.0,10.0,items,100.0,docs_a81d250e96aa
Recipe_Alternate_IronIngot_Basic_C,input,Desc_OreIron_C,Iron Ore,5.0,5.0,items,25.0,docs_a81d250e96aa
Recipe_Alternate_IronIngot_Basic_C,input,Desc_Stone_C,Limestone,8.0,8.0,items,40.0,docs_a81d250e96aa
Recipe_Alternate_IronIngot_Basic_C,output,Desc_IronIngot_C,Iron Ingot,10.0,10.0,items,50.0,docs_a81d250e96aa
Recipe_Alternate_CopperIngot_Tempered_C,input,Desc_OreCopper_C,Copper Ore,5.0,5.0,items,25.0,docs_a81d250e96aa
Recipe_Alternate_CopperIngot_Tempered_C,input,Desc_PetroleumCoke_C,Petroleum Coke,8.0,8.0,items,40.0,docs_a81d250e96aa
Recipe_Alternate_CopperIngot_Tempered_C,output,Desc_CopperIngot_C,Copper Ingot,12.0,12.0,items,60.0,docs_a81d250e96aa
Recipe_Alternate_CopperIngot_Leached_C,input,Desc_OreCopper_C,Copper Ore,9.0,9.0,items,45.0,docs_a81d250e96aa
Recipe_Alternate_CopperIngot_Leached_C,input,Desc_SulfuricAcid_C,Sulfuric Acid,5000.0,5.0,m3,25.0,docs_a81d250e96aa
Recipe_Alternate_CopperIngot_Leached_C,output,Desc_CopperIngot_C,Copper Ingot,22.0,22.0,items,110.0,docs_a81d250e96aa
Recipe_Alternate_CateriumIngot_Tempered_C,input,Desc_OreGold_C,Caterium Ore,6.0,6.0,items,45.0,docs_a81d250e96aa
Recipe_Alternate_CateriumIngot_Tempered_C,input,Desc_PetroleumCoke_C,Petroleum Coke,2.0,2.0,items,15.0,docs_a81d250e96aa
Recipe_Alternate_CateriumIngot_Tempered_C,output,Desc_GoldIngot_C,Caterium Ingot,3.0,3.0,items,22.5,docs_a81d250e96aa
Recipe_Alternate_CateriumIngot_Leached_C,input,Desc_OreGold_C,Caterium Ore,9.0,9.0,items,54.0,docs_a81d250e96aa
Recipe_Alternate_CateriumIngot_Leached_C,input,Desc_SulfuricAcid_C,Sulfuric Acid,5000.0,5.0,m3,30.0,docs_a81d250e96aa
Recipe_Alternate_CateriumIngot_Leached_C,output,Desc_GoldIngot_C,Caterium Ingot,6.0,6.0,items,36.0,docs_a81d250e96aa
Recipe_Alternate_SteelPipe_Molded_C,input,Desc_SteelIngot_C,Steel Ingot,5.0,5.0,items,50.0,docs_a81d250e96aa
Recipe_Alternate_SteelPipe_Molded_C,input,Desc_Cement_C,Concrete,3.0,3.0,items,30.0,docs_a81d250e96aa
Recipe_Alternate_SteelPipe_Molded_C,output,Desc_SteelPipe_C,Steel Pipe,5.0,5.0,items,50.0,docs_a81d250e96aa
Recipe_Alternate_SteelPipe_Iron_C,input,Desc_IronIngot_C,Iron Ingot,20.0,20.0,items,100.0,docs_a81d250e96aa
Recipe_Alternate_SteelPipe_Iron_C,output,Desc_SteelPipe_C,Steel Pipe,5.0,5.0,items,25.0,docs_a81d250e96aa
Recipe_Alternate_SteelCastedPlate_C,input,Desc_IronIngot_C,Iron Ingot,1.0,1.0,items,15.0,docs_a81d250e96aa
Recipe_Alternate_SteelCastedPlate_C,input,Desc_SteelIngot_C,Steel Ingot,1.0,1.0,items,15.0,docs_a81d250e96aa
Recipe_Alternate_SteelCastedPlate_C,output,Desc_IronPlate_C,Iron Plate,3.0,3.0,items,45.0,docs_a81d250e96aa
Recipe_Alternate_SteelBeam_Molded_C,input,Desc_SteelIngot_C,Steel Ingot,24.0,24.0,items,120.0,docs_a81d250e96aa
Recipe_Alternate_SteelBeam_Molded_C,input,Desc_Cement_C,Concrete,16.0,16.0,items,80.0,docs_a81d250e96aa
Recipe_Alternate_SteelBeam_Molded_C,output,Desc_SteelPlate_C,Steel Beam,9.0,9.0,items,45.0,docs_a81d250e96aa
Recipe_Alternate_SteelBeam_Aluminum_C,input,Desc_AluminumIngot_C,Aluminum Ingot,3.0,3.0,items,22.5,docs_a81d250e96aa
Recipe_Alternate_SteelBeam_Aluminum_C,output,Desc_SteelPlate_C,Steel Beam,3.0,3.0,items,22.5,docs_a81d250e96aa
Recipe_Alternate_AluminumRod_C,input,Desc_AluminumIngot_C,Aluminum Ingot,1.0,1.0,items,7.5,docs_a81d250e96aa
Recipe_Alternate_AluminumRod_C,output,Desc_IronRod_C,Iron Rod,7.0,7.0,items,52.5,docs_a81d250e96aa
Recipe_Alternate_AILimiter_Plastic_C,input,Desc_HighSpeedWire_C,Quickwire,30.0,30.0,items,120.0,docs_a81d250e96aa
Recipe_Alternate_AILimiter_Plastic_C,input,Desc_Plastic_C,Plastic,7.0,7.0,items,28.0,docs_a81d250e96aa
Recipe_Alternate_AILimiter_Plastic_C,output,Desc_CircuitBoardHighSpeed_C,AI Limiter,2.0,2.0,items,8.0,docs_a81d250e96aa
Recipe_Alternate_TurboPressureMotor_C,input,Desc_Motor_C,Motor,4.0,4.0,items,7.5,docs_a81d250e96aa
Recipe_Alternate_TurboPressureMotor_C,input,Desc_PressureConversionCube_C,Pressure Conversion Cube,1.0,1.0,items,1.875,docs_a81d250e96aa
Recipe_Alternate_TurboPressureMotor_C,input,Desc_PackagedNitrogenGas_C,Packaged Nitrogen Gas,24.0,24.0,items,45.0,docs_a81d250e96aa
Recipe_Alternate_TurboPressureMotor_C,input,Desc_Stator_C,Stator,8.0,8.0,items,15.0,docs_a81d250e96aa
Recipe_Alternate_TurboPressureMotor_C,output,Desc_MotorLightweight_C,Turbo Motor,2.0,2.0,items,3.75,docs_a81d250e96aa
Recipe_Alternate_TurboBlendFuel_C,input,Desc_LiquidFuel_C,Fuel,2000.0,2.0,m3,15.0,docs_a81d250e96aa
Recipe_Alternate_TurboBlendFuel_C,input,Desc_HeavyOilResidue_C,Heavy Oil Residue,4000.0,4.0,m3,30.0,docs_a81d250e96aa
Recipe_Alternate_TurboBlendFuel_C,input,Desc_Sulfur_C,Sulfur,3.0,3.0,items,22.5,docs_a81d250e96aa
Recipe_Alternate_TurboBlendFuel_C,input,Desc_PetroleumCoke_C,Petroleum Coke,3.0,3.0,items,22.5,docs_a81d250e96aa
Recipe_Alternate_TurboBlendFuel_C,output,Desc_LiquidTurboFuel_C,Turbofuel,6000.0,6.0,m3,45.0,docs_a81d250e96aa
Recipe_Alternate_SuperStateComputer_C,input,Desc_Computer_C,Computer,3.0,3.0,items,7.2,docs_a81d250e96aa
Recipe_Alternate_SuperStateComputer_C,input,Desc_ElectromagneticControlRod_C,Electromagnetic Control Rod,1.0,1.0,items,2.4,docs_a81d250e96aa
Recipe_Alternate_SuperStateComputer_C,input,Desc_Battery_C,Battery,10.0,10.0,items,24.0,docs_a81d250e96aa
Recipe_Alternate_SuperStateComputer_C,input,Desc_Wire_C,Wire,25.0,25.0,items,60.0,docs_a81d250e96aa
Recipe_Alternate_SuperStateComputer_C,output,Desc_ComputerSuper_C,Supercomputer,1.0,1.0,items,2.4,docs_a81d250e96aa
Recipe_Alternate_SloppyAlumina_C,input,Desc_OreBauxite_C,Bauxite,10.0,10.0,items,200.0,docs_a81d250e96aa
Recipe_Alternate_SloppyAlumina_C,input,Desc_Water_C,Water,10000.0,10.0,m3,200.0,docs_a81d250e96aa
Recipe_Alternate_SloppyAlumina_C,output,Desc_AluminaSolution_C,Alumina Solution,12000.0,12.0,m3,240.0,docs_a81d250e96aa
Recipe_Alternate_RadioControlSystem_C,input,Desc_CrystalOscillator_C,Crystal Oscillator,1.0,1.0,items,1.5,docs_a81d250e96aa
Recipe_Alternate_RadioControlSystem_C,input,Desc_CircuitBoard_C,Circuit Board,10.0,10.0,items,15.0,docs_a81d250e96aa
Recipe_Alternate_RadioControlSystem_C,input,Desc_AluminumCasing_C,Aluminum Casing,60.0,60.0,items,90.0,docs_a81d250e96aa
Recipe_Alternate_RadioControlSystem_C,input,Desc_Rubber_C,Rubber,30.0,30.0,items,45.0,docs_a81d250e96aa
Recipe_Alternate_RadioControlSystem_C,output,Desc_ModularFrameLightweight_C,Radio Control Unit,3.0,3.0,items,4.5,docs_a81d250e96aa
Recipe_Alternate_PlutoniumFuelUnit_C,input,Desc_PlutoniumCell_C,Encased Plutonium Cell,20.0,20.0,items,10.0,docs_a81d250e96aa
Recipe_Alternate_PlutoniumFuelUnit_C,input,Desc_PressureConversionCube_C,Pressure Conversion Cube,1.0,1.0,items,0.5,docs_a81d250e96aa
Recipe_Alternate_PlutoniumFuelUnit_C,output,Desc_PlutoniumFuelRod_C,Plutonium Fuel Rod,1.0,1.0,items,0.5,docs_a81d250e96aa
Recipe_Alternate_OCSupercomputer_C,input,Desc_ModularFrameLightweight_C,Radio Control Unit,2.0,2.0,items,6.0,docs_a81d250e96aa
Recipe_Alternate_OCSupercomputer_C,input,Desc_CoolingSystem_C,Cooling System,2.0,2.0,items,6.0,docs_a81d250e96aa
Recipe_Alternate_OCSupercomputer_C,output,Desc_ComputerSuper_C,Supercomputer,1.0,1.0,items,3.0,docs_a81d250e96aa
Recipe_Alternate_InstantScrap_C,input,Desc_OreBauxite_C,Bauxite,15.0,15.0,items,150.0,docs_a81d250e96aa
Recipe_Alternate_InstantScrap_C,input,Desc_Coal_C,Coal,10.0,10.0,items,100.0,docs_a81d250e96aa
Recipe_Alternate_InstantScrap_C,input,Desc_SulfuricAcid_C,Sulfuric Acid,5000.0,5.0,m3,50.0,docs_a81d250e96aa
Recipe_Alternate_InstantScrap_C,input,Desc_Water_C,Water,6000.0,6.0,m3,60.0,docs_a81d250e96aa
Recipe_Alternate_InstantScrap_C,output,Desc_AluminumScrap_C,Aluminum Scrap,30.0,30.0,items,300.0,docs_a81d250e96aa
Recipe_Alternate_InstantScrap_C,output,Desc_Water_C,Water,5000.0,5.0,m3,50.0,docs_a81d250e96aa
Recipe_Alternate_InstantPlutoniumCell_C,input,Desc_NonFissibleUranium_C,Non-Fissile Uranium,150.0,150.0,items,75.0,docs_a81d250e96aa
Recipe_Alternate_InstantPlutoniumCell_C,input,Desc_AluminumCasing_C,Aluminum Casing,20.0,20.0,items,10.0,docs_a81d250e96aa
Recipe_Alternate_InstantPlutoniumCell_C,output,Desc_PlutoniumCell_C,Encased Plutonium Cell,20.0,20.0,items,10.0,docs_a81d250e96aa
Recipe_Alternate_HeatFusedFrame_C,input,Desc_ModularFrameHeavy_C,Heavy Modular Frame,1.0,1.0,items,3.0,docs_a81d250e96aa
Recipe_Alternate_HeatFusedFrame_C,input,Desc_AluminumIngot_C,Aluminum Ingot,50.0,50.0,items,150.0,docs_a81d250e96aa
Recipe_Alternate_HeatFusedFrame_C,input,Desc_NitricAcid_C,Nitric Acid,8000.0,8.0,m3,24.0,docs_a81d250e96aa
Recipe_Alternate_HeatFusedFrame_C,input,Desc_LiquidFuel_C,Fuel,10000.0,10.0,m3,30.0,docs_a81d250e96aa
Recipe_Alternate_HeatFusedFrame_C,output,Desc_ModularFrameFused_C,Fused Modular Frame,1.0,1.0,items,3.0,docs_a81d250e96aa
Recipe_Alternate_FertileUranium_C,input,Desc_OreUranium_C,Uranium,5.0,5.0,items,25.0,docs_a81d250e96aa
Recipe_Alternate_FertileUranium_C,input,Desc_NuclearWaste_C,Uranium Waste,5.0,5.0,items,25.0,docs_a81d250e96aa
Recipe_Alternate_FertileUranium_C,input,Desc_NitricAcid_C,Nitric Acid,3000.0,3.0,m3,15.0,docs_a81d250e96aa
Recipe_Alternate_FertileUranium_C,input,Desc_SulfuricAcid_C,Sulfuric Acid,5000.0,5.0,m3,25.0,docs_a81d250e96aa
Recipe_Alternate_FertileUranium_C,output,Desc_NonFissibleUranium_C,Non-Fissile Uranium,20.0,20.0,items,100.0,docs_a81d250e96aa
Recipe_Alternate_FertileUranium_C,output,Desc_Water_C,Water,8000.0,8.0,m3,40.0,docs_a81d250e96aa
Recipe_Alternate_ElectricMotor_C,input,Desc_ElectromagneticControlRod_C,Electromagnetic Control Rod,1.0,1.0,items,3.75,docs_a81d250e96aa
Recipe_Alternate_ElectricMotor_C,input,Desc_Rotor_C,Rotor,2.0,2.0,items,7.5,docs_a81d250e96aa
Recipe_Alternate_ElectricMotor_C,output,Desc_Motor_C,Motor,2.0,2.0,items,7.5,docs_a81d250e96aa
Recipe_Alternate_DilutedFuel_C,input,Desc_HeavyOilResidue_C,Heavy Oil Residue,5000.0,5.0,m3,50.0,docs_a81d250e96aa
Recipe_Alternate_DilutedFuel_C,input,Desc_Water_C,Water,10000.0,10.0,m3,100.0,docs_a81d250e96aa
Recipe_Alternate_DilutedFuel_C,output,Desc_LiquidFuel_C,Fuel,10000.0,10.0,m3,100.0,docs_a81d250e96aa
Recipe_Alternate_CoolingDevice_C,input,Desc_AluminumPlateReinforced_C,Heat Sink,4.0,4.0,items,10.0,docs_a81d250e96aa
Recipe_Alternate_CoolingDevice_C,input,Desc_Motor_C,Motor,1.0,1.0,items,2.5,docs_a81d250e96aa
Recipe_Alternate_CoolingDevice_C,input,Desc_NitrogenGas_C,Nitrogen Gas,24000.0,24.0,m3,60.0,docs_a81d250e96aa
Recipe_Alternate_CoolingDevice_C,output,Desc_CoolingSystem_C,Cooling System,2.0,2.0,items,5.0,docs_a81d250e96aa
Recipe_Alternate_ClassicBattery_C,input,Desc_Sulfur_C,Sulfur,6.0,6.0,items,45.0,docs_a81d250e96aa
Recipe_Alternate_ClassicBattery_C,input,Desc_AluminumPlate_C,Alclad Aluminum Sheet,7.0,7.0,items,52.5,docs_a81d250e96aa
Recipe_Alternate_ClassicBattery_C,input,Desc_Plastic_C,Plastic,8.0,8.0,items,60.0,docs_a81d250e96aa
Recipe_Alternate_ClassicBattery_C,input,Desc_Wire_C,Wire,12.0,12.0,items,90.0,docs_a81d250e96aa
Recipe_Alternate_ClassicBattery_C,output,Desc_Battery_C,Battery,4.0,4.0,items,30.0,docs_a81d250e96aa
Recipe_Alternate_AutomatedMiner_C,input,Desc_SteelPipe_C,Steel Pipe,4.0,4.0,items,4.0,docs_a81d250e96aa
Recipe_Alternate_AutomatedMiner_C,input,Desc_IronPlate_C,Iron Plate,4.0,4.0,items,4.0,docs_a81d250e96aa
Recipe_Alternate_AutomatedMiner_C,output,BP_ItemDescriptorPortableMiner_C,,1.0,1.0,items,1.0,docs_a81d250e96aa
Recipe_Alternate_AlcladCasing_C,input,Desc_AluminumIngot_C,Aluminum Ingot,20.0,20.0,items,150.0,docs_a81d250e96aa
Recipe_Alternate_AlcladCasing_C,input,Desc_CopperIngot_C,Copper Ingot,10.0,10.0,items,75.0,docs_a81d250e96aa
Recipe_Alternate_AlcladCasing_C,output,Desc_AluminumCasing_C,Aluminum Casing,15.0,15.0,items,112.5,docs_a81d250e96aa
Recipe_Alternate_WetConcrete_C,input,Desc_Stone_C,Limestone,6.0,6.0,items,120.0,docs_a81d250e96aa
Recipe_Alternate_WetConcrete_C,input,Desc_Water_C,Water,5000.0,5.0,m3,100.0,docs_a81d250e96aa
Recipe_Alternate_WetConcrete_C,output,Desc_Cement_C,Concrete,4.0,4.0,items,80.0,docs_a81d250e96aa
Recipe_Alternate_TurboHeavyFuel_C,input,Desc_HeavyOilResidue_C,Heavy Oil Residue,5000.0,5.0,m3,37.5,docs_a81d250e96aa
Recipe_Alternate_TurboHeavyFuel_C,input,Desc_CompactedCoal_C,Compacted Coal,4.0,4.0,items,30.0,docs_a81d250e96aa
Recipe_Alternate_TurboHeavyFuel_C,output,Desc_LiquidTurboFuel_C,Turbofuel,4000.0,4.0,m3,30.0,docs_a81d250e96aa
Recipe_Alternate_SteelRod_C,input,Desc_SteelIngot_C,Steel Ingot,1.0,1.0,items,12.0,docs_a81d250e96aa
Recipe_Alternate_SteelRod_C,output,Desc_IronRod_C,Iron Rod,4.0,4.0,items,48.0,docs_a81d250e96aa
Recipe_Alternate_SteelCanister_C,input,Desc_SteelIngot_C,Steel Ingot,4.0,4.0,items,40.0,docs_a81d250e96aa
Recipe_Alternate_SteelCanister_C,output,Desc_FluidCanister_C,Empty Canister,4.0,4.0,items,40.0,docs_a81d250e96aa
Recipe_Alternate_SteamedCopperSheet_C,input,Desc_CopperIngot_C,Copper Ingot,3.0,3.0,items,22.5,docs_a81d250e96aa
Recipe_Alternate_SteamedCopperSheet_C,input,Desc_Water_C,Water,3000.0,3.0,m3,22.5,docs_a81d250e96aa
Recipe_Alternate_SteamedCopperSheet_C,output,Desc_CopperSheet_C,Copper Sheet,3.0,3.0,items,22.5,docs_a81d250e96aa
Recipe_Alternate_RubberConcrete_C,input,Desc_Stone_C,Limestone,10.0,10.0,items,100.0,docs_a81d250e96aa
Recipe_Alternate_RubberConcrete_C,input,Desc_Rubber_C,Rubber,2.0,2.0,items,20.0,docs_a81d250e96aa
Recipe_Alternate_RubberConcrete_C,output,Desc_Cement_C,Concrete,9.0,9.0,items,90.0,docs_a81d250e96aa
Recipe_Alternate_RecycledRubber_C,input,Desc_Plastic_C,Plastic,6.0,6.0,items,30.0,docs_a81d250e96aa
Recipe_Alternate_RecycledRubber_C,input,Desc_LiquidFuel_C,Fuel,6000.0,6.0,m3,30.0,docs_a81d250e96aa
Recipe_Alternate_RecycledRubber_C,output,Desc_Rubber_C,Rubber,12.0,12.0,items,60.0,docs_a81d250e96aa
Recipe_Alternate_PureQuartzCrystal_C,input,Desc_RawQuartz_C,Raw Quartz,9.0,9.0,items,67.5,docs_a81d250e96aa
Recipe_Alternate_PureQuartzCrystal_C,input,Desc_Water_C,Water,5000.0,5.0,m3,37.5,docs_a81d250e96aa
Recipe_Alternate_PureQuartzCrystal_C,output,Desc_QuartzCrystal_C,Quartz Crystal,7.0,7.0,items,52.5,docs_a81d250e96aa
Recipe_Alternate_PureIronIngot_C,input,Desc_OreIron_C,Iron Ore,7.0,7.0,items,35.0,docs_a81d250e96aa
Recipe_Alternate_PureIronIngot_C,input,Desc_Water_C,Water,4000.0,4.0,m3,20.0,docs_a81d250e96aa
Recipe_Alternate_PureIronIngot_C,output,Desc_IronIngot_C,Iron Ingot,13.0,13.0,items,65.0,docs_a81d250e96aa
Recipe_Alternate_PureCopperIngot_C,input,Desc_OreCopper_C,Copper Ore,6.0,6.0,items,15.0,docs_a81d250e96aa
Recipe_Alternate_PureCopperIngot_C,input,Desc_Water_C,Water,4000.0,4.0,m3,10.0,docs_a81d250e96aa
Recipe_Alternate_PureCopperIngot_C,output,Desc_CopperIngot_C,Copper Ingot,15.0,15.0,items,37.5,docs_a81d250e96aa
Recipe_Alternate_PureCateriumIngot_C,input,Desc_OreGold_C,Caterium Ore,2.0,2.0,items,24.0,docs_a81d250e96aa
Recipe_Alternate_PureCateriumIngot_C,input,Desc_Water_C,Water,2000.0,2.0,m3,24.0,docs_a81d250e96aa
Recipe_Alternate_PureCateriumIngot_C,output,Desc_GoldIngot_C,Caterium Ingot,1.0,1.0,items,12.0,docs_a81d250e96aa
Recipe_PureAluminumIngot_C,input,Desc_AluminumScrap_C,Aluminum Scrap,2.0,2.0,items,60.0,docs_a81d250e96aa
Recipe_PureAluminumIngot_C,output,Desc_AluminumIngot_C,Aluminum Ingot,1.0,1.0,items,30.0,docs_a81d250e96aa
Recipe_Alternate_PolymerResin_C,input,Desc_LiquidOil_C,Crude Oil,6000.0,6.0,m3,60.0,docs_a81d250e96aa
Recipe_Alternate_PolymerResin_C,output,Desc_PolymerResin_C,Polymer Resin,13.0,13.0,items,130.0,docs_a81d250e96aa
Recipe_Alternate_PolymerResin_C,output,Desc_HeavyOilResidue_C,Heavy Oil Residue,2000.0,2.0,m3,20.0,docs_a81d250e96aa
Recipe_Alternate_PlasticSmartPlating_C,input,Desc_IronPlateReinforced_C,Reinforced Iron Plate,1.0,1.0,items,2.5,docs_a81d250e96aa
Recipe_Alternate_PlasticSmartPlating_C,input,Desc_Rotor_C,Rotor,1.0,1.0,items,2.5,docs_a81d250e96aa
Recipe_Alternate_PlasticSmartPlating_C,input,Desc_Plastic_C,Plastic,3.0,3.0,items,7.5,docs_a81d250e96aa
Recipe_Alternate_PlasticSmartPlating_C,output,Desc_SpaceElevatorPart_1_C,Smart Plating,2.0,2.0,items,5.0,docs_a81d250e96aa
Recipe_Alternate_HighSpeedWiring_C,input,Desc_Stator_C,Stator,2.0,2.0,items,3.75,docs_a81d250e96aa
Recipe_Alternate_HighSpeedWiring_C,input,Desc_Wire_C,Wire,40.0,40.0,items,75.0,docs_a81d250e96aa
Recipe_Alternate_HighSpeedWiring_C,input,Desc_HighSpeedConnector_C,High-Speed Connector,1.0,1.0,items,1.875,docs_a81d250e96aa
Recipe_Alternate_HighSpeedWiring_C,output,Desc_SpaceElevatorPart_3_C,Automated Wiring,4.0,4.0,items,7.5,docs_a81d250e96aa
Recipe_Alternate_HeavyOilResidue_C,input,Desc_LiquidOil_C,Crude Oil,3000.0,3.0,m3,30.0,docs_a81d250e96aa
Recipe_Alternate_HeavyOilResidue_C,output,Desc_HeavyOilResidue_C,Heavy Oil Residue,4000.0,4.0,m3,40.0,docs_a81d250e96aa
Recipe_Alternate_HeavyOilResidue_C,output,Desc_PolymerResin_C,Polymer Resin,2.0,2.0,items,20.0,docs_a81d250e96aa
Recipe_Alternate_HeavyFlexibleFrame_C,input,Desc_ModularFrame_C,Modular Frame,5.0,5.0,items,18.75,docs_a81d250e96aa
Recipe_Alternate_HeavyFlexibleFrame_C,input,Desc_SteelPlateReinforced_C,Encased Industrial Beam,3.0,3.0,items,11.25,docs_a81d250e96aa
Recipe_Alternate_HeavyFlexibleFrame_C,input,Desc_Rubber_C,Rubber,20.0,20.0,items,75.0,docs_a81d250e96aa
Recipe_Alternate_HeavyFlexibleFrame_C,input,Desc_IronScrew_C,Screws,104.0,104.0,items,390.0,docs_a81d250e96aa
Recipe_Alternate_HeavyFlexibleFrame_C,output,Desc_ModularFrameHeavy_C,Heavy Modular Frame,1.0,1.0,items,3.75,docs_a81d250e96aa
Recipe_Alternate_FusedWire_C,input,Desc_CopperIngot_C,Copper Ingot,4.0,4.0,items,12.0,docs_a81d250e96aa
Recipe_Alternate_FusedWire_C,input,Desc_GoldIngot_C,Caterium Ingot,1.0,1.0,items,3.0,docs_a81d250e96aa
Recipe_Alternate_FusedWire_C,output,Desc_Wire_C,Wire,30.0,30.0,items,90.0,docs_a81d250e96aa
Recipe_Alternate_FlexibleFramework_C,input,Desc_ModularFrame_C,Modular Frame,1.0,1.0,items,3.75,docs_a81d250e96aa
Recipe_Alternate_FlexibleFramework_C,input,Desc_SteelPlate_C,Steel Beam,6.0,6.0,items,22.5,docs_a81d250e96aa
Recipe_Alternate_FlexibleFramework_C,input,Desc_Rubber_C,Rubber,8.0,8.0,items,30.0,docs_a81d250e96aa
Recipe_Alternate_FlexibleFramework_C,output,Desc_SpaceElevatorPart_2_C,Versatile Framework,2.0,2.0,items,7.5,docs_a81d250e96aa
Recipe_Alternate_ElectrodeCircuitBoard_C,input,Desc_Rubber_C,Rubber,4.0,4.0,items,20.0,docs_a81d250e96aa
Recipe_Alternate_ElectrodeCircuitBoard_C,input,Desc_PetroleumCoke_C,Petroleum Coke,8.0,8.0,items,40.0,docs_a81d250e96aa
Recipe_Alternate_ElectrodeCircuitBoard_C,output,Desc_CircuitBoard_C,Circuit Board,1.0,1.0,items,5.0,docs_a81d250e96aa
Recipe_Alternate_ElectroAluminumScrap_C,input,Desc_AluminaSolution_C,Alumina Solution,12000.0,12.0,m3,180.0,docs_a81d250e96aa
Recipe_Alternate_ElectroAluminumScrap_C,input,Desc_PetroleumCoke_C,Petroleum Coke,4.0,4.0,items,60.0,docs_a81d250e96aa
Recipe_Alternate_ElectroAluminumScrap_C,output,Desc_AluminumScrap_C,Aluminum Scrap,20.0,20.0,items,300.0,docs_a81d250e96aa
Recipe_Alternate_ElectroAluminumScrap_C,output,Desc_Water_C,Water,7000.0,7.0,m3,105.0,docs_a81d250e96aa
Recipe_Alternate_DilutedPackagedFuel_C,input,Desc_HeavyOilResidue_C,Heavy Oil Residue,1000.0,1.0,m3,30.0,docs_a81d250e96aa
Recipe_Alternate_DilutedPackagedFuel_C,input,Desc_PackagedWater_C,Packaged Water,2.0,2.0,items,60.0,docs_a81d250e96aa
Recipe_Alternate_DilutedPackagedFuel_C,output,Desc_Fuel_C,Packaged Fuel,2.0,2.0,items,60.0,docs_a81d250e96aa
Recipe_Alternate_CopperRotor_C,input,Desc_CopperSheet_C,Copper Sheet,6.0,6.0,items,22.5,docs_a81d250e96aa
Recipe_Alternate_CopperRotor_C,input,Desc_IronScrew_C,Screws,52.0,52.0,items,195.0,docs_a81d250e96aa
Recipe_Alternate_CopperRotor_C,output,Desc_Rotor_C,Rotor,3.0,3.0,items,11.25,docs_a81d250e96aa
Recipe_Alternate_CopperAlloyIngot_C,input,Desc_OreCopper_C,Copper Ore,5.0,5.0,items,50.0,docs_a81d250e96aa
Recipe_Alternate_CopperAlloyIngot_C,input,Desc_OreIron_C,Iron Ore,5.0,5.0,items,50.0,docs_a81d250e96aa
Recipe_Alternate_CopperAlloyIngot_C,output,Desc_CopperIngot_C,Copper Ingot,10.0,10.0,items,100.0,docs_a81d250e96aa
Recipe_Alternate_CokeSteelIngot_C,input,Desc_OreIron_C,Iron Ore,15.0,15.0,items,75.0,docs_a81d250e96aa
Recipe_Alternate_CokeSteelIngot_C,input,Desc_PetroleumCoke_C,Petroleum Coke,15.0,15.0,items,75.0,docs_a81d250e96aa
Recipe_Alternate_CokeSteelIngot_C,output,Desc_SteelIngot_C,Steel Ingot,20.0,20.0,items,100.0,docs_a81d250e96aa
Recipe_Alternate_CoatedIronPlate_C,input,Desc_IronIngot_C,Iron Ingot,5.0,5.0,items,37.5,docs_a81d250e96aa
Recipe_Alternate_CoatedIronPlate_C,input,Desc_Plastic_C,Plastic,1.0,1.0,items,7.5,docs_a81d250e96aa
Recipe_Alternate_CoatedIronPlate_C,output,Desc_IronPlate_C,Iron Plate,10.0,10.0,items,75.0,docs_a81d250e96aa
Recipe_Alternate_CoatedIronCanister_C,input,Desc_IronPlate_C,Iron Plate,2.0,2.0,items,30.0,docs_a81d250e96aa
Recipe_Alternate_CoatedIronCanister_C,input,Desc_CopperSheet_C,Copper Sheet,1.0,1.0,items,15.0,docs_a81d250e96aa
Recipe_Alternate_CoatedIronCanister_C,output,Desc_FluidCanister_C,Empty Canister,4.0,4.0,items,60.0,docs_a81d250e96aa
Recipe_Alternate_CoatedCable_C,input,Desc_Wire_C,Wire,5.0,5.0,items,37.5,docs_a81d250e96aa
Recipe_Alternate_CoatedCable_C,input,Desc_HeavyOilResidue_C,Heavy Oil Residue,2000.0,2.0,m3,15.0,docs_a81d250e96aa
Recipe_Alternate_CoatedCable_C,output,Desc_Cable_C,Cable,9.0,9.0,items,67.5,docs_a81d250e96aa
Recipe_Alternate_BoltedFrame_C,input,Desc_IronPlateReinforced_C,Reinforced Iron Plate,3.0,3.0,items,7.5,docs_a81d250e96aa
Recipe_Alternate_BoltedFrame_C,input,Desc_IronScrew_C,Screws,56.0,56.0,items,140.0,docs_a81d250e96aa
Recipe_Alternate_BoltedFrame_C,output,Desc_ModularFrame_C,Modular Frame,2.0,2.0,items,5.0,docs_a81d250e96aa
Recipe_Alternate_AdheredIronPlate_C,input,Desc_IronPlate_C,Iron Plate,3.0,3.0,items,11.25,docs_a81d250e96aa
Recipe_Alternate_AdheredIronPlate_C,input,Desc_Rubber_C,Rubber,1.0,1.0,items,3.75,docs_a81d250e96aa
Recipe_Alternate_AdheredIronPlate_C,output,Desc_IronPlateReinforced_C,Reinforced Iron Plate,1.0,1.0,items,3.75,docs_a81d250e96aa
Recipe_Alternate_RocketFuel_Nitro_C,input,Desc_LiquidFuel_C,Fuel,4000.0,4.0,m3,100.0,docs_a81d250e96aa
Recipe_Alternate_RocketFuel_Nitro_C,input,Desc_NitrogenGas_C,Nitrogen Gas,3000.0,3.0,m3,75.0,docs_a81d250e96aa
Recipe_Alternate_RocketFuel_Nitro_C,input,Desc_Sulfur_C,Sulfur,4.0,4.0,items,100.0,docs_a81d250e96aa
Recipe_Alternate_RocketFuel_Nitro_C,input,Desc_Coal_C,Coal,2.0,2.0,items,50.0,docs_a81d250e96aa
Recipe_Alternate_RocketFuel_Nitro_C,output,Desc_RocketFuel_C,Rocket Fuel,6000.0,6.0,m3,150.0,docs_a81d250e96aa
Recipe_Alternate_RocketFuel_Nitro_C,output,Desc_CompactedCoal_C,Compacted Coal,1.0,1.0,items,25.0,docs_a81d250e96aa
Recipe_Alternate_IonizedFuel_Dark_C,input,Desc_PackagedRocketFuel_C,Packaged Rocket Fuel,12.0,12.0,items,240.0,docs_a81d250e96aa
Recipe_Alternate_IonizedFuel_Dark_C,input,Desc_DarkMatter_C,Dark Matter Crystal,4.0,4.0,items,80.0,docs_a81d250e96aa
Recipe_Alternate_IonizedFuel_Dark_C,output,Desc_IonizedFuel_C,Ionized Fuel,10000.0,10.0,m3,200.0,docs_a81d250e96aa
Recipe_Alternate_IonizedFuel_Dark_C,output,Desc_CompactedCoal_C,Compacted Coal,2.0,2.0,items,40.0,docs_a81d250e96aa
Recipe_Alternate_Diamond_Turbo_C,input,Desc_Coal_C,Coal,30.0,30.0,items,600.0,docs_a81d250e96aa
Recipe_Alternate_Diamond_Turbo_C,input,Desc_TurboFuel_C,Packaged Turbofuel,2.0,2.0,items,40.0,docs_a81d250e96aa
Recipe_Alternate_Diamond_Turbo_C,output,Desc_Diamond_C,Diamonds,3.0,3.0,items,60.0,docs_a81d250e96aa
Recipe_Alternate_Diamond_Pink_C,input,Desc_Coal_C,Coal,8.0,8.0,items,120.0,docs_a81d250e96aa
Recipe_Alternate_Diamond_Pink_C,input,Desc_QuartzCrystal_C,Quartz Crystal,3.0,3.0,items,45.0,docs_a81d250e96aa
Recipe_Alternate_Diamond_Pink_C,output,Desc_Diamond_C,Diamonds,1.0,1.0,items,15.0,docs_a81d250e96aa
Recipe_Alternate_Diamond_Petroleum_C,input,Desc_PetroleumCoke_C,Petroleum Coke,24.0,24.0,items,720.0,docs_a81d250e96aa
Recipe_Alternate_Diamond_Petroleum_C,output,Desc_Diamond_C,Diamonds,1.0,1.0,items,30.0,docs_a81d250e96aa
Recipe_Alternate_Diamond_OilBased_C,input,Desc_LiquidOil_C,Crude Oil,10000.0,10.0,m3,200.0,docs_a81d250e96aa
Recipe_Alternate_Diamond_OilBased_C,output,Desc_Diamond_C,Diamonds,2.0,2.0,items,40.0,docs_a81d250e96aa
Recipe_Alternate_Diamond_Cloudy_C,input,Desc_Coal_C,Coal,12.0,12.0,items,240.0,docs_a81d250e96aa
Recipe_Alternate_Diamond_Cloudy_C,input,Desc_Stone_C,Limestone,24.0,24.0,items,480.0,docs_a81d250e96aa
Recipe_Alternate_Diamond_Cloudy_C,output,Desc_Diamond_C,Diamonds,1.0,1.0,items,20.0,docs_a81d250e96aa
Recipe_Alternate_DarkMatter_Trap_C,input,Desc_TimeCrystal_C,Time Crystal,1.0,1.0,items,30.0,docs_a81d250e96aa
Recipe_Alternate_DarkMatter_Trap_C,input,Desc_DarkEnergy_C,Dark Matter Residue,5000.0,5.0,m3,150.0,docs_a81d250e96aa
Recipe_Alternate_DarkMatter_Trap_C,output,Desc_DarkMatter_C,Dark Matter Crystal,2.0,2.0,items,60.0,docs_a81d250e96aa
Recipe_Alternate_DarkMatter_Crystallization_C,input,Desc_DarkEnergy_C,Dark Matter Residue,10000.0,10.0,m3,200.0,docs_a81d250e96aa
Recipe_Alternate_DarkMatter_Crystallization_C,output,Desc_DarkMatter_C,Dark Matter Crystal,1.0,1.0,items,20.0,docs_a81d250e96aa
Recipe_Fireworks_01_C,input,Desc_XmasBranch_C,FICSMAS Tree Branch,6.0,6.0,items,15.0,docs_a81d250e96aa
Recipe_Fireworks_01_C,input,Desc_CandyCane_C,Candy Cane,3.0,3.0,items,7.5,docs_a81d250e96aa
Recipe_Fireworks_01_C,output,Desc_Fireworks_Projectile_01_C,,1.0,1.0,items,2.5,docs_a81d250e96aa
Recipe_Fireworks_02_C,input,Desc_XmasBranch_C,FICSMAS Tree Branch,4.0,4.0,items,10.0,docs_a81d250e96aa
Recipe_Fireworks_02_C,input,Desc_XmasBow_C,FICSMAS Bow,3.0,3.0,items,7.5,docs_a81d250e96aa
Recipe_Fireworks_02_C,output,Desc_Fireworks_Projectile_02_C,,1.0,1.0,items,2.5,docs_a81d250e96aa
Recipe_Fireworks_03_C,input,Desc_XmasBranch_C,FICSMAS Tree Branch,3.0,3.0,items,7.5,docs_a81d250e96aa
Recipe_Fireworks_03_C,input,Desc_Snow_C,FICSMAS Actual Snow,2.0,2.0,items,5.0,docs_a81d250e96aa
Recipe_Fireworks_03_C,output,Desc_Fireworks_Projectile_03_C,,1.0,1.0,items,2.5,docs_a81d250e96aa
