schematic_id,recipe_id,unlock_class,game_build_id
Schematic_StartingRecipes_C,Recipe_IngotIron_C,BP_UnlockRecipe_C,docs_a81d250e96aa
Schematic_StartingRecipes_C,Recipe_IronPlate_C,BP_UnlockRecipe_C,docs_a81d250e96aa
Schematic_StartingRecipes_C,Recipe_IronRod_C,BP_UnlockRecipe_C,docs_a81d250e96aa
Schematic_StartingRecipes_C,Recipe_TradingPost_C,BP_UnlockRecipe_C,docs_a81d250e96aa
Schematic_StartingRecipes_C,Recipe_XenoZapper_C,BP_UnlockRecipe_C,docs_a81d250e96aa
Schematic_StartingRecipes_C,Recipe_WorkBench_C,BP_UnlockRecipe_C,docs_a81d250e96aa
Schematic_SaveCompatibility_C,Recipe_Fence_01_C,BP_UnlockRecipe_C,docs_a81d250e96aa
Schematic_SaveCompatibility_C,Recipe_Wall_Window_8x4_03_Steel_C,BP_UnlockRecipe_C,docs_a81d250e96aa
Schematic_SaveCompatibility_C,Recipe_Wall_Conveyor_8x4_04_C,BP_UnlockRecipe_C,docs_a81d250e96aa
Schematic_SaveCompatibility_C,Recipe_Wall_Conveyor_8x4_04_Steel_C,BP_UnlockRecipe_C,docs_a81d250e96aa
Schematic_SaveCompatibility_C,Recipe_JumpPad_C,BP_UnlockRecipe_C,docs_a81d250e96aa
Schematic_SaveCompatibility_C,Recipe_JumpPadTilted_C,BP_UnlockRecipe_C,docs_a81d250e96aa
Schematic_SaveCompatibility_C,Recipe_Walkway_Straight_C,BP_UnlockRecipe_C,docs_a81d250e96aa
Schematic_SaveCompatibility_C,Recipe_Walkway_Cross_C,BP_UnlockRecipe_C,docs_a81d250e96aa
Schematic_SaveCompatibility_C,Recipe_Walkway_T_C,BP_UnlockRecipe_C,docs_a81d250e96aa
Schematic_SaveCompatibility_C,Recipe_Walkway_Ramp_C,BP_UnlockRecipe_C,docs_a81d250e96aa
Schematic_SaveCompatibility_C,Recipe_Walkway_Turn_C,BP_UnlockRecipe_C,docs_a81d250e96aa
Schematic_SaveCompatibility_C,Recipe_PillarTop_C,BP_UnlockRecipe_C,docs_a81d250e96aa
Schematic_SaveCompatibility_C,Recipe_SteelWall_8x4_C,BP_UnlockRecipe_C,docs_a81d250e96aa
Schematic_SaveCompatibility_C,Recipe_Stairs_Left_01_C,BP_UnlockRecipe_C,docs_a81d250e96aa
Schematic_SaveCompatibility_C,Recipe_Stairs_Right_01_C,BP_UnlockRecipe_C,docs_a81d250e96aa
Schematic_Tutorial1_C,Recipe_Workshop_C,BP_UnlockRecipe_C,docs_a81d250e96aa
Schematic_Tutorial1_C,Recipe_PortableMiner_C,BP_UnlockRecipe_C,docs_a81d250e96aa
Schematic_Tutorial1_5_C,Recipe_SmelterBasicMk1_C,BP_UnlockRecipe_C,docs_a81d250e96aa
Schematic_Tutorial1_5_C,Recipe_PowerLine_C,BP_UnlockRecipe_C,docs_a81d250e96aa
Schematic_Tutorial1_5_C,Recipe_IngotCopper_C,BP_UnlockRecipe_C,docs_a81d250e96aa
Schematic_Tutorial1_5_C,Recipe_Wire_C,BP_UnlockRecipe_C,docs_a81d250e96aa
Schematic_Tutorial1_5_C,Recipe_Cable_C,BP_UnlockRecipe_C,docs_a81d250e96aa
Schematic_Tutorial2_C,Recipe_ConstructorMk1_C,BP_UnlockRecipe_C,docs_a81d250e96aa
Schematic_Tutorial2_C,Recipe_PowerPoleMk1_C,BP_UnlockRecipe_C,docs_a81d250e96aa
Schematic_Tutorial2_C,Recipe_Concrete_C,BP_UnlockRecipe_C,docs_a81d250e96aa
Schematic_Tutorial2_C,Recipe_Screw_C,BP_UnlockRecipe_C,docs_a81d250e96aa
Schematic_Tutorial2_C,Recipe_IronPlateReinforced_C,BP_UnlockRecipe_C,docs_a81d250e96aa
Schematic_Tutorial3_C,Recipe_ConveyorPole_C,BP_UnlockRecipe_C,docs_a81d250e96aa
Schematic_Tutorial3_C,Recipe_ConveyorBeltMk1_C,BP_UnlockRecipe_C,docs_a81d250e96aa
Schematic_Tutorial4_C,Recipe_MinerMk1_C,BP_UnlockRecipe_C,docs_a81d250e96aa
Schematic_Tutorial4_C,Recipe_StorageContainerMk1_C,BP_UnlockRecipe_C,docs_a81d250e96aa
Schematic_Tutorial5_C,Recipe_SpaceElevator_C,BP_UnlockRecipe_C,docs_a81d250e96aa
Schematic_Tutorial5_C,Recipe_Biomass_Wood_C,BP_UnlockRecipe_C,docs_a81d250e96aa
Schematic_Tutorial5_C,Recipe_Biomass_Leaves_C,BP_UnlockRecipe_C,docs_a81d250e96aa
Schematic_Tutorial5_C,Recipe_GeneratorBiomass_Automated_C,BP_UnlockRecipe_C,docs_a81d250e96aa
CBG_Colour_ConcreteSwatch_C,Recipe_Swatch_Concrete_C,BP_UnlockRecipe_C,docs_a81d250e96aa
Research_Quartz_1_2_C,Recipe_Silica_C,BP_UnlockRecipe_C,docs_a81d250e96aa
Schematic_3-4_C,Recipe_SmelterMk1_C,BP_UnlockRecipe_C,docs_a81d250e96aa
Schematic_3-4_C,Recipe_IngotSteel_C,BP_UnlockRecipe_C,docs_a81d250e96aa
Schematic_3-4_C,Recipe_SteelBeam_C,BP_UnlockRecipe_C,docs_a81d250e96aa
Schematic_3-4_C,Recipe_SteelPipe_C,BP_UnlockRecipe_C,docs_a81d250e96aa
Schematic_3-4_C,Recipe_SpaceElevatorPart_2_C,BP_UnlockRecipe_C,docs_a81d250e96aa
CBG_Steel_Walls_Basic_C,Recipe_SteelWall_8x1_C,BP_UnlockRecipe_C,docs_a81d250e96aa
CBG_Steel_Walls_Basic_C,Recipe_Wall_8x4_02_C,BP_UnlockRecipe_C,docs_a81d250e96aa
CBG_Concrete_Walls_Basic_C,Recipe_Wall_Concrete_8x1_C,BP_UnlockRecipe_C,docs_a81d250e96aa
CBG_Concrete_Walls_Basic_C,Recipe_Wall_Concrete_8x4_C,BP_UnlockRecipe_C,docs_a81d250e96aa
Schematic_1-1_C,Recipe_LookoutTower_C,BP_UnlockRecipe_C,docs_a81d250e96aa
Schematic_1-1_C,Recipe_Foundation_8x1_01_C,BP_UnlockRecipe_C,docs_a81d250e96aa
Schematic_1-1_C,Recipe_Foundation_8x2_01_C,BP_UnlockRecipe_C,docs_a81d250e96aa
Schematic_1-1_C,Recipe_Foundation_8x4_01_C,BP_UnlockRecipe_C,docs_a81d250e96aa
Schematic_1-1_C,Recipe_Ramp_8x1_01_C,BP_UnlockRecipe_C,docs_a81d250e96aa
Schematic_1-1_C,Recipe_Ramp_8x2_01_C,BP_UnlockRecipe_C,docs_a81d250e96aa
Schematic_1-1_C,Recipe_Ramp_8x4_01_C,BP_UnlockRecipe_C,docs_a81d250e96aa
Schematic_1-1_C,Recipe_Wall_8x4_01_C,BP_UnlockRecipe_C,docs_a81d250e96aa
Schematic_1-1_C,Recipe_Wall_Orange_8x1_C,BP_UnlockRecipe_C,docs_a81d250e96aa
CBG_Foundations_Concrete_C,Recipe_Foundation_Concrete_8x1_C,BP_UnlockRecipe_C,docs_a81d250e96aa
CBG_Foundations_Concrete_C,Recipe_Foundation_Concrete_8x2_C,BP_UnlockRecipe_C,docs_a81d250e96aa
CBG_Foundations_Concrete_C,Recipe_Foundation_Concrete_8x4_C,BP_UnlockRecipe_C,docs_a81d250e96aa
CBG_Foundations_Concrete_C,Recipe_Ramp_Concrete_8x1_C,BP_UnlockRecipe_C,docs_a81d250e96aa
CBG_Foundations_Concrete_C,Recipe_Ramp_Concrete_8x2_C,BP_UnlockRecipe_C,docs_a81d250e96aa
CBG_Foundations_Concrete_C,Recipe_Ramp_Concrete_8x4_C,BP_UnlockRecipe_C,docs_a81d250e96aa
CBG_Foundations_Metal_C,Recipe_Foundation_Metal_8x1_C,BP_UnlockRecipe_C,docs_a81d250e96aa
CBG_Foundations_Metal_C,Recipe_Foundation_Metal_8x2_C,BP_UnlockRecipe_C,docs_a81d250e96aa
CBG_Foundations_Metal_C,Recipe_Foundation_Metal_8x4_C,BP_UnlockRecipe_C,docs_a81d250e96aa
CBG_Foundations_Metal_C,Recipe_Ramp_Metal_8x1_C,BP_UnlockRecipe_C,docs_a81d250e96aa
CBG_Foundations_Metal_C,Recipe_Ramp_Metal_8x2_C,BP_UnlockRecipe_C,docs_a81d250e96aa
CBG_Foundations_Metal_C,Recipe_Ramp_Metal_8x4_C,BP_UnlockRecipe_C,docs_a81d250e96aa
CBG_Foundations_Asphalt_C,Recipe_Foundation_Asphalt_8x1_C,BP_UnlockRecipe_C,docs_a81d250e96aa
CBG_Foundations_Asphalt_C,Recipe_Foundation_Asphalt_8x2_C,BP_UnlockRecipe_C,docs_a81d250e96aa
CBG_Foundations_Asphalt_C,Recipe_Foundation_Asphalt_8x4_C,BP_UnlockRecipe_C,docs_a81d250e96aa
CBG_Foundations_Asphalt_C,Recipe_Ramp_Asphalt_8x1_C,BP_UnlockRecipe_C,docs_a81d250e96aa
CBG_Foundations_Asphalt_C,Recipe_Ramp_Asphalt_8x2_C,BP_UnlockRecipe_C,docs_a81d250e96aa
CBG_Foundations_Asphalt_C,Recipe_Ramp_Asphalt_8x4_C,BP_UnlockRecipe_C,docs_a81d250e96aa
CBG_Foundations_Coated_C,Recipe_Foundation_ConcretePolished_8x1_C,BP_UnlockRecipe_C,docs_a81d250e96aa
CBG_Foundations_Coated_C,Recipe_Foundation_ConcretePolished_8x2_C,BP_UnlockRecipe_C,docs_a81d250e96aa
CBG_Foundations_Coated_C,Recipe_Foundation_ConcretePolished_8x4_C,BP_UnlockRecipe_C,docs_a81d250e96aa
CBG_Foundations_Coated_C,Recipe_Ramp_Polished_8x1_C,BP_UnlockRecipe_C,docs_a81d250e96aa
CBG_Foundations_Coated_C,Recipe_Ramp_Polished_8x2_C,BP_UnlockRecipe_C,docs_a81d250e96aa
CBG_Foundations_Coated_C,Recipe_Ramp_Polished_8x4_C,BP_UnlockRecipe_C,docs_a81d250e96aa
Schematic_5-1-1_C,Recipe_ResidualPlastic_C,BP_UnlockRecipe_C,docs_a81d250e96aa
Schematic_5-1-1_C,Recipe_ResidualRubber_C,BP_UnlockRecipe_C,docs_a81d250e96aa
Schematic_5-1-1_C,Recipe_ResidualFuel_C,BP_UnlockRecipe_C,docs_a81d250e96aa
Schematic_5-1_C,Recipe_PetroleumCoke_C,BP_UnlockRecipe_C,docs_a81d250e96aa
Schematic_5-1_C,Recipe_CircuitBoard_C,BP_UnlockRecipe_C,docs_a81d250e96aa
Schematic_5-1_C,Recipe_OilPump_C,BP_UnlockRecipe_C,docs_a81d250e96aa
Schematic_5-1_C,Recipe_OilRefinery_C,BP_UnlockRecipe_C,docs_a81d250e96aa
Schematic_5-1_C,Recipe_Valve_C,BP_UnlockRecipe_C,docs_a81d250e96aa
Schematic_5-1_C,Recipe_Plastic_C,BP_UnlockRecipe_C,docs_a81d250e96aa
Schematic_5-1_C,Recipe_Rubber_C,BP_UnlockRecipe_C,docs_a81d250e96aa
Schematic_5-1_C,Recipe_LiquidFuel_C,BP_UnlockRecipe_C,docs_a81d250e96aa
Schematic_4-4_C,Recipe_PipeHyperStart_C,BP_UnlockRecipe_C,docs_a81d250e96aa
Schematic_4-4_C,Recipe_PipeHyper_C,BP_UnlockRecipe_C,docs_a81d250e96aa
Schematic_4-4_C,Recipe_PipeHyperSupport_C,BP_UnlockRecipe_C,docs_a81d250e96aa
Schematic_4-4_C,Recipe_HyperPoleStackable_C,BP_UnlockRecipe_C,docs_a81d250e96aa
Schematic_4-4_C,Recipe_HyperTubeJunction_C,BP_UnlockRecipe_C,docs_a81d250e96aa
Schematic_4-4_C,Recipe_HyperTubeTJunction_C,BP_UnlockRecipe_C,docs_a81d250e96aa
CustomizerUnlock_ColourSwatches_C,Recipe_Swatch_Slot0_C,BP_UnlockRecipe_C,docs_a81d250e96aa
CustomizerUnlock_ColourSwatches_C,Recipe_Swatch_Slot1_C,BP_UnlockRecipe_C,docs_a81d250e96aa
CustomizerUnlock_ColourSwatches_C,Recipe_Swatch_Slot2_C,BP_UnlockRecipe_C,docs_a81d250e96aa
CustomizerUnlock_ColourSwatches_C,Recipe_Swatch_Slot3_C,BP_UnlockRecipe_C,docs_a81d250e96aa
CustomizerUnlock_ColourSwatches_C,Recipe_Swatch_Slot4_C,BP_UnlockRecipe_C,docs_a81d250e96aa
CustomizerUnlock_ColourSwatches_C,Recipe_Swatch_Slot5_C,BP_UnlockRecipe_C,docs_a81d250e96aa
CustomizerUnlock_ColourSwatches_C,Recipe_Swatch_Slot6_C,BP_UnlockRecipe_C,docs_a81d250e96aa
CustomizerUnlock_ColourSwatches_C,Recipe_Swatch_Slot7_C,BP_UnlockRecipe_C,docs_a81d250e96aa
CustomizerUnlock_ColourSwatches_C,Recipe_Swatch_Slot8_C,BP_UnlockRecipe_C,docs_a81d250e96aa
CustomizerUnlock_ColourSwatches_C,Recipe_Swatch_Slot9_C,BP_UnlockRecipe_C,docs_a81d250e96aa
CustomizerUnlock_ColourSwatches_C,Recipe_Swatch_Slot10_C,BP_UnlockRecipe_C,docs_a81d250e96aa
CustomizerUnlock_ColourSwatches_C,Recipe_Swatch_Slot11_C,BP_UnlockRecipe_C,docs_a81d250e96aa
CustomizerUnlock_ColourSwatches_C,Recipe_Swatch_Slot12_C,BP_UnlockRecipe_C,docs_a81d250e96aa
CustomizerUnlock_ColourSwatches_C,Recipe_Swatch_Slot13_C,BP_UnlockRecipe_C,docs_a81d250e96aa
CustomizerUnlock_ColourSwatches_C,Recipe_Swatch_Slot14_C,BP_UnlockRecipe_C,docs_a81d250e96aa
CustomizerUnlock_ColourSwatches_C,Recipe_Swatch_Slot15_C,BP_UnlockRecipe_C,docs_a81d250e96aa
CustomizerUnlock_ColourSwatches_C,Recipe_Swatch_Slot16_C,BP_UnlockRecipe_C,docs_a81d250e96aa
CustomizerUnlock_ColourSwatches_C,Recipe_Swatch_Slot18_C,BP_UnlockRecipe_C,docs_a81d250e96aa
CustomizerUnlock_ColourSwatches_C,Recipe_Swatch_Slot19_C,BP_UnlockRecipe_C,docs_a81d250e96aa
CustomizerUnlock_ColourSwatches_C,Recipe_Swatch_Slot20_C,BP_UnlockRecipe_C,docs_a81d250e96aa
CustomizerUnlock_ColourSwatches_C,Recipe_Swatch_Custom_C,BP_UnlockRecipe_C,docs_a81d250e96aa
CustomizerUnlock_ColourSwatches_C,Recipe_Swatch_ProjectAssembly_C,BP_UnlockRecipe_C,docs_a81d250e96aa
Research_Caterium_4_2_C,Recipe_PowerPoleMk2_C,BP_UnlockRecipe_C,docs_a81d250e96aa
Research_Caterium_6_2_C,Recipe_PowerPoleMk3_C,BP_UnlockRecipe_C,docs_a81d250e96aa
Schematic_2-5_C,Recipe_ResourceSink_C,BP_UnlockRecipe_C,docs_a81d250e96aa
Schematic_2-5_C,Recipe_ResourceSinkShop_C,BP_UnlockRecipe_C,docs_a81d250e96aa
CustomizerUnlock_PipelineSwatch_C,Recipe_Swatch_Slot17_C,BP_UnlockRecipe_C,docs_a81d250e96aa
Schematic_3-1_C,Recipe_GeneratorCoal_C,BP_UnlockRecipe_C,docs_a81d250e96aa
Schematic_3-1_C,Recipe_WaterPump_C,BP_UnlockRecipe_C,docs_a81d250e96aa
Schematic_3-1_C,Recipe_Pipeline_C,BP_UnlockRecipe_C,docs_a81d250e96aa
Schematic_3-1_C,Recipe_PipeSupport_C,BP_UnlockRecipe_C,docs_a81d250e96aa
Schematic_3-1_C,Recipe_PipelineJunction_Cross_C,BP_UnlockRecipe_C,docs_a81d250e96aa
Schematic_3-1_C,Recipe_PipelineJunction_T_C,BP_UnlockRecipe_C,docs_a81d250e96aa
Schematic_3-1_C,Recipe_PipelinePump_C,BP_UnlockRecipe_C,docs_a81d250e96aa
Schematic_3-1_C,Recipe_PipeStorageTank_C,BP_UnlockRecipe_C,docs_a81d250e96aa
CBG_Ramps_Inverted_Asphalt_C,Recipe_InvertedRamp_Asphalt_8x1_C,BP_UnlockRecipe_C,docs_a81d250e96aa
CBG_Ramps_Inverted_Asphalt_C,Recipe_InvertedRamp_Asphalt_8x2_C,BP_UnlockRecipe_C,docs_a81d250e96aa
CBG_Ramps_Inverted_Asphalt_C,Recipe_InvertedRamp_Asphalt_8x4_C,BP_UnlockRecipe_C,docs_a81d250e96aa
ResourceSink_Customizer_Asphalt_FoundationMaterial_C,Recipe_Material_Foundation_Asphalt_C,BP_UnlockRecipe_C,docs_a81d250e96aa
CBG_ExtensionQuarterPipes_Asphalt_C,Recipe_QuarterPipeMiddleInCorner_Asphalt_8x1_C,BP_UnlockRecipe_C,docs_a81d250e96aa
CBG_ExtensionQuarterPipes_Asphalt_C,Recipe_QuarterPipeMiddleInCorner_Asphalt_8x2_C,BP_UnlockRecipe_C,docs_a81d250e96aa
CBG_ExtensionQuarterPipes_Asphalt_C,Recipe_QuarterPipeMiddleInCorner_Asphalt_8x4_C,BP_UnlockRecipe_C,docs_a81d250e96aa
CBG_ExtensionQuarterPipes_Asphalt_C,Recipe_QuarterPipeMiddleOutCorner_Asphalt_4x1_C,BP_UnlockRecipe_C,docs_a81d250e96aa
CBG_ExtensionQuarterPipes_Asphalt_C,Recipe_QuarterPipeMiddleOutCorner_Asphalt_4x2_C,BP_UnlockRecipe_C,docs_a81d250e96aa
CBG_ExtensionQuarterPipes_Asphalt_C,Recipe_QuarterPipeMiddleOutCorner_Asphalt_4x4_C,BP_UnlockRecipe_C,docs_a81d250e96aa
ResourceSink_QuarterPipeExtensions_C,Recipe_QuarterPipeMiddleInCorner_Ficsit_8x1_C,BP_UnlockRecipe_C,docs_a81d250e96aa
ResourceSink_QuarterPipeExtensions_C,Recipe_QuarterPipeMiddleInCorner_Ficsit_8x2_C,BP_UnlockRecipe_C,docs_a81d250e96aa
ResourceSink_QuarterPipeExtensions_C,Recipe_QuarterPipeMiddleInCorner_Ficsit_8x4_C,BP_UnlockRecipe_C,docs_a81d250e96aa
ResourceSink_QuarterPipeExtensions_C,Recipe_QuarterPipeMiddleOutCorner_Ficsit_4x1_C,BP_UnlockRecipe_C,docs_a81d250e96aa
ResourceSink_QuarterPipeExtensions_C,Recipe_QuarterPipeMiddleOutCorner_Ficsit_4x2_C,BP_UnlockRecipe_C,docs_a81d250e96aa
ResourceSink_QuarterPipeExtensions_C,Recipe_QuarterPipeMiddleOutCorner_Ficsit_4x4_C,BP_UnlockRecipe_C,docs_a81d250e96aa
CBG_ExtensionQuarterPipes_Concrete_C,Recipe_QuarterPipeMiddleInCorner_Concrete_8x1_C,BP_UnlockRecipe_C,docs_a81d250e96aa
CBG_ExtensionQuarterPipes_Concrete_C,Recipe_QuarterPipeMiddleInCorner_Concrete_8x2_C,BP_UnlockRecipe_C,docs_a81d250e96aa
CBG_ExtensionQuarterPipes_Concrete_C,Recipe_QuarterPipeMiddleInCorner_Concrete_8x4_C,BP_UnlockRecipe_C,docs_a81d250e96aa
CBG_ExtensionQuarterPipes_Concrete_C,Recipe_QuarterPipeMiddleOutCorner_Concrete_4x1_C,BP_UnlockRecipe_C,docs_a81d250e96aa
CBG_ExtensionQuarterPipes_Concrete_C,Recipe_QuarterPipeMiddleOutCorner_Concrete_4x2_C,BP_UnlockRecipe_C,docs_a81d250e96aa
CBG_ExtensionQuarterPipes_Concrete_C,Recipe_QuarterPipeMiddleOutCorner_Concrete_4x4_C,BP_UnlockRecipe_C,docs_a81d250e96aa
ResourceSink_Customizer_Concrete_FoundationMaterial_C,Recipe_Material_Foundation_Concrete_C,BP_UnlockRecipe_C,docs_a81d250e96aa
CBG_Half_Foundations_Concrete_C,Recipe_QuarterPipeMiddle_Concrete_8x1_C,BP_UnlockRecipe_C,docs_a81d250e96aa
CBG_Half_Foundations_Concrete_C,Recipe_QuarterPipeMiddle_Concrete_8x2_C,BP_UnlockRecipe_C,docs_a81d250e96aa
CBG_Half_Foundations_Concrete_C,Recipe_QuarterPipeMiddle_Concrete_8x4_C,BP_UnlockRecipe_C,docs_a81d250e96aa
ResourceSink_HalfFoundations_C,Recipe_QuarterPipeMiddle_Ficsit_4x1_C,BP_UnlockRecipe_C,docs_a81d250e96aa
ResourceSink_HalfFoundations_C,Recipe_QuarterPipeMiddle_Ficsit_4x2_C,BP_UnlockRecipe_C,docs_a81d250e96aa
ResourceSink_HalfFoundations_C,Recipe_QuarterPipeMiddle_Ficsit_4x4_C,BP_UnlockRecipe_C,docs_a81d250e96aa
CBG_Half_Foundations_Asphalt_C,Recipe_QuarterPipeMiddle_Asphalt_8x1_C,BP_UnlockRecipe_C,docs_a81d250e96aa
CBG_Half_Foundations_Asphalt_C,Recipe_QuarterPipeMiddle_Asphalt_8x2_C,BP_UnlockRecipe_C,docs_a81d250e96aa
CBG_Half_Foundations_Asphalt_C,Recipe_QuarterPipeMiddle_Asphalt_8x4_C,BP_UnlockRecipe_C,docs_a81d250e96aa
CBG_Half_Foundations_Metal_C,Recipe_QuarterPipeMiddle_Grip_8x1_C,BP_UnlockRecipe_C,docs_a81d250e96aa
CBG_Half_Foundations_Metal_C,Recipe_QuarterPipeMiddle_Grip_8x2_C,BP_UnlockRecipe_C,docs_a81d250e96aa
CBG_Half_Foundations_Metal_C,Recipe_QuarterPipeMiddle_Grip_8x4_C,BP_UnlockRecipe_C,docs_a81d250e96aa
ResourceSink_Customizer_GripMetal_FoundationMaterial_C,Recipe_Material_Foundation_GripMetal_C,BP_UnlockRecipe_C,docs_a81d250e96aa
CBG_ExtensionQuarterPipes_GripMetal_C,Recipe_QuarterPipeMiddleInCorner_Grip_8x1_C,BP_UnlockRecipe_C,docs_a81d250e96aa
CBG_ExtensionQuarterPipes_GripMetal_C,Recipe_QuarterPipeMiddleInCorner_Grip_8x2_C,BP_UnlockRecipe_C,docs_a81d250e96aa
CBG_ExtensionQuarterPipes_GripMetal_C,Recipe_QuarterPipeMiddleInCorner_Grip_8x4_C,BP_UnlockRecipe_C,docs_a81d250e96aa
CBG_ExtensionQuarterPipes_GripMetal_C,Recipe_QuarterPipeMiddleOutCorner_Grip_4x1_C,BP_UnlockRecipe_C,docs_a81d250e96aa
CBG_ExtensionQuarterPipes_GripMetal_C,Recipe_QuarterPipeMiddleOutCorner_Grip_4x2_C,BP_UnlockRecipe_C,docs_a81d250e96aa
CBG_ExtensionQuarterPipes_GripMetal_C,Recipe_QuarterPipeMiddleOutCorner_Grip_4x4_C,BP_UnlockRecipe_C,docs_a81d250e96aa
CBG_QuarterPipes_GripMetal_C,Recipe_DownQuarterPipe_Grip_8x4_C,BP_UnlockRecipe_C,docs_a81d250e96aa
CBG_QuarterPipes_GripMetal_C,Recipe_DownQuarterPipe_GripInCorner_8x4_C,BP_UnlockRecipe_C,docs_a81d250e96aa
CBG_QuarterPipes_GripMetal_C,Recipe_DownQuarterPipe_GripOutCorner_8x4_C,BP_UnlockRecipe_C,docs_a81d250e96aa
CBG_QuarterPipes_GripMetal_C,Recipe_QuarterPipe_Grip_8x4_C,BP_UnlockRecipe_C,docs_a81d250e96aa
CBG_QuarterPipes_GripMetal_C,Recipe_QuarterPipeInCorner_Grip_8x4_C,BP_UnlockRecipe_C,docs_a81d250e96aa
CBG_QuarterPipes_GripMetal_C,Recipe_QuarterPipeOutCorner_Grip_8x4_C,BP_UnlockRecipe_C,docs_a81d250e96aa
ResourceSink_CurvedFoundationPack_C,Recipe_QuarterPipe_C,BP_UnlockRecipe_C,docs_a81d250e96aa
ResourceSink_CurvedFoundationPack_C,Recipe_QuarterPipe_02_C,BP_UnlockRecipe_C,docs_a81d250e96aa
ResourceSink_CurvedFoundationPack_C,Recipe_QuarterPipeCorner_01_C,BP_UnlockRecipe_C,docs_a81d250e96aa
ResourceSink_CurvedFoundationPack_C,Recipe_QuarterPipeCorner_02_C,BP_UnlockRecipe_C,docs_a81d250e96aa
ResourceSink_CurvedFoundationPack_C,Recipe_QuarterPipeCorner_03_C,BP_UnlockRecipe_C,docs_a81d250e96aa
ResourceSink_CurvedFoundationPack_C,Recipe_QuarterPipeCorner_04_C,BP_UnlockRecipe_C,docs_a81d250e96aa
CBG_QuarterPipes_Asphalt_C,Recipe_DownQuarterPipe_Asphalt_8x4_C,BP_UnlockRecipe_C,docs_a81d250e96aa
CBG_QuarterPipes_Asphalt_C,Recipe_DownQuarterPipe_AsphaltInCorner_8x4_C,BP_UnlockRecipe_C,docs_a81d250e96aa
CBG_QuarterPipes_Asphalt_C,Recipe_DownQuarterPipe_AsphaltOutCorner_8x4_C,BP_UnlockRecipe_C,docs_a81d250e96aa
CBG_QuarterPipes_Asphalt_C,Recipe_QuarterPipe_Asphalt_8x4_C,BP_UnlockRecipe_C,docs_a81d250e96aa
CBG_QuarterPipes_Asphalt_C,Recipe_QuarterPipeInCorner_Asphalt_8x4_C,BP_UnlockRecipe_C,docs_a81d250e96aa
CBG_QuarterPipes_Asphalt_C,Recipe_QuarterPipeOutCorner_Asphalt_8x4_C,BP_UnlockRecipe_C,docs_a81d250e96aa
CBG_QuarterPipes_Coated_C,Recipe_DownQuarterPipe_ConcretePolished_8x4_C,BP_UnlockRecipe_C,docs_a81d250e96aa
CBG_QuarterPipes_Coated_C,Recipe_DownQuarterPipe_ConcretePolishedInCorner_8x4_C,BP_UnlockRecipe_C,docs_a81d250e96aa
CBG_QuarterPipes_Coated_C,Recipe_DownQuarterPipe_ConcretePolishedOutCorner_8x4_C,BP_UnlockRecipe_C,docs_a81d250e96aa
CBG_QuarterPipes_Coated_C,Recipe_QuarterPipe_ConcretePolished_8x4_C,BP_UnlockRecipe_C,docs_a81d250e96aa
CBG_QuarterPipes_Coated_C,Recipe_QuarterPipeInCorner_ConcretePolished_8x4_C,BP_UnlockRecipe_C,docs_a81d250e96aa
CBG_QuarterPipes_Coated_C,Recipe_QuarterPipeOutCorner_ConcretePolished_8x4_C,BP_UnlockRecipe_C,docs_a81d250e96aa
ResourceSink_Customizer_PolishedConcrete_FoundationMaterial_C,Recipe_Material_Foundation_PolishedConcrete_C,BP_UnlockRecipe_C,docs_a81d250e96aa
CBG_ExtensionQuarterPipes_Polished_C,Recipe_QuarterPipeMiddleInCorner_PolishedConcrete_8x1_C,BP_UnlockRecipe_C,docs_a81d250e96aa
CBG_ExtensionQuarterPipes_Polished_C,Recipe_QuarterPipeMiddleInCorner_PolishedConcrete_8x2_C,BP_UnlockRecipe_C,docs_a81d250e96aa
CBG_ExtensionQuarterPipes_Polished_C,Recipe_QuarterPipeMiddleInCorner_PolishedConcrete_8x4_C,BP_UnlockRecipe_C,docs_a81d250e96aa
CBG_ExtensionQuarterPipes_Polished_C,Recipe_QuarterPipeMiddleOutCorner_PolishedConcrete_4x1_C,BP_UnlockRecipe_C,docs_a81d250e96aa
CBG_ExtensionQuarterPipes_Polished_C,Recipe_QuarterPipeMiddleOutCorner_PolishedConcrete_4x2_C,BP_UnlockRecipe_C,docs_a81d250e96aa
CBG_ExtensionQuarterPipes_Polished_C,Recipe_QuarterPipeMiddleOutCorner_PolishedConcrete_4x4_C,BP_UnlockRecipe_C,docs_a81d250e96aa
CBG_Half_Foundations_Polished_C,Recipe_QuarterPipeMiddle_PolishedConcrete_8x1_C,BP_UnlockRecipe_C,docs_a81d250e96aa
CBG_Half_Foundations_Polished_C,Recipe_QuarterPipeMiddle_PolishedConcrete_8x2_C,BP_UnlockRecipe_C,docs_a81d250e96aa
CBG_Half_Foundations_Polished_C,Recipe_QuarterPipeMiddle_PolishedConcrete_8x4_C,BP_UnlockRecipe_C,docs_a81d250e96aa
CBG_Ramps_Corners_Coated_C,Recipe_Ramp_UpCorner_Polished_8x1_C,BP_UnlockRecipe_C,docs_a81d250e96aa
CBG_Ramps_Corners_Coated_C,Recipe_Ramp_UpCorner_Polished_8x2_C,BP_UnlockRecipe_C,docs_a81d250e96aa
CBG_Ramps_Corners_Coated_C,Recipe_Ramp_UpCorner_Polished_8x4_C,BP_UnlockRecipe_C,docs_a81d250e96aa
CBG_Ramps_Corners_Coated_C,Recipe_Ramp_DownCorner_Polished_8x1_C,BP_UnlockRecipe_C,docs_a81d250e96aa
CBG_Ramps_Corners_Coated_C,Recipe_Ramp_DownCorner_Polished_8x2_C,BP_UnlockRecipe_C,docs_a81d250e96aa
CBG_Ramps_Corners_Coated_C,Recipe_Ramp_DownCorner_Polished_8x4_C,BP_UnlockRecipe_C,docs_a81d250e96aa
ResourceSink_DiagonalRamps_C,Recipe_Ramp_Diagonal_8x1_02_C,BP_UnlockRecipe_C,docs_a81d250e96aa
ResourceSink_DiagonalRamps_C,Recipe_Ramp_Diagonal_8x2_02_C,BP_UnlockRecipe_C,docs_a81d250e96aa
ResourceSink_DiagonalRamps_C,Recipe_Ramp_Diagonal_8x4_02_C,BP_UnlockRecipe_C,docs_a81d250e96aa
ResourceSink_DiagonalRamps_C,Recipe_Ramp_Diagonal_8x1_01_C,BP_UnlockRecipe_C,docs_a81d250e96aa
ResourceSink_DiagonalRamps_C,Recipe_Ramp_Diagonal_8x2_01_C,BP_UnlockRecipe_C,docs_a81d250e96aa
ResourceSink_DiagonalRamps_C,Recipe_Ramp_Diagonal_8x4_01_C,BP_UnlockRecipe_C,docs_a81d250e96aa
CBG_Ramps_Corners_Asphalt_C,Recipe_Ramp_DownCorner_Asphalt_8x1_C,BP_UnlockRecipe_C,docs_a81d250e96aa
CBG_Ramps_Corners_Asphalt_C,Recipe_Ramp_DownCorner_Asphalt_8x2_C,BP_UnlockRecipe_C,docs_a81d250e96aa
CBG_Ramps_Corners_Asphalt_C,Recipe_Ramp_DownCorner_Asphalt_8x4_C,BP_UnlockRecipe_C,docs_a81d250e96aa
CBG_Ramps_Corners_Asphalt_C,Recipe_Ramp_UpCorner_Asphalt_8x1_C,BP_UnlockRecipe_C,docs_a81d250e96aa
CBG_Ramps_Corners_Asphalt_C,Recipe_Ramp_UpCorner_Asphalt_8x2_C,BP_UnlockRecipe_C,docs_a81d250e96aa
CBG_Ramps_Corners_Asphalt_C,Recipe_Ramp_UpCorner_Asphalt_8x4_C,BP_UnlockRecipe_C,docs_a81d250e96aa
CBG_Ramps_Corners_Concrete_C,Recipe_Ramp_DownCorner_Concrete_8x1_C,BP_UnlockRecipe_C,docs_a81d250e96aa
CBG_Ramps_Corners_Concrete_C,Recipe_Ramp_DownCorner_Concrete_8x2_C,BP_UnlockRecipe_C,docs_a81d250e96aa
CBG_Ramps_Corners_Concrete_C,Recipe_Ramp_DownCorner_Concrete_8x4_C,BP_UnlockRecipe_C,docs_a81d250e96aa
CBG_Ramps_Corners_Concrete_C,Recipe_Ramp_UpCorner_Concrete_8x1_C,BP_UnlockRecipe_C,docs_a81d250e96aa
CBG_Ramps_Corners_Concrete_C,Recipe_Ramp_UpCorner_Concrete_8x2_C,BP_UnlockRecipe_C,docs_a81d250e96aa
CBG_Ramps_Corners_Concrete_C,Recipe_Ramp_UpCorner_Concrete_8x4_C,BP_UnlockRecipe_C,docs_a81d250e96aa
CBG_Ramps_Corners_Metal_C,Recipe_Ramp_DownCorner_Metal_8x1_C,BP_UnlockRecipe_C,docs_a81d250e96aa
CBG_Ramps_Corners_Metal_C,Recipe_Ramp_DownCorner_Metal_8x2_C,BP_UnlockRecipe_C,docs_a81d250e96aa
CBG_Ramps_Corners_Metal_C,Recipe_Ramp_DownCorner_Metal_8x4_C,BP_UnlockRecipe_C,docs_a81d250e96aa
CBG_Ramps_Corners_Metal_C,Recipe_Ramp_UpCorner_Metal_8x1_C,BP_UnlockRecipe_C,docs_a81d250e96aa
CBG_Ramps_Corners_Metal_C,Recipe_Ramp_UpCorner_Metal_8x2_C,BP_UnlockRecipe_C,docs_a81d250e96aa
CBG_Ramps_Corners_Metal_C,Recipe_Ramp_UpCorner_Metal_8x4_C,BP_UnlockRecipe_C,docs_a81d250e96aa
ResourceSink_FoundationExpansionPack_C,Recipe_RampDouble_8x1_C,BP_UnlockRecipe_C,docs_a81d250e96aa
ResourceSink_FoundationExpansionPack_C,Recipe_RampDouble_C,BP_UnlockRecipe_C,docs_a81d250e96aa
ResourceSink_FoundationExpansionPack_C,Recipe_Ramp_8x8x8_C,BP_UnlockRecipe_C,docs_a81d250e96aa
CBG_Ramps_Double_Asphalt_C,Recipe_RampDouble_Asphalt_8x1_C,BP_UnlockRecipe_C,docs_a81d250e96aa
CBG_Ramps_Double_Asphalt_C,Recipe_RampDouble_Asphalt_8x2_C,BP_UnlockRecipe_C,docs_a81d250e96aa
CBG_Ramps_Double_Asphalt_C,Recipe_RampDouble_Asphalt_8x4_C,BP_UnlockRecipe_C,docs_a81d250e96aa
CBG_Ramps_Double_Coated_C,Recipe_RampDouble_Polished_8x1_C,BP_UnlockRecipe_C,docs_a81d250e96aa
CBG_Ramps_Double_Coated_C,Recipe_RampDouble_Polished_8x2_C,BP_UnlockRecipe_C,docs_a81d250e96aa
CBG_Ramps_Double_Coated_C,Recipe_RampDouble_Polished_8x4_C,BP_UnlockRecipe_C,docs_a81d250e96aa
CBG_Ramps_Double_Concrete_C,Recipe_RampDouble_Concrete_8x1_C,BP_UnlockRecipe_C,docs_a81d250e96aa
CBG_Ramps_Double_Concrete_C,Recipe_RampDouble_Concrete_8x2_C,BP_UnlockRecipe_C,docs_a81d250e96aa
CBG_Ramps_Double_Concrete_C,Recipe_RampDouble_Concrete_8x4_C,BP_UnlockRecipe_C,docs_a81d250e96aa
CBG_Ramps_Double_Metal_C,Recipe_RampDouble_Metal_8x1_C,BP_UnlockRecipe_C,docs_a81d250e96aa
CBG_Ramps_Double_Metal_C,Recipe_RampDouble_Metal_8x2_C,BP_UnlockRecipe_C,docs_a81d250e96aa
CBG_Ramps_Double_Metal_C,Recipe_RampDouble_Metal_8x4_C,BP_UnlockRecipe_C,docs_a81d250e96aa
ResourceSink_InvertedCornerRamps_C,Recipe_RampInverted_8x1_Corner_01_C,BP_UnlockRecipe_C,docs_a81d250e96aa
ResourceSink_InvertedCornerRamps_C,Recipe_RampInverted_8x2_Corner_01_C,BP_UnlockRecipe_C,docs_a81d250e96aa
ResourceSink_InvertedCornerRamps_C,Recipe_RampInverted_8x4_Corner_01_C,BP_UnlockRecipe_C,docs_a81d250e96aa
ResourceSink_InvertedCornerRamps_C,Recipe_RampInverted_8x1_Corner_02_C,BP_UnlockRecipe_C,docs_a81d250e96aa
ResourceSink_InvertedCornerRamps_C,Recipe_RampInverted_8x2_Corner_02_C,BP_UnlockRecipe_C,docs_a81d250e96aa
ResourceSink_InvertedCornerRamps_C,Recipe_RampInverted_8x4_Corner_02_C,BP_UnlockRecipe_C,docs_a81d250e96aa
CBG_Ramps_InvCorners_Asphalt_C,Recipe_InvertedRamp_DCorner_Asphalt_8x1_C,BP_UnlockRecipe_C,docs_a81d250e96aa
CBG_Ramps_InvCorners_Asphalt_C,Recipe_InvertedRamp_DCorner_Asphalt_8x2_C,BP_UnlockRecipe_C,docs_a81d250e96aa
CBG_Ramps_InvCorners_Asphalt_C,Recipe_InvertedRamp_DCorner_Asphalt_8x4_C,BP_UnlockRecipe_C,docs_a81d250e96aa
CBG_Ramps_InvCorners_Asphalt_C,Recipe_InvertedRamp_UCorner_Asphalt_8x1_C,BP_UnlockRecipe_C,docs_a81d250e96aa
CBG_Ramps_InvCorners_Asphalt_C,Recipe_InvertedRamp_UCorner_Asphalt_8x2_C,BP_UnlockRecipe_C,docs_a81d250e96aa
CBG_Ramps_InvCorners_Asphalt_C,Recipe_InvertedRamp_UCorner_Asphalt_8x4_C,BP_UnlockRecipe_C,docs_a81d250e96aa
CBG_Ramps_InvCorners_Coated_C,Recipe_InvertedRamp_DCorner_Polished_8x1_C,BP_UnlockRecipe_C,docs_a81d250e96aa
CBG_Ramps_InvCorners_Coated_C,Recipe_InvertedRamp_DCorner_Polished_8x2_C,BP_UnlockRecipe_C,docs_a81d250e96aa
CBG_Ramps_InvCorners_Coated_C,Recipe_InvertedRamp_DCorner_Polished_8x4_C,BP_UnlockRecipe_C,docs_a81d250e96aa
CBG_Ramps_InvCorners_Coated_C,Recipe_InvertedRamp_UCorner_Polished_8x1_C,BP_UnlockRecipe_C,docs_a81d250e96aa
CBG_Ramps_InvCorners_Coated_C,Recipe_InvertedRamp_UCorner_Polished_8x2_C,BP_UnlockRecipe_C,docs_a81d250e96aa
CBG_Ramps_InvCorners_Coated_C,Recipe_InvertedRamp_UCorner_Polished_8x4_C,BP_UnlockRecipe_C,docs_a81d250e96aa
CBG_Ramps_InvCorners_Concrete_C,Recipe_InvertedRamp_DCorner_Concrete_8x1_C,BP_UnlockRecipe_C,docs_a81d250e96aa
CBG_Ramps_InvCorners_Concrete_C,Recipe_InvertedRamp_DCorner_Concrete_8x2_C,BP_UnlockRecipe_C,docs_a81d250e96aa
CBG_Ramps_InvCorners_Concrete_C,Recipe_InvertedRamp_DCorner_Concrete_8x4_C,BP_UnlockRecipe_C,docs_a81d250e96aa
CBG_Ramps_InvCorners_Concrete_C,Recipe_InvertedRamp_UCorner_Concrete_8x1_C,BP_UnlockRecipe_C,docs_a81d250e96aa
CBG_Ramps_InvCorners_Concrete_C,Recipe_InvertedRamp_UCorner_Concrete_8x2_C,BP_UnlockRecipe_C,docs_a81d250e96aa
CBG_Ramps_InvCorners_Concrete_C,Recipe_InvertedRamp_UCorner_Concrete_8x4_C,BP_UnlockRecipe_C,docs_a81d250e96aa
CBG_Ramps_InvCorners_Metal_C,Recipe_InvertedRamp_DCorner_Metal_8x1_C,BP_UnlockRecipe_C,docs_a81d250e96aa
CBG_Ramps_InvCorners_Metal_C,Recipe_InvertedRamp_DCorner_Metal_8x2_C,BP_UnlockRecipe_C,docs_a81d250e96aa
CBG_Ramps_InvCorners_Metal_C,Recipe_InvertedRamp_DCorner_Metal_8x4_C,BP_UnlockRecipe_C,docs_a81d250e96aa
CBG_Ramps_InvCorners_Metal_C,Recipe_InvertedRamp_UCorner_Metal_8x1_C,BP_UnlockRecipe_C,docs_a81d250e96aa
CBG_Ramps_InvCorners_Metal_C,Recipe_InvertedRamp_UCorner_Metal_8x2_C,BP_UnlockRecipe_C,docs_a81d250e96aa
CBG_Ramps_InvCorners_Metal_C,Recipe_InvertedRamp_UCorner_Metal_8x4_C,BP_UnlockRecipe_C,docs_a81d250e96aa
ResourceSink_InvertedRampPack_C,Recipe_RampInverted_8x1_C,BP_UnlockRecipe_C,docs_a81d250e96aa
ResourceSink_InvertedRampPack_C,Recipe_RampInverted_8x2_01_C,BP_UnlockRecipe_C,docs_a81d250e96aa
ResourceSink_InvertedRampPack_C,Recipe_Ramp_8x4_Inverted_01_C,BP_UnlockRecipe_C,docs_a81d250e96aa
CBG_Ramps_Inverted_Coated_C,Recipe_InvertedRamp_Polished_8x1_C,BP_UnlockRecipe_C,docs_a81d250e96aa
CBG_Ramps_Inverted_Coated_C,Recipe_InvertedRamp_Polished_8x2_C,BP_UnlockRecipe_C,docs_a81d250e96aa
CBG_Ramps_Inverted_Coated_C,Recipe_InvertedRamp_Polished_8x4_C,BP_UnlockRecipe_C,docs_a81d250e96aa
CBG_Ramps_Inverted_Concrete_C,Recipe_InvertedRamp_Concrete_8x1_C,BP_UnlockRecipe_C,docs_a81d250e96aa
CBG_Ramps_Inverted_Concrete_C,Recipe_InvertedRamp_Concrete_8x2_C,BP_UnlockRecipe_C,docs_a81d250e96aa
CBG_Ramps_Inverted_Concrete_C,Recipe_InvertedRamp_Concrete_8x4_C,BP_UnlockRecipe_C,docs_a81d250e96aa
CBG_Ramps_Inverted_Metal_C,Recipe_InvertedRamp_Metal_8x1_C,BP_UnlockRecipe_C,docs_a81d250e96aa
CBG_Ramps_Inverted_Metal_C,Recipe_InvertedRamp_Metal_8x2_C,BP_UnlockRecipe_C,docs_a81d250e96aa
CBG_Ramps_Inverted_Metal_C,Recipe_InvertedRamp_Metal_8x4_C,BP_UnlockRecipe_C,docs_a81d250e96aa
ResourceSink_Ladders_C,Recipe_Ladder_C,BP_UnlockRecipe_C,docs_a81d250e96aa
ResourceSink_FrameworkFoundations_C,Recipe_Flat_Frame_01_C,BP_UnlockRecipe_C,docs_a81d250e96aa
ResourceSink_FrameworkFoundations_C,Recipe_FoundationGlass_01_C,BP_UnlockRecipe_C,docs_a81d250e96aa
ResourceSink_FrameworkFoundations_C,Recipe_Foundation_Frame_01_C,BP_UnlockRecipe_C,docs_a81d250e96aa
ResourceSink_FrameworkFoundations_C,Recipe_Wall_Frame_01_C,BP_UnlockRecipe_C,docs_a81d250e96aa
ResourceSink_FrameworkFoundations_C,Recipe_Ramp_Frame_01_C,BP_UnlockRecipe_C,docs_a81d250e96aa
ResourceSink_FrameworkFoundations_C,Recipe_Ramp_Frame_Inverted_01_C,BP_UnlockRecipe_C,docs_a81d250e96aa
ResourceSink_FactoryRailing_C,Recipe_Fence_01_C,BP_UnlockRecipe_C,docs_a81d250e96aa
ResourceSink_FactoryFence_C,Recipe_Railing_01_C,BP_UnlockRecipe_C,docs_a81d250e96aa
ResourceSink_Walkways_C,Recipe_Walkway_Straight_C,BP_UnlockRecipe_C,docs_a81d250e96aa
ResourceSink_Walkways_C,Recipe_Walkway_Cross_C,BP_UnlockRecipe_C,docs_a81d250e96aa
ResourceSink_Walkways_C,Recipe_Walkway_T_C,BP_UnlockRecipe_C,docs_a81d250e96aa
ResourceSink_Walkways_C,Recipe_Walkway_Turn_C,BP_UnlockRecipe_C,docs_a81d250e96aa
ResourceSink_Walkways_C,Recipe_Walkway_Ramp_C,BP_UnlockRecipe_C,docs_a81d250e96aa
ResourceSink_FoudationPillar_C,Recipe_PillarMiddle_C,BP_UnlockRecipe_C,docs_a81d250e96aa
ResourceSink_FoudationPillar_C,Recipe_PillarBase_C,BP_UnlockRecipe_C,docs_a81d250e96aa
ResourceSink_FoudationPillar_C,Recipe_Pillar_Small_Metal_C,BP_UnlockRecipe_C,docs_a81d250e96aa
ResourceSink_FoudationPillar_C,Recipe_PillarBase_Small_C,BP_UnlockRecipe_C,docs_a81d250e96aa
CBG_Stairs_Coated_C,Recipe_Stair_PolishedConcrete_8x1_C,BP_UnlockRecipe_C,docs_a81d250e96aa
CBG_Stairs_Coated_C,Recipe_Stair_PolishedConcrete_8x2_C,BP_UnlockRecipe_C,docs_a81d250e96aa
CBG_Stairs_Coated_C,Recipe_Stair_PolishedConcrete_8x4_C,BP_UnlockRecipe_C,docs_a81d250e96aa
ResourceSink_FoundationStairs_C,Recipe_Stair_FicsitSet_8x1_01_C,BP_UnlockRecipe_C,docs_a81d250e96aa
ResourceSink_FoundationStairs_C,Recipe_Stair_FicsitSet_8x2_01_C,BP_UnlockRecipe_C,docs_a81d250e96aa
ResourceSink_FoundationStairs_C,Recipe_Stair_FicsitSet_8x4_01_C,BP_UnlockRecipe_C,docs_a81d250e96aa
CBG_Stairs_Asphalt_C,Recipe_Stair_Asphalt_8x1_C,BP_UnlockRecipe_C,docs_a81d250e96aa
CBG_Stairs_Asphalt_C,Recipe_Stair_Asphalt_8x2_C,BP_UnlockRecipe_C,docs_a81d250e96aa
CBG_Stairs_Asphalt_C,Recipe_Stair_Asphalt_8x4_C,BP_UnlockRecipe_C,docs_a81d250e96aa
CBG_Stairs_Concrete_C,Recipe_Stair_Concrete_8x1_C,BP_UnlockRecipe_C,docs_a81d250e96aa
CBG_Stairs_Concrete_C,Recipe_Stair_Concrete_8x2_C,BP_UnlockRecipe_C,docs_a81d250e96aa
CBG_Stairs_Concrete_C,Recipe_Stair_Concrete_8x4_C,BP_UnlockRecipe_C,docs_a81d250e96aa
CBG_Stairs_Metal_C,Recipe_Stair_GripMetal_8x1_C,BP_UnlockRecipe_C,docs_a81d250e96aa
CBG_Stairs_Metal_C,Recipe_Stair_GripMetal_8x2_C,BP_UnlockRecipe_C,docs_a81d250e96aa
CBG_Stairs_Metal_C,Recipe_Stair_GripMetal_8x4_C,BP_UnlockRecipe_C,docs_a81d250e96aa
CBG_QuarterPipes_Concrete_C,Recipe_DownQuarterPipe_Concrete_8x4_C,BP_UnlockRecipe_C,docs_a81d250e96aa
CBG_QuarterPipes_Concrete_C,Recipe_DownQuarterPipe_ConcreteInCorner_8x4_C,BP_UnlockRecipe_C,docs_a81d250e96aa
CBG_QuarterPipes_Concrete_C,Recipe_DownQuarterPipe_ConcreteOutCorner_8x4_C,BP_UnlockRecipe_C,docs_a81d250e96aa
CBG_QuarterPipes_Concrete_C,Recipe_QuarterPipe_Concrete_8x4_C,BP_UnlockRecipe_C,docs_a81d250e96aa
CBG_QuarterPipes_Concrete_C,Recipe_QuarterPipeInCorner_Concrete_8x4_C,BP_UnlockRecipe_C,docs_a81d250e96aa
CBG_QuarterPipes_Concrete_C,Recipe_QuarterPipeOutCorner_Concrete_8x4_C,BP_UnlockRecipe_C,docs_a81d250e96aa
ResourceSink_FactoryCart_C,Recipe_FactoryCart_C,BP_UnlockRecipe_C,docs_a81d250e96aa
ResourceSink_FactoryCart_C,Recipe_VehiclePath_FactoryCart_C,BP_UnlockRecipe_C,docs_a81d250e96aa
ResourceSink_CyberWagon_C,Recipe_CyberWagon_C,BP_UnlockRecipe_C,docs_a81d250e96aa
ResourceSink_WallPowerPolesMK3_C,Recipe_PowerPoleWallMk3_C,BP_UnlockRecipe_C,docs_a81d250e96aa
ResourceSink_WallPowerPolesMK3_C,Recipe_PowerPoleWallDoubleMk3_C,BP_UnlockRecipe_C,docs_a81d250e96aa
ResourceSink_ConveyorWallMount_C,Recipe_ConveyorPoleWall_C,BP_UnlockRecipe_C,docs_a81d250e96aa
ResourceSink_ConveryWalls_Normal_C,Recipe_Wall_Conveyor_8x4_01_C,BP_UnlockRecipe_C,docs_a81d250e96aa
ResourceSink_ConveryWalls_Normal_C,Recipe_Wall_Conveyor_8x4_02_C,BP_UnlockRecipe_C,docs_a81d250e96aa
ResourceSink_ConveryWalls_Normal_C,Recipe_Wall_Conveyor_8x4_03_C,BP_UnlockRecipe_C,docs_a81d250e96aa
CBG_Concrete_Walls_Conveyor_C,Recipe_Wall_Concrete_8x4_ConveyorHole_01_C,BP_UnlockRecipe_C,docs_a81d250e96aa
CBG_Concrete_Walls_Conveyor_C,Recipe_Wall_Concrete_8x4_ConveyorHole_02_C,BP_UnlockRecipe_C,docs_a81d250e96aa
CBG_Concrete_Walls_Conveyor_C,Recipe_Wall_Concrete_8x4_ConveyorHole_03_C,BP_UnlockRecipe_C,docs_a81d250e96aa
ResourceSink_Customizer_ConcreteWallMaterial_C,Recipe_Material_Wall_Concrete_C,BP_UnlockRecipe_C,docs_a81d250e96aa
CBG_Concrete_Walls_DiagonalDown_C,Recipe_Wall_Concrete_FlipTris_8x1_C,BP_UnlockRecipe_C,docs_a81d250e96aa
CBG_Concrete_Walls_DiagonalDown_C,Recipe_Wall_Concrete_FlipTris_8x2_C,BP_UnlockRecipe_C,docs_a81d250e96aa
CBG_Concrete_Walls_DiagonalDown_C,Recipe_Wall_Concrete_FlipTris_8x4_C,BP_UnlockRecipe_C,docs_a81d250e96aa
CBG_Concrete_Walls_DiagonalDown_C,Recipe_Wall_Concrete_FlipTris_8x8_C,BP_UnlockRecipe_C,docs_a81d250e96aa
ResourceSink_Diagonal_Down_Wallset_C,Recipe_Wall_Orange_FlipTris_8x1_C,BP_UnlockRecipe_C,docs_a81d250e96aa
ResourceSink_Diagonal_Down_Wallset_C,Recipe_Wall_Orange_FlipTris_8x2_C,BP_UnlockRecipe_C,docs_a81d250e96aa
ResourceSink_Diagonal_Down_Wallset_C,Recipe_Wall_Orange_FlipTris_8x4_C,BP_UnlockRecipe_C,docs_a81d250e96aa
ResourceSink_Diagonal_Down_Wallset_C,Recipe_Wall_Orange_FlipTris_8x8_C,BP_UnlockRecipe_C,docs_a81d250e96aa
CBG_Steel_Walls_DiagonalDown_C,Recipe_SteelWall_FlipTris_8x1_C,BP_UnlockRecipe_C,docs_a81d250e96aa
CBG_Steel_Walls_DiagonalDown_C,Recipe_SteelWall_FlipTris_8x2_C,BP_UnlockRecipe_C,docs_a81d250e96aa
CBG_Steel_Walls_DiagonalDown_C,Recipe_SteelWall_FlipTris_8x4_C,BP_UnlockRecipe_C,docs_a81d250e96aa
CBG_Steel_Walls_DiagonalDown_C,Recipe_SteelWall_FlipTris_8x8_C,BP_UnlockRecipe_C,docs_a81d250e96aa
ResourceSink_Customizer_SteelWallMaterial_C,Recipe_Material_Wall_Steel_C,BP_UnlockRecipe_C,docs_a81d250e96aa
CBG_Steel_Walls_Conveyor_C,Recipe_Wall_Conveyor_8x4_01_Steel_C,BP_UnlockRecipe_C,docs_a81d250e96aa
CBG_Steel_Walls_Conveyor_C,Recipe_Wall_Conveyor_8x4_02_Steel_C,BP_UnlockRecipe_C,docs_a81d250e96aa
CBG_Steel_Walls_Conveyor_C,Recipe_Wall_Conveyor_8x4_03_Steel_C,BP_UnlockRecipe_C,docs_a81d250e96aa
CBG_Steel_Walls_DiagonalUp_C,Recipe_SteelWall_Tris_8x1_C,BP_UnlockRecipe_C,docs_a81d250e96aa
CBG_Steel_Walls_DiagonalUp_C,Recipe_SteelWall_Tris_8x2_C,BP_UnlockRecipe_C,docs_a81d250e96aa
CBG_Steel_Walls_DiagonalUp_C,Recipe_SteelWall_Tris_8x4_C,BP_UnlockRecipe_C,docs_a81d250e96aa
CBG_Steel_Walls_DiagonalUp_C,Recipe_SteelWall_Tris_8x8_C,BP_UnlockRecipe_C,docs_a81d250e96aa
ResourceSink_Diagonal_Up_WallSet_C,Recipe_Wall_Orange_Tris_8x1_C,BP_UnlockRecipe_C,docs_a81d250e96aa
ResourceSink_Diagonal_Up_WallSet_C,Recipe_Wall_Orange_Tris_8x2_C,BP_UnlockRecipe_C,docs_a81d250e96aa
ResourceSink_Diagonal_Up_WallSet_C,Recipe_Wall_Orange_Tris_8x4_C,BP_UnlockRecipe_C,docs_a81d250e96aa
ResourceSink_Diagonal_Up_WallSet_C,Recipe_Wall_Orange_Tris_8x8_C,BP_UnlockRecipe_C,docs_a81d250e96aa
CBG_Concrete_Walls_DiagonalUp_C,Recipe_Wall_Concrete_Tris_8x1_C,BP_UnlockRecipe_C,docs_a81d250e96aa
CBG_Concrete_Walls_DiagonalUp_C,Recipe_Wall_Concrete_Tris_8x2_C,BP_UnlockRecipe_C,docs_a81d250e96aa
CBG_Concrete_Walls_DiagonalUp_C,Recipe_Wall_Concrete_Tris_8x4_C,BP_UnlockRecipe_C,docs_a81d250e96aa
CBG_Concrete_Walls_DiagonalUp_C,Recipe_Wall_Concrete_Tris_8x8_C,BP_UnlockRecipe_C,docs_a81d250e96aa
ResourceSink_DoorWalls_Normal_C,Recipe_Wall_Door_8x4_01_C,BP_UnlockRecipe_C,docs_a81d250e96aa
ResourceSink_DoorWalls_Normal_C,Recipe_Wall_Door_8x4_03_C,BP_UnlockRecipe_C,docs_a81d250e96aa
CBG_Concrete_Walls_Doors_C,Recipe_Wall_Concrete_CDoor_8x4_C,BP_UnlockRecipe_C,docs_a81d250e96aa
CBG_Concrete_Walls_Doors_C,Recipe_Wall_Concrete_SDoor_8x4_C,BP_UnlockRecipe_C,docs_a81d250e96aa
CBG_Steel_Walls_Doors_C,Recipe_Wall_Door_8x4_01_Steel_C,BP_UnlockRecipe_C,docs_a81d250e96aa
CBG_Steel_Walls_Doors_C,Recipe_Wall_Door_8x4_03_Steel_C,BP_UnlockRecipe_C,docs_a81d250e96aa
ResourceSink_WindowedWalls_C,Recipe_Wall_Window_8x4_01_C,BP_UnlockRecipe_C,docs_a81d250e96aa
ResourceSink_WindowedWalls_C,Recipe_Wall_Window_8x4_02_C,BP_UnlockRecipe_C,docs_a81d250e96aa
ResourceSink_WindowedWalls_C,Recipe_Wall_Window_8x4_03_C,BP_UnlockRecipe_C,docs_a81d250e96aa
ResourceSink_WindowedWalls_C,Recipe_Wall_Window_8x4_04_C,BP_UnlockRecipe_C,docs_a81d250e96aa
CBG_Concrete_Walls_Windows_C,Recipe_Wall_Concrete_8x4_Window_01_C,BP_UnlockRecipe_C,docs_a81d250e96aa
CBG_Concrete_Walls_Windows_C,Recipe_Wall_Concrete_8x4_Window_02_C,BP_UnlockRecipe_C,docs_a81d250e96aa
CBG_Concrete_Walls_Windows_C,Recipe_Wall_Concrete_8x4_Window_03_C,BP_UnlockRecipe_C,docs_a81d250e96aa
CBG_Concrete_Walls_Windows_C,Recipe_Wall_Concrete_8x4_Window_04_C,BP_UnlockRecipe_C,docs_a81d250e96aa
CBG_Steel_Walls_WIndows_C,Recipe_SteelWall_8x4_Window_01_C,BP_UnlockRecipe_C,docs_a81d250e96aa
CBG_Steel_Walls_WIndows_C,Recipe_SteelWall_8x4_Window_02_C,BP_UnlockRecipe_C,docs_a81d250e96aa
CBG_Steel_Walls_WIndows_C,Recipe_SteelWall_8x4_Window_03_C,BP_UnlockRecipe_C,docs_a81d250e96aa
CBG_Steel_Walls_WIndows_C,Recipe_SteelWall_8x4_Window_04_C,BP_UnlockRecipe_C,docs_a81d250e96aa
CBG_Steel_Walls_Gates_C,Recipe_SteelWall_8x4_Gate_01_C,BP_UnlockRecipe_C,docs_a81d250e96aa
CBG_Steel_Walls_Gates_C,Recipe_BigGarageDoor_16x8_Steel_C,BP_UnlockRecipe_C,docs_a81d250e96aa
ResourceSink_GateWalls_C,Recipe_Wall_Gate_8x4_01_C,BP_UnlockRecipe_C,docs_a81d250e96aa
ResourceSink_GateWalls_C,Recipe_Gate_Automated_8x4_C,BP_UnlockRecipe_C,docs_a81d250e96aa
ResourceSink_GateWalls_C,Recipe_BigGarageDoor_16x8_C,BP_UnlockRecipe_C,docs_a81d250e96aa
CBG_Concrete_Walls_Gates_C,Recipe_Wall_Concrete_Gate_8x4_C,BP_UnlockRecipe_C,docs_a81d250e96aa
CBG_Concrete_Walls_Gates_C,Recipe_BigGarageDoor_16x8_Concrete_C,BP_UnlockRecipe_C,docs_a81d250e96aa
CBG_Steel_Walls_Tilted_C,Recipe_WallSet_Steel_Angular_8x4_C,BP_UnlockRecipe_C,docs_a81d250e96aa
CBG_Steel_Walls_Tilted_C,Recipe_WallSet_Steel_Angular_8x8_C,BP_UnlockRecipe_C,docs_a81d250e96aa
CBG_Steel_Walls_Tilted_C,Recipe_Wall_Steel_8x4_Corner_01_C,BP_UnlockRecipe_C,docs_a81d250e96aa
CBG_Steel_Walls_Tilted_C,Recipe_Wall_Steel_8x8_Corner_01_C,BP_UnlockRecipe_C,docs_a81d250e96aa
CBG_Steel_Walls_Tilted_C,Recipe_Wall_Steel_8x4_Corner_2_C,BP_UnlockRecipe_C,docs_a81d250e96aa
CBG_Steel_Walls_Tilted_C,Recipe_Wall_Steel_8x8_Corner_2_C,BP_UnlockRecipe_C,docs_a81d250e96aa
ResourceSink_Tilted_Walls_C,Recipe_Wall_Orange_Angular_8x4_C,BP_UnlockRecipe_C,docs_a81d250e96aa
ResourceSink_Tilted_Walls_C,Recipe_Wall_Orange_Angular_8x8_C,BP_UnlockRecipe_C,docs_a81d250e96aa
ResourceSink_Tilted_Walls_C,Recipe_Wall_Orange_8x4_Corner_01_C,BP_UnlockRecipe_C,docs_a81d250e96aa
ResourceSink_Tilted_Walls_C,Recipe_Wall_Orange_8x8_Corner_01_C,BP_UnlockRecipe_C,docs_a81d250e96aa
ResourceSink_Tilted_Walls_C,Recipe_Wall_Orange_8x4_Corner_02_C,BP_UnlockRecipe_C,docs_a81d250e96aa
ResourceSink_Tilted_Walls_C,Recipe_Wall_Orange_8x8_Corner_02_C,BP_UnlockRecipe_C,docs_a81d250e96aa
CBG_Concrete_Walls_Tilted_C,Recipe_Wall_Concrete_Angular_8x4_C,BP_UnlockRecipe_C,docs_a81d250e96aa
CBG_Concrete_Walls_Tilted_C,Recipe_Wall_Concrete_Angular_8x8_C,BP_UnlockRecipe_C,docs_a81d250e96aa
CBG_Concrete_Walls_Tilted_C,Recipe_Wall_Concrete_8x4_Corner_01_C,BP_UnlockRecipe_C,docs_a81d250e96aa
CBG_Concrete_Walls_Tilted_C,Recipe_Wall_Concrete_8x8_Corner_01_C,BP_UnlockRecipe_C,docs_a81d250e96aa
CBG_Concrete_Walls_Tilted_C,Recipe_Wall_Concrete_8x4_Corner_2_C,BP_UnlockRecipe_C,docs_a81d250e96aa
CBG_Concrete_Walls_Tilted_C,Recipe_Wall_Concrete_8x8_Corner_2_C,BP_UnlockRecipe_C,docs_a81d250e96aa
ResourceSink_ConveyorCeilingMount_C,Recipe_ConveyorCeilingAttachment_C,BP_UnlockRecipe_C,docs_a81d250e96aa
ResourceSink_HyperTubeWallAttachements_C,Recipe_HyperTubeWallSupport_C,BP_UnlockRecipe_C,docs_a81d250e96aa
ResourceSink_HyperTubeWallAttachements_C,Recipe_HyperTubeWallHole_C,BP_UnlockRecipe_C,docs_a81d250e96aa
ResourceSink_PipelineWallAttachments_C,Recipe_PipeSupportWall_C,BP_UnlockRecipe_C,docs_a81d250e96aa
ResourceSink_PipelineWallAttachments_C,Recipe_PipeSupportWallHole_C,BP_UnlockRecipe_C,docs_a81d250e96aa
ResourceSink_PipelineFloorHole_C,Recipe_FoundationPassthrough_Pipe_C,BP_UnlockRecipe_C,docs_a81d250e96aa
ResourceSink_WallPowerPoles_C,Recipe_PowerPoleWall_C,BP_UnlockRecipe_C,docs_a81d250e96aa
ResourceSink_WallPowerPoles_C,Recipe_PowerPoleWallDouble_C,BP_UnlockRecipe_C,docs_a81d250e96aa
ResourceSink_WallPowerPolesMK2_C,Recipe_PowerPoleWallMk2_C,BP_UnlockRecipe_C,docs_a81d250e96aa
ResourceSink_WallPowerPolesMK2_C,Recipe_PowerPoleWallDoubleMk2_C,BP_UnlockRecipe_C,docs_a81d250e96aa
ResourceSink_VentilationBundle_C,Recipe_LargeFan_C,BP_UnlockRecipe_C,docs_a81d250e96aa
ResourceSink_VentilationBundle_C,Recipe_LargeVent_C,BP_UnlockRecipe_C,docs_a81d250e96aa
Research_Caterium_2_C,Recipe_Quickwire_C,BP_UnlockRecipe_C,docs_a81d250e96aa
Schematic_4-1_C,Recipe_MinerMk2_C,BP_UnlockRecipe_C,docs_a81d250e96aa
Schematic_4-1_C,Recipe_EncasedIndustrialBeam_C,BP_UnlockRecipe_C,docs_a81d250e96aa
Schematic_4-1_C,Recipe_Stator_C,BP_UnlockRecipe_C,docs_a81d250e96aa
Schematic_4-1_C,Recipe_Motor_C,BP_UnlockRecipe_C,docs_a81d250e96aa
Schematic_4-1_C,Recipe_SpaceElevatorPart_3_C,BP_UnlockRecipe_C,docs_a81d250e96aa
ResourceSink_StreetLight_C,Recipe_StreetLight_C,BP_UnlockRecipe_C,docs_a81d250e96aa
ResourceSink_CeilingLight_C,Recipe_CeilingLight_C,BP_UnlockRecipe_C,docs_a81d250e96aa
ResourceSink_LightTower_C,Recipe_FloodlightPole_C,BP_UnlockRecipe_C,docs_a81d250e96aa
ResourceSink_LightTower_C,Recipe_FloodlightWall_C,BP_UnlockRecipe_C,docs_a81d250e96aa
ResourceSink_StackableShelf_C,Recipe_StackableShelf_C,BP_UnlockRecipe_C,docs_a81d250e96aa
ResourceSink_Roofs_Basic_C,Recipe_Roof_Orange_01_C,BP_UnlockRecipe_C,docs_a81d250e96aa
ResourceSink_Roofs_Basic_C,Recipe_Roof_Orange_02_C,BP_UnlockRecipe_C,docs_a81d250e96aa
ResourceSink_Roofs_Basic_C,Recipe_Roof_Orange_03_C,BP_UnlockRecipe_C,docs_a81d250e96aa
ResourceSink_Roofs_Basic_C,Recipe_Roof_Orange_04_C,BP_UnlockRecipe_C,docs_a81d250e96aa
CBG_Roofs_Basic_Steel_C,Recipe_Roof_A_01_C,BP_UnlockRecipe_C,docs_a81d250e96aa
CBG_Roofs_Basic_Steel_C,Recipe_Roof_A_02_C,BP_UnlockRecipe_C,docs_a81d250e96aa
CBG_Roofs_Basic_Steel_C,Recipe_Roof_A_03_C,BP_UnlockRecipe_C,docs_a81d250e96aa
CBG_Roofs_Basic_Steel_C,Recipe_Roof_A_04_C,BP_UnlockRecipe_C,docs_a81d250e96aa
ResourceSink_Customizer_SteelRoofMaterial_C,Recipe_Material_Roof_Metal_C,BP_UnlockRecipe_C,docs_a81d250e96aa
CBG_Roofs_Corners_Steel_C,Recipe_Roof_Metal_InCorner_01_C,BP_UnlockRecipe_C,docs_a81d250e96aa
CBG_Roofs_Corners_Steel_C,Recipe_Roof_Metal_InCorner_02_C,BP_UnlockRecipe_C,docs_a81d250e96aa
CBG_Roofs_Corners_Steel_C,Recipe_Roof_Metal_InCorner_03_C,BP_UnlockRecipe_C,docs_a81d250e96aa
CBG_Roofs_Corners_Steel_C,Recipe_Roof_Metal_OutCorner_01_C,BP_UnlockRecipe_C,docs_a81d250e96aa
CBG_Roofs_Corners_Steel_C,Recipe_Roof_Metal_OutCorner_02_C,BP_UnlockRecipe_C,docs_a81d250e96aa
CBG_Roofs_Corners_Steel_C,Recipe_Roof_Metal_OutCorner_03_C,BP_UnlockRecipe_C,docs_a81d250e96aa
ResourceSink_Roofs_Corners_C,Recipe_Roof_Orange_InCorner_01_C,BP_UnlockRecipe_C,docs_a81d250e96aa
ResourceSink_Roofs_Corners_C,Recipe_Roof_Orange_InCorner_02_C,BP_UnlockRecipe_C,docs_a81d250e96aa
ResourceSink_Roofs_Corners_C,Recipe_Roof_Orange_InCorner_03_C,BP_UnlockRecipe_C,docs_a81d250e96aa
ResourceSink_Roofs_Corners_C,Recipe_Roof_Orange_OutCorner_01_C,BP_UnlockRecipe_C,docs_a81d250e96aa
ResourceSink_Roofs_Corners_C,Recipe_Roof_Orange_OutCorner_02_C,BP_UnlockRecipe_C,docs_a81d250e96aa
ResourceSink_Roofs_Corners_C,Recipe_Roof_Orange_OutCorner_03_C,BP_UnlockRecipe_C,docs_a81d250e96aa
CBG_Roofs_Corners_Glass_C,Recipe_Roof_Window_InCorner_01_C,BP_UnlockRecipe_C,docs_a81d250e96aa
CBG_Roofs_Corners_Glass_C,Recipe_Roof_Window_InCorner_02_C,BP_UnlockRecipe_C,docs_a81d250e96aa
CBG_Roofs_Corners_Glass_C,Recipe_Roof_Window_InCorner_03_C,BP_UnlockRecipe_C,docs_a81d250e96aa
CBG_Roofs_Corners_Glass_C,Recipe_Roof_Window_OutCorner_01_C,BP_UnlockRecipe_C,docs_a81d250e96aa
CBG_Roofs_Corners_Glass_C,Recipe_Roof_Window_OutCorner_02_C,BP_UnlockRecipe_C,docs_a81d250e96aa
CBG_Roofs_Corners_Glass_C,Recipe_Roof_Window_OutCorner_03_C,BP_UnlockRecipe_C,docs_a81d250e96aa
ResourceSink_Customizer_GlassRoofMaterial_C,Recipe_Material_Roof_Glass_C,BP_UnlockRecipe_C,docs_a81d250e96aa
CBG_Roofs_Basic_Glass_C,Recipe_Roof_Window_01_C,BP_UnlockRecipe_C,docs_a81d250e96aa
CBG_Roofs_Basic_Glass_C,Recipe_Roof_Window_02_C,BP_UnlockRecipe_C,docs_a81d250e96aa
CBG_Roofs_Basic_Glass_C,Recipe_Roof_Window_03_C,BP_UnlockRecipe_C,docs_a81d250e96aa
CBG_Roofs_Basic_Glass_C,Recipe_Roof_Window_04_C,BP_UnlockRecipe_C,docs_a81d250e96aa
CBG_Roofs_Corners_Tar_C,Recipe_Roof_Tar_InCorner_01_C,BP_UnlockRecipe_C,docs_a81d250e96aa
CBG_Roofs_Corners_Tar_C,Recipe_Roof_Tar_InCorner_02_C,BP_UnlockRecipe_C,docs_a81d250e96aa
CBG_Roofs_Corners_Tar_C,Recipe_Roof_Tar_InCorner_03_C,BP_UnlockRecipe_C,docs_a81d250e96aa
CBG_Roofs_Corners_Tar_C,Recipe_Roof_Tar_OutCorner_01_C,BP_UnlockRecipe_C,docs_a81d250e96aa
CBG_Roofs_Corners_Tar_C,Recipe_Roof_Tar_OutCorner_02_C,BP_UnlockRecipe_C,docs_a81d250e96aa
CBG_Roofs_Corners_Tar_C,Recipe_Roof_Tar_OutCorner_03_C,BP_UnlockRecipe_C,docs_a81d250e96aa
ResourceSink_Customizer_TarRoofMaterial_C,Recipe_Material_Roof_Tar_C,BP_UnlockRecipe_C,docs_a81d250e96aa
CBG_Roofs_Basic_Tar_C,Recipe_Roof_Tar_01_C,BP_UnlockRecipe_C,docs_a81d250e96aa
CBG_Roofs_Basic_Tar_C,Recipe_Roof_Tar_02_C,BP_UnlockRecipe_C,docs_a81d250e96aa
CBG_Roofs_Basic_Tar_C,Recipe_Roof_Tar_03_C,BP_UnlockRecipe_C,docs_a81d250e96aa
CBG_Roofs_Basic_Tar_C,Recipe_Roof_Tar_04_C,BP_UnlockRecipe_C,docs_a81d250e96aa
ResourceSink_PersonnelElevator_C,Recipe_Elevator_C,BP_UnlockRecipe_C,docs_a81d250e96aa
ResourceSink_PersonnelElevator_C,Recipe_ElevatorFloorStop_C,BP_UnlockRecipe_C,docs_a81d250e96aa
Schematic_6-5_C,Recipe_PipelineMK2_C,BP_UnlockRecipe_C,docs_a81d250e96aa
Schematic_6-5_C,Recipe_PipelinePumpMK2_C,BP_UnlockRecipe_C,docs_a81d250e96aa
ResourceSink_NoIndicator_PipelineMK2_C,Recipe_PipelineMK2_NoIndicator_C,BP_UnlockRecipe_C,docs_a81d250e96aa
ResourceSink_NoIndicator_PipelineMK1_C,Recipe_Pipeline_NoIndicator_C,BP_UnlockRecipe_C,docs_a81d250e96aa
ResourceSink_MedicalBoxSkin_C,Recipe_StorageMedkit_C,BP_UnlockRecipe_C,docs_a81d250e96aa
ResourceSink_LightControlPanel_C,Recipe_LightsControlPanel_C,BP_UnlockRecipe_C,docs_a81d250e96aa
Research_Quartz_1_1_C,Recipe_QuartzCrystal_C,BP_UnlockRecipe_C,docs_a81d250e96aa
ResourceSink_LabelSigns_C,Recipe_StandaloneWidgetSign_Small_C,BP_UnlockRecipe_C,docs_a81d250e96aa
ResourceSink_LabelSigns_C,Recipe_StandaloneWidgetSign_SmallWide_C,BP_UnlockRecipe_C,docs_a81d250e96aa
ResourceSink_LabelSigns_C,Recipe_StandaloneWidgetSign_SmallVeryWide_C,BP_UnlockRecipe_C,docs_a81d250e96aa
ResourceSink_LabelSigns_C,Recipe_StandaloneWidgetSign_Square_Tiny_C,BP_UnlockRecipe_C,docs_a81d250e96aa
ResourceSink_HyperTubeFloorHole_C,Recipe_FoundationPassthrough_Hypertube_C,BP_UnlockRecipe_C,docs_a81d250e96aa
ResourceSink_HazardBoxSkin_C,Recipe_StorageHazard_C,BP_UnlockRecipe_C,docs_a81d250e96aa
ResourceSink_GoldenCart_C,Recipe_GoldenCart_C,BP_UnlockRecipe_C,docs_a81d250e96aa
ResourceSink_FrameWindows_C,Recipe_Wall_Window_Thin_8x4_01_C,BP_UnlockRecipe_C,docs_a81d250e96aa
ResourceSink_FrameWindows_C,Recipe_Wall_Window_Thin_8x4_02_C,BP_UnlockRecipe_C,docs_a81d250e96aa
ResourceSink_FrameWindows_C,Recipe_Wall_Window_8x4_06_C,BP_UnlockRecipe_C,docs_a81d250e96aa
ResourceSink_FrameWindows_C,Recipe_Wall_Window_8x4_07_C,BP_UnlockRecipe_C,docs_a81d250e96aa
ResourceSink_FrameWindows_C,Recipe_Wall_Window_8x4_05_C,BP_UnlockRecipe_C,docs_a81d250e96aa
ResourceSink_FramePillarSet_C,Recipe_PillarMiddle_Frame_C,BP_UnlockRecipe_C,docs_a81d250e96aa
ResourceSink_FramePillarSet_C,Recipe_PillarBase_C,BP_UnlockRecipe_C,docs_a81d250e96aa
ResourceSink_FramePillarSet_C,Recipe_Pillar_Small_Frame_C,BP_UnlockRecipe_C,docs_a81d250e96aa
ResourceSink_FramePillarSet_C,Recipe_PillarBase_Small_C,BP_UnlockRecipe_C,docs_a81d250e96aa
ResourceSink_Fences_C,Recipe_TarpFence_C,BP_UnlockRecipe_C,docs_a81d250e96aa
ResourceSink_Fences_C,Recipe_ChainLinkFence_C,BP_UnlockRecipe_C,docs_a81d250e96aa
ResourceSink_FactoryBarrier2_C,Recipe_Barrier_Low_01_C,BP_UnlockRecipe_C,docs_a81d250e96aa
ResourceSink_FactoryBarrier2_C,Recipe_Barrier_Tall_01_C,BP_UnlockRecipe_C,docs_a81d250e96aa
ResourceSink_FactoryBarrier_C,Recipe_Concrete_Barrier_01_C,BP_UnlockRecipe_C,docs_a81d250e96aa
ResourceSink_FactoryBarrier_C,Recipe_Barrier_Corner_C,BP_UnlockRecipe_C,docs_a81d250e96aa
ResourceSink_DisplaySigns_C,Recipe_StandaloneWidgetSign_Medium_C,BP_UnlockRecipe_C,docs_a81d250e96aa
ResourceSink_DisplaySigns_C,Recipe_StandaloneWidgetSign_Portrait_C,BP_UnlockRecipe_C,docs_a81d250e96aa
ResourceSink_DisplaySigns_C,Recipe_StandaloneWidgetSign_Square_Small_C,BP_UnlockRecipe_C,docs_a81d250e96aa
ResourceSink_DisplaySigns_C,Recipe_StandaloneWidgetSign_Square_C,BP_UnlockRecipe_C,docs_a81d250e96aa
ResourceSink_ConveyorWallHole_C,Recipe_ConveyorWallHole_C,BP_UnlockRecipe_C,docs_a81d250e96aa
Research_Quartz_2_C,Recipe_CrystalOscillator_C,BP_UnlockRecipe_C,docs_a81d250e96aa
ResourceSink_ConveyorMonitor_C,Recipe_ConveyorMonitor_C,BP_UnlockRecipe_C,docs_a81d250e96aa
ResourceSink_ConveyorLiftHole_C,Recipe_FoundationPassthrough_Lift_C,BP_UnlockRecipe_C,docs_a81d250e96aa
ResourceSink_ConcretePillarSet_C,Recipe_PillarMiddle_Concrete_C,BP_UnlockRecipe_C,docs_a81d250e96aa
ResourceSink_ConcretePillarSet_C,Recipe_PillarBase_C,BP_UnlockRecipe_C,docs_a81d250e96aa
ResourceSink_ConcretePillarSet_C,Recipe_Pillar_Small_Concrete_C,BP_UnlockRecipe_C,docs_a81d250e96aa
ResourceSink_ConcretePillarSet_C,Recipe_PillarBase_Small_C,BP_UnlockRecipe_C,docs_a81d250e96aa
ResourceSink_Catwalks_C,Recipe_Catwalk_Straight_C,BP_UnlockRecipe_C,docs_a81d250e96aa
ResourceSink_Catwalks_C,Recipe_Catwalk_Cross_C,BP_UnlockRecipe_C,docs_a81d250e96aa
ResourceSink_Catwalks_C,Recipe_Catwalk_T_C,BP_UnlockRecipe_C,docs_a81d250e96aa
ResourceSink_Catwalks_C,Recipe_Catwalk_Turn_C,BP_UnlockRecipe_C,docs_a81d250e96aa
ResourceSink_Catwalks_C,Recipe_Catwalk_Ramp_C,BP_UnlockRecipe_C,docs_a81d250e96aa
ResourceSink_Catwalks_C,Recipe_Catwalk_Stairs_C,BP_UnlockRecipe_C,docs_a81d250e96aa
Research_ACarapace_2_1_C,Recipe_SpikedRebar_C,BP_UnlockRecipe_C,docs_a81d250e96aa
ResourceSink_BillboardSigns_C,Recipe_StandaloneWidgetSign_Large_C,BP_UnlockRecipe_C,docs_a81d250e96aa
ResourceSink_BillboardSigns_C,Recipe_StandaloneWidgetSign_Huge_C,BP_UnlockRecipe_C,docs_a81d250e96aa
ResourceSink_BeamSet_Cables_C,Recipe_Beam_Cable_C,BP_UnlockRecipe_C,docs_a81d250e96aa
ResourceSink_BeamSet_Cables_C,Recipe_Beam_Cable_Cluster_C,BP_UnlockRecipe_C,docs_a81d250e96aa
ResourceSink_BeamSet_Cables_C,Recipe_Beam_Support_C,BP_UnlockRecipe_C,docs_a81d250e96aa
ResourceSink_BeamSet_Cables_C,Recipe_Beam_Connector_C,BP_UnlockRecipe_C,docs_a81d250e96aa
ResourceSink_BeamSet_Cables_C,Recipe_Beam_Connector_Double_C,BP_UnlockRecipe_C,docs_a81d250e96aa
ResourceSink_BeamSet2_C,Recipe_Beam_Concrete_C,BP_UnlockRecipe_C,docs_a81d250e96aa
ResourceSink_BeamSet2_C,Recipe_Beam_H_C,BP_UnlockRecipe_C,docs_a81d250e96aa
ResourceSink_BeamSet2_C,Recipe_Beam_Shelf_C,BP_UnlockRecipe_C,docs_a81d250e96aa
ResourceSink_BeamSet2_C,Recipe_Beam_Cross_C,BP_UnlockRecipe_C,docs_a81d250e96aa
ResourceSink_BeamSet_C,Recipe_Beam_C,BP_UnlockRecipe_C,docs_a81d250e96aa
ResourceSink_BeamSet_C,Recipe_Beam_Painted_C,BP_UnlockRecipe_C,docs_a81d250e96aa
ResourceSink_BeamSet_C,Recipe_Beam_Support_C,BP_UnlockRecipe_C,docs_a81d250e96aa
ResourceSink_BeamSet_C,Recipe_Beam_Connector_C,BP_UnlockRecipe_C,docs_a81d250e96aa
ResourceSink_BeamSet_C,Recipe_Beam_Connector_Double_C,BP_UnlockRecipe_C,docs_a81d250e96aa
ResourceSink_Zones_FoundationPatterns_C,Recipe_Pattern_ZoneFull_C,BP_UnlockRecipe_C,docs_a81d250e96aa
ResourceSink_Zones_FoundationPatterns_C,Recipe_Pattern_ZoneHalf_C,BP_UnlockRecipe_C,docs_a81d250e96aa
ResourceSink_Zones_FoundationPatterns_C,Recipe_Pattern_ZoneQuarter_C,BP_UnlockRecipe_C,docs_a81d250e96aa
ResourceSink_Zones_FoundationPatterns_C,Recipe_Pattern_ZoneLine_C,BP_UnlockRecipe_C,docs_a81d250e96aa
ResourceSink_Zones_FoundationPatterns_C,Recipe_Pattern_Remover_Zones_C,BP_UnlockRecipe_C,docs_a81d250e96aa
ResourceSink_UnPainted_PaintFinish_C,Recipe_PaintFinish_UnPainted_C,BP_UnlockRecipe_C,docs_a81d250e96aa
ResourceSink_Pathways_FoundationPatterns_C,Recipe_Pattern_PathStraight_C,BP_UnlockRecipe_C,docs_a81d250e96aa
ResourceSink_Pathways_FoundationPatterns_C,Recipe_Pattern_PathCorner_C,BP_UnlockRecipe_C,docs_a81d250e96aa
ResourceSink_Pathways_FoundationPatterns_C,Recipe_Pattern_PathSplit_C,BP_UnlockRecipe_C,docs_a81d250e96aa
ResourceSink_Pathways_FoundationPatterns_C,Recipe_Pattern_PathCross_C,BP_UnlockRecipe_C,docs_a81d250e96aa
ResourceSink_Pathways_FoundationPatterns_C,Recipe_Pattern_PathPioneer_C,BP_UnlockRecipe_C,docs_a81d250e96aa
ResourceSink_Pathways_FoundationPatterns_C,Recipe_Pattern_PathCart_C,BP_UnlockRecipe_C,docs_a81d250e96aa
ResourceSink_Pathways_FoundationPatterns_C,Recipe_Pattern_PathZebra_C,BP_UnlockRecipe_C,docs_a81d250e96aa
ResourceSink_Pathways_FoundationPatterns_C,Recipe_Pattern_Remover_Paths_C,BP_UnlockRecipe_C,docs_a81d250e96aa
ResourceSink_Number_FoundationPatterns_C,Recipe_Pattern_Number0_C,BP_UnlockRecipe_C,docs_a81d250e96aa
ResourceSink_Number_FoundationPatterns_C,Recipe_Pattern_Number1_C,BP_UnlockRecipe_C,docs_a81d250e96aa
ResourceSink_Number_FoundationPatterns_C,Recipe_Pattern_Number2_C,BP_UnlockRecipe_C,docs_a81d250e96aa
ResourceSink_Number_FoundationPatterns_C,Recipe_Pattern_Number3_C,BP_UnlockRecipe_C,docs_a81d250e96aa
ResourceSink_Number_FoundationPatterns_C,Recipe_Pattern_Number4_C,BP_UnlockRecipe_C,docs_a81d250e96aa
ResourceSink_Number_FoundationPatterns_C,Recipe_Pattern_Number5_C,BP_UnlockRecipe_C,docs_a81d250e96aa
ResourceSink_Number_FoundationPatterns_C,Recipe_Pattern_Number6_C,BP_UnlockRecipe_C,docs_a81d250e96aa
ResourceSink_Number_FoundationPatterns_C,Recipe_Pattern_Number7_C,BP_UnlockRecipe_C,docs_a81d250e96aa
ResourceSink_Number_FoundationPatterns_C,Recipe_Pattern_Number8_C,BP_UnlockRecipe_C,docs_a81d250e96aa
ResourceSink_Number_FoundationPatterns_C,Recipe_Pattern_Number9_C,BP_UnlockRecipe_C,docs_a81d250e96aa
ResourceSink_Number_FoundationPatterns_C,Recipe_Pattern_Remover_Numbers_C,BP_UnlockRecipe_C,docs_a81d250e96aa
ResourceSink_IconsTransport_FoundationPatterns_C,Recipe_Pattern_Icon_Tractor_C,BP_UnlockRecipe_C,docs_a81d250e96aa
ResourceSink_IconsTransport_FoundationPatterns_C,Recipe_Pattern_Icon_Truck_C,BP_UnlockRecipe_C,docs_a81d250e96aa
ResourceSink_IconsTransport_FoundationPatterns_C,Recipe_Pattern_Icon_Explorer_C,BP_UnlockRecipe_C,docs_a81d250e96aa
ResourceSink_IconsTransport_FoundationPatterns_C,Recipe_Pattern_Icon_Cart_C,BP_UnlockRecipe_C,docs_a81d250e96aa
ResourceSink_IconsTransport_FoundationPatterns_C,Recipe_Pattern_NO_Cart_C,BP_UnlockRecipe_C,docs_a81d250e96aa
ResourceSink_IconsTransport_FoundationPatterns_C,Recipe_Pattern_Icon_Parking_C,BP_UnlockRecipe_C,docs_a81d250e96aa
ResourceSink_IconsTransport_FoundationPatterns_C,Recipe_Pattern_NO_Parking_C,BP_UnlockRecipe_C,docs_a81d250e96aa
ResourceSink_IconsTransport_FoundationPatterns_C,Recipe_Pattern_FullZebra_C,BP_UnlockRecipe_C,docs_a81d250e96aa
ResourceSink_IconsTransport_FoundationPatterns_C,Recipe_Pattern_Remover_Icons_C,BP_UnlockRecipe_C,docs_a81d250e96aa
ResourceSink_IconsFactory_FoundationPatterns_C,Recipe_Pattern_Icon_Factory_C,BP_UnlockRecipe_C,docs_a81d250e96aa
ResourceSink_IconsFactory_FoundationPatterns_C,Recipe_Pattern_Icon_Power_C,BP_UnlockRecipe_C,docs_a81d250e96aa
ResourceSink_IconsFactory_FoundationPatterns_C,Recipe_Pattern_Icon_Storage_C,BP_UnlockRecipe_C,docs_a81d250e96aa
ResourceSink_IconsFactory_FoundationPatterns_C,Recipe_Pattern_Icon_Nuclear_C,BP_UnlockRecipe_C,docs_a81d250e96aa
ResourceSink_IconsFactory_FoundationPatterns_C,Recipe_Pattern_Icon_Liquid_C,BP_UnlockRecipe_C,docs_a81d250e96aa
ResourceSink_IconsFactory_FoundationPatterns_C,Recipe_Pattern_Icon_StopCross_C,BP_UnlockRecipe_C,docs_a81d250e96aa
ResourceSink_IconsFactory_FoundationPatterns_C,Recipe_Pattern_Icon_Pioneer_C,BP_UnlockRecipe_C,docs_a81d250e96aa
ResourceSink_IconsFactory_FoundationPatterns_C,Recipe_Pattern_NO_Pioneer_C,BP_UnlockRecipe_C,docs_a81d250e96aa
ResourceSink_IconsFactory_FoundationPatterns_C,Recipe_Pattern_Remover_Icons_C,BP_UnlockRecipe_C,docs_a81d250e96aa
ResourceSink_FullLines_FoundationPatterns_C,Recipe_Pattern_LineCentre_C,BP_UnlockRecipe_C,docs_a81d250e96aa
ResourceSink_FullLines_FoundationPatterns_C,Recipe_Pattern_LineCentreCorner_C,BP_UnlockRecipe_C,docs_a81d250e96aa
ResourceSink_FullLines_FoundationPatterns_C,Recipe_Pattern_LineSplit_C,BP_UnlockRecipe_C,docs_a81d250e96aa
ResourceSink_FullLines_FoundationPatterns_C,Recipe_Pattern_LineCross_C,BP_UnlockRecipe_C,docs_a81d250e96aa
ResourceSink_FullLines_FoundationPatterns_C,Recipe_Pattern_LineSide_C,BP_UnlockRecipe_C,docs_a81d250e96aa
ResourceSink_FullLines_FoundationPatterns_C,Recipe_Pattern_LineSideCorner_C,BP_UnlockRecipe_C,docs_a81d250e96aa
ResourceSink_FullLines_FoundationPatterns_C,Recipe_Pattern_LineDouble_C,BP_UnlockRecipe_C,docs_a81d250e96aa
ResourceSink_FullLines_FoundationPatterns_C,Recipe_Pattern_Remover_Lines_C,BP_UnlockRecipe_C,docs_a81d250e96aa
ResourceSink_DotLines_FoundationPatterns_C,Recipe_Pattern_DottedCentre_C,BP_UnlockRecipe_C,docs_a81d250e96aa
ResourceSink_DotLines_FoundationPatterns_C,Recipe_Pattern_DottedCentreCorner_C,BP_UnlockRecipe_C,docs_a81d250e96aa
ResourceSink_DotLines_FoundationPatterns_C,Recipe_Pattern_DottedSplit_C,BP_UnlockRecipe_C,docs_a81d250e96aa
ResourceSink_DotLines_FoundationPatterns_C,Recipe_Pattern_DottedCross_C,BP_UnlockRecipe_C,docs_a81d250e96aa
ResourceSink_DotLines_FoundationPatterns_C,Recipe_Pattern_DottedSide_C,BP_UnlockRecipe_C,docs_a81d250e96aa
ResourceSink_DotLines_FoundationPatterns_C,Recipe_Pattern_DottedSideCorner_C,BP_UnlockRecipe_C,docs_a81d250e96aa
ResourceSink_DotLines_FoundationPatterns_C,Recipe_Pattern_DottedDouble_C,BP_UnlockRecipe_C,docs_a81d250e96aa
ResourceSink_DotLines_FoundationPatterns_C,Recipe_Pattern_Remover_Lines_C,BP_UnlockRecipe_C,docs_a81d250e96aa
ResourceSink_Copper_PaintFinish_C,Recipe_PaintFinish_Copper_C,BP_UnlockRecipe_C,docs_a81d250e96aa
ResourceSink_Chrome_PaintFinish_C,Recipe_PaintFinish_Chrome_C,BP_UnlockRecipe_C,docs_a81d250e96aa
ResourceSink_Caterium_PaintFinish_C,Recipe_PaintFinish_Caterium_C,BP_UnlockRecipe_C,docs_a81d250e96aa
ResourceSink_CarbonSteel_PaintFinish_C,Recipe_PaintFinish_CarbonSteel_C,BP_UnlockRecipe_C,docs_a81d250e96aa
ResourceSink_Arrows_FoundationPatterns_C,Recipe_Pattern_ArrowStraight_C,BP_UnlockRecipe_C,docs_a81d250e96aa
ResourceSink_Arrows_FoundationPatterns_C,Recipe_Pattern_ArrowLeft_C,BP_UnlockRecipe_C,docs_a81d250e96aa
ResourceSink_Arrows_FoundationPatterns_C,Recipe_Pattern_ArrowRight_C,BP_UnlockRecipe_C,docs_a81d250e96aa
ResourceSink_Arrows_FoundationPatterns_C,Recipe_Pattern_ArrowBack_C,BP_UnlockRecipe_C,docs_a81d250e96aa
ResourceSink_Arrows_FoundationPatterns_C,Recipe_Pattern_NO_ArrowStraight_C,BP_UnlockRecipe_C,docs_a81d250e96aa
ResourceSink_Arrows_FoundationPatterns_C,Recipe_Pattern_NO_ArrowLeft_C,BP_UnlockRecipe_C,docs_a81d250e96aa
ResourceSink_Arrows_FoundationPatterns_C,Recipe_Pattern_NO_ArrowRight_C,BP_UnlockRecipe_C,docs_a81d250e96aa
ResourceSink_Arrows_FoundationPatterns_C,Recipe_Pattern_Remover_Arrows_C,BP_UnlockRecipe_C,docs_a81d250e96aa
CBG_PatternRemoval_C,Recipe_Pattern_Remover_C,BP_UnlockRecipe_C,docs_a81d250e96aa
Research_Sulfur_3_2_1_C,Recipe_Nobelisk_C,BP_UnlockRecipe_C,docs_a81d250e96aa
Schematic_8-5-1_C,Recipe_UnpackageNitricAcid_C,BP_UnlockRecipe_C,docs_a81d250e96aa
Schematic_8-5_C,Recipe_NitricAcid_C,BP_UnlockRecipe_C,docs_a81d250e96aa
Schematic_8-5_C,Recipe_PackagedNitricAcid_C,BP_UnlockRecipe_C,docs_a81d250e96aa
Schematic_8-5_C,Recipe_NonFissileUranium_C,BP_UnlockRecipe_C,docs_a81d250e96aa
Schematic_8-5_C,Recipe_Plutonium_C,BP_UnlockRecipe_C,docs_a81d250e96aa
Schematic_8-5_C,Recipe_PlutoniumCell_C,BP_UnlockRecipe_C,docs_a81d250e96aa
Schematic_8-5_C,Recipe_PlutoniumFuelRod_C,BP_UnlockRecipe_C,docs_a81d250e96aa
Schematic_8-5_C,Recipe_HadronCollider_C,BP_UnlockRecipe_C,docs_a81d250e96aa
Schematic_8-5_C,Recipe_CopperDust_C,BP_UnlockRecipe_C,docs_a81d250e96aa
Schematic_8-5_C,Recipe_PressureConversionCube_C,BP_UnlockRecipe_C,docs_a81d250e96aa
Schematic_8-5_C,Recipe_SpaceElevatorPart_9_C,BP_UnlockRecipe_C,docs_a81d250e96aa
Schematic_7-2_C,Recipe_ConveyorBeltMk5_C,BP_UnlockRecipe_C,docs_a81d250e96aa
Schematic_7-2_C,Recipe_ConveyorLiftMk5_C,BP_UnlockRecipe_C,docs_a81d250e96aa
Schematic_9-1-1_C,Recipe_Limestone_Sulfur_C,BP_UnlockRecipe_C,docs_a81d250e96aa
Schematic_9-1-1_C,Recipe_Iron_Limestone_C,BP_UnlockRecipe_C,docs_a81d250e96aa
Schematic_9-1-1_C,Recipe_Coal_Iron_C,BP_UnlockRecipe_C,docs_a81d250e96aa
Schematic_9-1-1_C,Recipe_Coal_Limestone_C,BP_UnlockRecipe_C,docs_a81d250e96aa
Schematic_9-1-1_C,Recipe_Sulfur_Coal_C,BP_UnlockRecipe_C,docs_a81d250e96aa
Schematic_9-1-1_C,Recipe_Sulfur_Iron_C,BP_UnlockRecipe_C,docs_a81d250e96aa
Schematic_9-1-1_C,Recipe_Quartz_Bauxite_C,BP_UnlockRecipe_C,docs_a81d250e96aa
Schematic_9-1-1_C,Recipe_Quartz_Coal_C,BP_UnlockRecipe_C,docs_a81d250e96aa
Schematic_9-1-1_C,Recipe_Copper_Quartz_C,BP_UnlockRecipe_C,docs_a81d250e96aa
Schematic_9-1-1_C,Recipe_Copper_Sulfur_C,BP_UnlockRecipe_C,docs_a81d250e96aa
Schematic_9-1-1_C,Recipe_Caterium_Copper_C,BP_UnlockRecipe_C,docs_a81d250e96aa
Schematic_9-1-1_C,Recipe_Caterium_Quartz_C,BP_UnlockRecipe_C,docs_a81d250e96aa
Schematic_9-1-1_C,Recipe_Bauxite_Caterium_C,BP_UnlockRecipe_C,docs_a81d250e96aa
Schematic_9-1-1_C,Recipe_Bauxite_Copper_C,BP_UnlockRecipe_C,docs_a81d250e96aa
Schematic_9-1-1_C,Recipe_Nitrogen_Bauxite_C,BP_UnlockRecipe_C,docs_a81d250e96aa
Schematic_9-1-1_C,Recipe_Nitrogen_Caterium_C,BP_UnlockRecipe_C,docs_a81d250e96aa
Schematic_9-1-1_C,Recipe_Uranium_Bauxite_C,BP_UnlockRecipe_C,docs_a81d250e96aa
Schematic_9-1-1_C,Recipe_FicsiteIngot_AL_C,BP_UnlockRecipe_C,docs_a81d250e96aa
Schematic_9-1-1_C,Recipe_FicsiteIngot_CAT_C,BP_UnlockRecipe_C,docs_a81d250e96aa
Schematic_9-1_C,Recipe_Converter_C,BP_UnlockRecipe_C,docs_a81d250e96aa
Schematic_9-1_C,Recipe_FicsiteIngot_Iron_C,BP_UnlockRecipe_C,docs_a81d250e96aa
Schematic_9-1_C,Recipe_FicsiteMesh_C,BP_UnlockRecipe_C,docs_a81d250e96aa
Schematic_9-1_C,Recipe_Diamond_C,BP_UnlockRecipe_C,docs_a81d250e96aa
Schematic_9-1_C,Recipe_TimeCrystal_C,BP_UnlockRecipe_C,docs_a81d250e96aa
Schematic_9-1_C,Recipe_SpaceElevatorPart_10_C,BP_UnlockRecipe_C,docs_a81d250e96aa
Schematic_9-1_C,Recipe_IngotSAM_C,BP_UnlockRecipe_C,docs_a81d250e96aa
Schematic_9-1_C,Recipe_SAMFluctuator_C,BP_UnlockRecipe_C,docs_a81d250e96aa
Research_PowerSlugs_6_C,Recipe_SyntheticPowerShard_C,BP_UnlockRecipe_C,docs_a81d250e96aa
Schematic_9-2_C,Recipe_QuantumEncoder_C,BP_UnlockRecipe_C,docs_a81d250e96aa
Schematic_9-2_C,Recipe_QuantumEnergy_C,BP_UnlockRecipe_C,docs_a81d250e96aa
Schematic_9-2_C,Recipe_DarkEnergy_C,BP_UnlockRecipe_C,docs_a81d250e96aa
Schematic_9-2_C,Recipe_DarkMatter_C,BP_UnlockRecipe_C,docs_a81d250e96aa
Schematic_9-2_C,Recipe_SuperpositionOscillator_C,BP_UnlockRecipe_C,docs_a81d250e96aa
Schematic_9-2_C,Recipe_TemporalProcessor_C,BP_UnlockRecipe_C,docs_a81d250e96aa
Schematic_9-2_C,Recipe_SpaceElevatorPart_12_C,BP_UnlockRecipe_C,docs_a81d250e96aa
Research_Sulfur_RocketFuel_C,Recipe_RocketFuel_C,BP_UnlockRecipe_C,docs_a81d250e96aa
Research_Sulfur_RocketFuel_C,Recipe_PackagedRocketFuel_C,BP_UnlockRecipe_C,docs_a81d250e96aa
Research_Sulfur_RocketFuel_C,Recipe_UnpackageRocketFuel_C,BP_UnlockRecipe_C,docs_a81d250e96aa
Research_Sulfur_IonizedFuel_C,Recipe_IonizedFuel_C,BP_UnlockRecipe_C,docs_a81d250e96aa
Research_Sulfur_IonizedFuel_C,Recipe_PackagedIonizedFuel_C,BP_UnlockRecipe_C,docs_a81d250e96aa
Research_Sulfur_IonizedFuel_C,Recipe_UnpackageIonizedFuel_C,BP_UnlockRecipe_C,docs_a81d250e96aa
Schematic_8-2-1_C,Recipe_UnpackageNitrogen_C,BP_UnlockRecipe_C,docs_a81d250e96aa
Schematic_8-2_C,Recipe_FrackingSmasher_C,BP_UnlockRecipe_C,docs_a81d250e96aa
Schematic_8-2_C,Recipe_FrackingExtractor_C,BP_UnlockRecipe_C,docs_a81d250e96aa
Schematic_8-2_C,Recipe_GasTank_C,BP_UnlockRecipe_C,docs_a81d250e96aa
Schematic_8-2_C,Recipe_PackagedNitrogen_C,BP_UnlockRecipe_C,docs_a81d250e96aa
Schematic_8-2_C,Recipe_HeatSink_C,BP_UnlockRecipe_C,docs_a81d250e96aa
Schematic_8-2_C,Recipe_CoolingSystem_C,BP_UnlockRecipe_C,docs_a81d250e96aa
Schematic_8-2_C,Recipe_FusedModularFrame_C,BP_UnlockRecipe_C,docs_a81d250e96aa
Schematic_8-1_C,Recipe_UraniumCell_C,BP_UnlockRecipe_C,docs_a81d250e96aa
Schematic_8-1_C,Recipe_ElectromagneticControlRod_C,BP_UnlockRecipe_C,docs_a81d250e96aa
Schematic_8-1_C,Recipe_NuclearFuelRod_C,BP_UnlockRecipe_C,docs_a81d250e96aa
Schematic_8-1_C,Recipe_GeneratorNuclear_C,BP_UnlockRecipe_C,docs_a81d250e96aa
Schematic_8-1_C,Recipe_SpaceElevatorPart_6_C,BP_UnlockRecipe_C,docs_a81d250e96aa
Schematic_8-4_C,Recipe_MotorTurbo_C,BP_UnlockRecipe_C,docs_a81d250e96aa
Schematic_8-4_C,Recipe_MinerMk3_C,BP_UnlockRecipe_C,docs_a81d250e96aa
Schematic_8-4_C,Recipe_SpaceElevatorPart_8_C,BP_UnlockRecipe_C,docs_a81d250e96aa
Schematic_7-4_C,Recipe_DroneTransport_C,BP_UnlockRecipe_C,docs_a81d250e96aa
Schematic_7-4_C,Recipe_DroneStation_C,BP_UnlockRecipe_C,docs_a81d250e96aa
Schematic_7-1-1_C,Recipe_UnpackageAlumina_C,BP_UnlockRecipe_C,docs_a81d250e96aa
Schematic_7-1-1_C,Recipe_QuartzCrystal_C,BP_UnlockRecipe_C,docs_a81d250e96aa
Schematic_7-1-1_C,Recipe_CrystalOscillator_C,BP_UnlockRecipe_C,docs_a81d250e96aa
Schematic_7-1-1_C,Recipe_Silica_C,BP_UnlockRecipe_C,docs_a81d250e96aa
Schematic_7-1_C,Recipe_AluminaSolution_C,BP_UnlockRecipe_C,docs_a81d250e96aa
Schematic_7-1_C,Recipe_PackagedAlumina_C,BP_UnlockRecipe_C,docs_a81d250e96aa
Schematic_7-1_C,Recipe_AluminumScrap_C,BP_UnlockRecipe_C,docs_a81d250e96aa
Schematic_7-1_C,Recipe_IngotAluminum_C,BP_UnlockRecipe_C,docs_a81d250e96aa
Schematic_7-1_C,Recipe_AluminumSheet_C,BP_UnlockRecipe_C,docs_a81d250e96aa
Schematic_7-1_C,Recipe_AluminumCasing_C,BP_UnlockRecipe_C,docs_a81d250e96aa
Research_Quartz_3_3_C,Recipe_RadioControlUnit_C,BP_UnlockRecipe_C,docs_a81d250e96aa
Schematic_5-4-1_C,Recipe_UnpackageWater_C,BP_UnlockRecipe_C,docs_a81d250e96aa
Schematic_5-4-1_C,Recipe_UnpackageOil_C,BP_UnlockRecipe_C,docs_a81d250e96aa
Schematic_5-4-1_C,Recipe_UnpackageFuel_C,BP_UnlockRecipe_C,docs_a81d250e96aa
Schematic_5-4-1_C,Recipe_UnpackageOilResidue_C,BP_UnlockRecipe_C,docs_a81d250e96aa
Schematic_5-4-1_C,Recipe_UnpackageBioFuel_C,BP_UnlockRecipe_C,docs_a81d250e96aa
Schematic_Alternate_EnrichedCoal_C,Recipe_Alternate_EnrichedCoal_C,BP_UnlockRecipe_C,docs_a81d250e96aa
Schematic_Alternate_EnrichedCoal_C,Recipe_Alternate_Coal_1_C,BP_UnlockRecipe_C,docs_a81d250e96aa
Schematic_Alternate_EnrichedCoal_C,Recipe_Alternate_Coal_2_C,BP_UnlockRecipe_C,docs_a81d250e96aa
Schematic_Alternate_TurboFuel_C,Recipe_Alternate_Turbofuel_C,BP_UnlockRecipe_C,docs_a81d250e96aa
Schematic_Alternate_TurboFuel_C,Recipe_PackagedTurboFuel_C,BP_UnlockRecipe_C,docs_a81d250e96aa
Schematic_Alternate_TurboFuel_C,Recipe_UnpackageTurboFuel_C,BP_UnlockRecipe_C,docs_a81d250e96aa
Research_Sulfur_TurboFuel_C,Recipe_Alternate_Turbofuel_C,BP_UnlockRecipe_C,docs_a81d250e96aa
Research_Sulfur_TurboFuel_C,Recipe_PackagedTurboFuel_C,BP_UnlockRecipe_C,docs_a81d250e96aa
Schematic_5-4_C,Recipe_Packager_C,BP_UnlockRecipe_C,docs_a81d250e96aa
Schematic_5-4_C,Recipe_FluidCanister_C,BP_UnlockRecipe_C,docs_a81d250e96aa
Schematic_5-4_C,Recipe_PackagedWater_C,BP_UnlockRecipe_C,docs_a81d250e96aa
Schematic_5-4_C,Recipe_PackagedCrudeOil_C,BP_UnlockRecipe_C,docs_a81d250e96aa
Schematic_5-4_C,Recipe_Fuel_C,BP_UnlockRecipe_C,docs_a81d250e96aa
Schematic_5-4_C,Recipe_PackagedOilResidue_C,BP_UnlockRecipe_C,docs_a81d250e96aa
Schematic_5-4_C,Recipe_PackagedBiofuel_C,BP_UnlockRecipe_C,docs_a81d250e96aa
Schematic_5-4_C,Recipe_LiquidBiofuel_C,BP_UnlockRecipe_C,docs_a81d250e96aa
Schematic_5-2_C,Recipe_ManufacturerMk1_C,BP_UnlockRecipe_C,docs_a81d250e96aa
Schematic_5-2_C,Recipe_Computer_C,BP_UnlockRecipe_C,docs_a81d250e96aa
Schematic_5-2_C,Recipe_ModularFrameHeavy_C,BP_UnlockRecipe_C,docs_a81d250e96aa
Schematic_5-2_C,Recipe_SpaceElevatorPart_4_C,BP_UnlockRecipe_C,docs_a81d250e96aa
Schematic_5-2_C,Recipe_SpaceElevatorPart_5_C,BP_UnlockRecipe_C,docs_a81d250e96aa
Research_Sulfur_3_C,Recipe_GunpowderMK2_C,BP_UnlockRecipe_C,docs_a81d250e96aa
Research_Caterium_5_C,Recipe_HighSpeedConnector_C,BP_UnlockRecipe_C,docs_a81d250e96aa
Research_Sulfur_CompactedCoal_C,Recipe_Alternate_EnrichedCoal_C,BP_UnlockRecipe_C,docs_a81d250e96aa
Research_Sulfur_1_C,Recipe_Gunpowder_C,BP_UnlockRecipe_C,docs_a81d250e96aa
Schematic_2-1_C,Recipe_AssemblerMk1_C,BP_UnlockRecipe_C,docs_a81d250e96aa
Schematic_2-1_C,Recipe_CopperSheet_C,BP_UnlockRecipe_C,docs_a81d250e96aa
Schematic_2-1_C,Recipe_Rotor_C,BP_UnlockRecipe_C,docs_a81d250e96aa
Schematic_2-1_C,Recipe_ModularFrame_C,BP_UnlockRecipe_C,docs_a81d250e96aa
Schematic_2-1_C,Recipe_SpaceElevatorPart_1_C,BP_UnlockRecipe_C,docs_a81d250e96aa
Research_Mycelia_2_C,Recipe_Fabric_C,BP_UnlockRecipe_C,docs_a81d250e96aa
Schematic_2-2_C,Recipe_Chainsaw_C,BP_UnlockRecipe_C,docs_a81d250e96aa
Schematic_2-2_C,Recipe_Biofuel_C,BP_UnlockRecipe_C,docs_a81d250e96aa
Research_Caterium_4_1_C,Recipe_AILimiter_C,BP_UnlockRecipe_C,docs_a81d250e96aa
Research_Sulfur_5_2_Hidden_C,Recipe_CartridgeChaos_Packaged_C,BP_UnlockRecipe_C,docs_a81d250e96aa
Research_Sulfur_5_2_C,Recipe_CartridgeChaos_C,BP_UnlockRecipe_C,docs_a81d250e96aa
Research_Caterium_6_3_C,Recipe_CartridgeSmart_C,BP_UnlockRecipe_C,docs_a81d250e96aa
Research_Caterium_3_2_C,Recipe_Rebar_Stunshot_C,BP_UnlockRecipe_C,docs_a81d250e96aa
Research_Quartz_2_1_C,Recipe_Rebar_Spreadshot_C,BP_UnlockRecipe_C,docs_a81d250e96aa
Research_Sulfur_4_2_C,Recipe_Rebar_Explosive_C,BP_UnlockRecipe_C,docs_a81d250e96aa
Schematic_7-3_C,Recipe_HazmatSuit_C,BP_UnlockRecipe_C,docs_a81d250e96aa
Schematic_7-3_C,Recipe_FilterHazmat_C,BP_UnlockRecipe_C,docs_a81d250e96aa
Research_Quartz_3_4_C,Recipe_NobeliskShockwave_C,BP_UnlockRecipe_C,docs_a81d250e96aa
Research_Mycelia_8_C,Recipe_NobeliskGas_C,BP_UnlockRecipe_C,docs_a81d250e96aa
Research_Sulfur_4_C,Recipe_NobeliskCluster_C,BP_UnlockRecipe_C,docs_a81d250e96aa
Research_Mycelia_5_C,Recipe_MedicinalInhaler_C,BP_UnlockRecipe_C,docs_a81d250e96aa
Research_AOrgans_2_C,Recipe_MedicinalInhalerAlienOrgans_C,BP_UnlockRecipe_C,docs_a81d250e96aa
Research_Nutrients_4_C,Recipe_NutritionalInhaler_C,BP_UnlockRecipe_C,docs_a81d250e96aa
Research_Sulfur_3_1_C,Recipe_NobeliskDetonator_C,BP_UnlockRecipe_C,docs_a81d250e96aa
Research_Sulfur_3_1_C,Recipe_Nobelisk_C,BP_UnlockRecipe_C,docs_a81d250e96aa
Research_ACarapace_2_C,Recipe_RebarGun_C,BP_UnlockRecipe_C,docs_a81d250e96aa
Research_ACarapace_2_C,Recipe_SpikedRebar_C,BP_UnlockRecipe_C,docs_a81d250e96aa
Research_Sulfur_4_1_C,Recipe_SpaceRifleMk1_C,BP_UnlockRecipe_C,docs_a81d250e96aa
Research_Sulfur_4_1_C,Recipe_Cartridge_C,BP_UnlockRecipe_C,docs_a81d250e96aa
Research_Sulfur_4_2_1_C,Recipe_Cartridge_C,BP_UnlockRecipe_C,docs_a81d250e96aa
Research_XMas_4_C,Recipe_XmasWreath_C,BP_UnlockRecipe_C,docs_a81d250e96aa
Research_XMas_4_C,Recipe_XmasDataCartridge4_C,BP_UnlockRecipe_C,docs_a81d250e96aa
Research_XMas_4-2_C,Recipe_Snowball_C,BP_UnlockRecipe_C,docs_a81d250e96aa
Research_XMas_4-1_C,Recipe_WreathDecor_C,BP_UnlockRecipe_C,docs_a81d250e96aa
Research_XMas_4-1_C,Recipe_XmasStar_C,BP_UnlockRecipe_C,docs_a81d250e96aa
Research_XMas_3_C,Recipe_XmasBall3_C,BP_UnlockRecipe_C,docs_a81d250e96aa
Research_XMas_3_C,Recipe_XmasBall4_C,BP_UnlockRecipe_C,docs_a81d250e96aa
Research_XMas_3_C,Recipe_XmasDataCartridge3_C,BP_UnlockRecipe_C,docs_a81d250e96aa
Research_XMas_3-2_C,Recipe_SnowDispenser_C,BP_UnlockRecipe_C,docs_a81d250e96aa
Research_XMas_3-2_C,Recipe_SnowCannon_C,BP_UnlockRecipe_C,docs_a81d250e96aa
Research_XMas_3-1_C,Recipe_xmassLights_C,BP_UnlockRecipe_C,docs_a81d250e96aa
Research_XMas_3-1_C,Recipe_XmasBallCluster_C,BP_UnlockRecipe_C,docs_a81d250e96aa
Research_XMas_2_C,Recipe_XmasBall1_C,BP_UnlockRecipe_C,docs_a81d250e96aa
Research_XMas_2_C,Recipe_XmasBall2_C,BP_UnlockRecipe_C,docs_a81d250e96aa
Research_XMas_2_C,Recipe_XmasDataCartridge2_C,BP_UnlockRecipe_C,docs_a81d250e96aa
Research_XMas_2-2_C,Recipe_TreeGiftProducer_C,BP_UnlockRecipe_C,docs_a81d250e96aa
Research_XMas_2-1_C,Recipe_Snowman_C,BP_UnlockRecipe_C,docs_a81d250e96aa
Research_XMas_2-1_C,Recipe_Snow_C,BP_UnlockRecipe_C,docs_a81d250e96aa
Research_XMas_1_C,Recipe_XMassTree_C,BP_UnlockRecipe_C,docs_a81d250e96aa
Research_XMas_1_C,Recipe_XmasBranch_C,BP_UnlockRecipe_C,docs_a81d250e96aa
Research_XMas_1_C,Recipe_XmasDataCartridge1_C,BP_UnlockRecipe_C,docs_a81d250e96aa
Research_XMas_1-2_C,Recipe_CandyCaneDecor_C,BP_UnlockRecipe_C,docs_a81d250e96aa
Research_XMas_1-2_C,Recipe_XmasBow_C,BP_UnlockRecipe_C,docs_a81d250e96aa
Research_XMas_1-1_C,Recipe_CandyCaneBasher_C,BP_UnlockRecipe_C,docs_a81d250e96aa
Research_XMas_1-1_C,Recipe_CandyCane_C,BP_UnlockRecipe_C,docs_a81d250e96aa
Research_Sulfur_5_1_C,Recipe_NobeliskNuke_C,BP_UnlockRecipe_C,docs_a81d250e96aa
Research_Quartz_PriorityMerger_C,Recipe_ConveyorAttachmentMergerPriority_C,BP_UnlockRecipe_C,docs_a81d250e96aa
Research_Quartz_4_C,Recipe_RadarTower_C,BP_UnlockRecipe_C,docs_a81d250e96aa
Research_Quartz_3_1_C,Recipe_Explorer_C,BP_UnlockRecipe_C,docs_a81d250e96aa
Research_Quartz_3_1_C,Recipe_VehiclePath_Explorer_C,BP_UnlockRecipe_C,docs_a81d250e96aa
Research_PowerSlugs_5_C,Recipe_PowerCrystalShard_3_C,BP_UnlockRecipe_C,docs_a81d250e96aa
Research_PowerSlugs_4_C,Recipe_PowerCrystalShard_2_C,BP_UnlockRecipe_C,docs_a81d250e96aa
Research_PowerSlugs_1_C,Recipe_PowerCrystalShard_1_C,BP_UnlockRecipe_C,docs_a81d250e96aa
Research_Mycelia_GasMask_C,Recipe_Gasmask_C,BP_UnlockRecipe_C,docs_a81d250e96aa
Research_Mycelia_GasMask_C,Recipe_FilterGasMask_C,BP_UnlockRecipe_C,docs_a81d250e96aa
Research_Mycelia_6_C,Recipe_TherapeuticInhaler_C,BP_UnlockRecipe_C,docs_a81d250e96aa
Research_Mycelia_3_C,Recipe_Parachute_C,BP_UnlockRecipe_C,docs_a81d250e96aa
Research_Mycelia_2_1_C,Recipe_Alternate_PolyesterFabric_C,BP_UnlockRecipe_C,docs_a81d250e96aa
Research_Mycelia_1_C,Recipe_Biomass_Mycelia_C,BP_UnlockRecipe_C,docs_a81d250e96aa
Research_Caterium_7_2_C,Recipe_GeneratorGeoThermal_C,BP_UnlockRecipe_C,docs_a81d250e96aa
Research_Caterium_7_1_C,Recipe_ConveyorAttachmentSplitterProgrammable_C,BP_UnlockRecipe_C,docs_a81d250e96aa
Research_Caterium_5_1_C,Recipe_PriorityPowerSwitch_C,BP_UnlockRecipe_C,docs_a81d250e96aa
Research_Caterium_4_3_C,Recipe_BladeRunners_C,BP_UnlockRecipe_C,docs_a81d250e96aa
Research_Caterium_4_1_2_C,Recipe_PowerSwitch_C,BP_UnlockRecipe_C,docs_a81d250e96aa
Research_Caterium_4_1_1_C,Recipe_ConveyorAttachmentSplitterSmart_C,BP_UnlockRecipe_C,docs_a81d250e96aa
Research_Caterium_2_1_C,Recipe_ZipLine_C,BP_UnlockRecipe_C,docs_a81d250e96aa
Research_Caterium_1_C,Recipe_IngotCaterium_C,BP_UnlockRecipe_C,docs_a81d250e96aa
Research_Alien_SAMFluctuator_C,Recipe_SAMFluctuator_C,BP_UnlockRecipe_C,docs_a81d250e96aa
Research_Alien_PowerBooster_C,Recipe_AlienPowerBuilding_C,BP_UnlockRecipe_C,docs_a81d250e96aa
Research_Alien_PortalPotty_C,Recipe_PortalPotty_C,BP_UnlockRecipe_C,docs_a81d250e96aa
Research_Alien_CentralStorage_C,Recipe_CentralStorage_C,BP_UnlockRecipe_C,docs_a81d250e96aa
Research_Alien_BoosterFuel_C,Recipe_AlienPowerFuel_C,BP_UnlockRecipe_C,docs_a81d250e96aa
Research_Alien_ActiveSAM_C,Recipe_IngotSAM_C,BP_UnlockRecipe_C,docs_a81d250e96aa
Research_AO_Stinger_C,Recipe_Protein_Stinger_C,BP_UnlockRecipe_C,docs_a81d250e96aa
Research_AO_Hatcher_C,Recipe_Protein_Crab_C,BP_UnlockRecipe_C,docs_a81d250e96aa
Research_AO_DNACapsule_C,Recipe_AlienDNACapsule_C,BP_UnlockRecipe_C,docs_a81d250e96aa
Research_AO_DNACapsule_C,Recipe_Biomass_AlienProtein_C,BP_UnlockRecipe_C,docs_a81d250e96aa
Research_AOrgans_0_C,Recipe_Protein_Spitter_C,BP_UnlockRecipe_C,docs_a81d250e96aa
Research_ACarapace_0_C,Recipe_Protein_Hog_C,BP_UnlockRecipe_C,docs_a81d250e96aa
Schematic_9-5_C,Recipe_ConveyorBeltMk6_C,BP_UnlockRecipe_C,docs_a81d250e96aa
Schematic_9-5_C,Recipe_ConveyorLiftMk6_C,BP_UnlockRecipe_C,docs_a81d250e96aa
Schematic_9-5_C,Recipe_Ficsonium_C,BP_UnlockRecipe_C,docs_a81d250e96aa
Schematic_9-5_C,Recipe_FicsoniumFuelRod_C,BP_UnlockRecipe_C,docs_a81d250e96aa
Schematic_9-4_C,Recipe_Portal_C,BP_UnlockRecipe_C,docs_a81d250e96aa
Schematic_9-4_C,Recipe_PortalSatellite_C,BP_UnlockRecipe_C,docs_a81d250e96aa
Schematic_9-4_C,Recipe_SingularityCell_C,BP_UnlockRecipe_C,docs_a81d250e96aa
Schematic_9-4_C,Recipe_SpaceElevatorPart_11_C,BP_UnlockRecipe_C,docs_a81d250e96aa
Schematic_9-3_C,Recipe_BlueprintDesigner_Mk3_C,BP_UnlockRecipe_C,docs_a81d250e96aa
Schematic_8-3_C,Recipe_Hoverpack_C,BP_UnlockRecipe_C,docs_a81d250e96aa
Schematic_7-4-1_C,Recipe_UnpackageSulfuricAcid_C,BP_UnlockRecipe_C,docs_a81d250e96aa
Schematic_7-4-1_C,Recipe_AILimiter_C,BP_UnlockRecipe_C,docs_a81d250e96aa
Schematic_7-4-1_C,Recipe_HighSpeedConnector_C,BP_UnlockRecipe_C,docs_a81d250e96aa
Schematic_7-5_C,Recipe_SulfuricAcid_C,BP_UnlockRecipe_C,docs_a81d250e96aa
Schematic_7-5_C,Recipe_PackagedSulfuricAcid_C,BP_UnlockRecipe_C,docs_a81d250e96aa
Schematic_7-5_C,Recipe_Battery_C,BP_UnlockRecipe_C,docs_a81d250e96aa
Schematic_7-5_C,Recipe_RadioControlUnit_C,BP_UnlockRecipe_C,docs_a81d250e96aa
Schematic_7-5_C,Recipe_ComputerSuper_C,BP_UnlockRecipe_C,docs_a81d250e96aa
Schematic_7-5_C,Recipe_SpaceElevatorPart_7_C,BP_UnlockRecipe_C,docs_a81d250e96aa
Schematic_7-5_C,Recipe_Blender_C,BP_UnlockRecipe_C,docs_a81d250e96aa
Schematic_6-7_C,Recipe_RailroadBlockSignal_C,BP_UnlockRecipe_C,docs_a81d250e96aa
Schematic_6-7_C,Recipe_RailroadPathSignal_C,BP_UnlockRecipe_C,docs_a81d250e96aa
Schematic_6-6_C,Recipe_BlueprintDesigner_Mk2_C,BP_UnlockRecipe_C,docs_a81d250e96aa
Schematic_6-3_C,Recipe_Locomotive_C,BP_UnlockRecipe_C,docs_a81d250e96aa
Schematic_6-3_C,Recipe_FreightWagon_C,BP_UnlockRecipe_C,docs_a81d250e96aa
Schematic_6-3_C,Recipe_RailroadTrack_C,BP_UnlockRecipe_C,docs_a81d250e96aa
Schematic_6-3_C,Recipe_TrainStation_C,BP_UnlockRecipe_C,docs_a81d250e96aa
Schematic_6-3_C,Recipe_TrainDockingStation_C,BP_UnlockRecipe_C,docs_a81d250e96aa
Schematic_6-3_C,Recipe_TrainDockingStationLiquid_C,BP_UnlockRecipe_C,docs_a81d250e96aa
Schematic_6-3_C,Recipe_TrainPlatformEmpty_C,BP_UnlockRecipe_C,docs_a81d250e96aa
Schematic_6-3_C,Recipe_TrainPlatformEmpty_02_C,BP_UnlockRecipe_C,docs_a81d250e96aa
Schematic_6-3_C,Recipe_RailroadEndStop_C,BP_UnlockRecipe_C,docs_a81d250e96aa
Schematic_6-2_C,Recipe_JetPack_C,BP_UnlockRecipe_C,docs_a81d250e96aa
Schematic_5-5-1_C,Recipe_IngotCaterium_C,BP_UnlockRecipe_C,docs_a81d250e96aa
Schematic_5-5-1_C,Recipe_Quickwire_C,BP_UnlockRecipe_C,docs_a81d250e96aa
Schematic_5-5_C,Recipe_GeneratorFuel_C,BP_UnlockRecipe_C,docs_a81d250e96aa
Schematic_5-5_C,Recipe_IndustrialTank_C,BP_UnlockRecipe_C,docs_a81d250e96aa
Schematic_5-3_C,Recipe_StorageContainerMk2_C,BP_UnlockRecipe_C,docs_a81d250e96aa
Schematic_5-3_C,Recipe_ConveyorBeltMk3_C,BP_UnlockRecipe_C,docs_a81d250e96aa
Schematic_5-3_C,Recipe_ConveyorLiftMk3_C,BP_UnlockRecipe_C,docs_a81d250e96aa
Schematic_5-3_C,Recipe_PipeSupportStackable_C,BP_UnlockRecipe_C,docs_a81d250e96aa
Schematic_4-5_C,Recipe_BlueprintDesigner_C,BP_UnlockRecipe_C,docs_a81d250e96aa
Schematic_4-3_C,Recipe_PowerStorageMk1_C,BP_UnlockRecipe_C,docs_a81d250e96aa
Schematic_4-3_C,Recipe_PowerTower_C,BP_UnlockRecipe_C,docs_a81d250e96aa
Schematic_4-3_C,Recipe_PowerTowerPlatform_C,BP_UnlockRecipe_C,docs_a81d250e96aa
Schematic_4-2_C,Recipe_XenoBasher_C,BP_UnlockRecipe_C,docs_a81d250e96aa
Schematic_3-3_C,Recipe_Tractor_C,BP_UnlockRecipe_C,docs_a81d250e96aa
Schematic_3-3_C,Recipe_TruckStation_C,BP_UnlockRecipe_C,docs_a81d250e96aa
Schematic_3-3_C,Recipe_VehiclePath_Tractor_C,BP_UnlockRecipe_C,docs_a81d250e96aa
Schematic_3-3_C,Recipe_VehiclePath_Universal_C,BP_UnlockRecipe_C,docs_a81d250e96aa
Schematic_3-2_C,Recipe_ConveyorBeltMk2_C,BP_UnlockRecipe_C,docs_a81d250e96aa
Schematic_3-2_C,Recipe_ConveyorPoleStackable_C,BP_UnlockRecipe_C,docs_a81d250e96aa
Schematic_3-2_C,Recipe_ConveyorLiftMk2_C,BP_UnlockRecipe_C,docs_a81d250e96aa
Schematic_2-3_C,Recipe_JumpPadAdjustable_C,BP_UnlockRecipe_C,docs_a81d250e96aa
Schematic_2-3_C,Recipe_UJellyLandingPad_C,BP_UnlockRecipe_C,docs_a81d250e96aa
Schematic_1-3_C,Recipe_Mam_C,BP_UnlockRecipe_C,docs_a81d250e96aa
Schematic_1-3_C,Recipe_ObjectScanner_C,BP_UnlockRecipe_C,docs_a81d250e96aa
Schematic_1-3_C,Recipe_StoragePlayer_C,BP_UnlockRecipe_C,docs_a81d250e96aa
Schematic_1-2_C,Recipe_ConveyorAttachmentSplitter_C,BP_UnlockRecipe_C,docs_a81d250e96aa
Schematic_1-2_C,Recipe_ConveyorAttachmentMerger_C,BP_UnlockRecipe_C,docs_a81d250e96aa
Schematic_1-2_C,Recipe_ConveyorLiftMk1_C,BP_UnlockRecipe_C,docs_a81d250e96aa
Schematic_Alternate_Wire2_C,Recipe_Alternate_Wire_2_C,BP_UnlockRecipe_C,docs_a81d250e96aa
Schematic_Alternate_Wire1_C,Recipe_Alternate_Wire_1_C,BP_UnlockRecipe_C,docs_a81d250e96aa
Schematic_Alternate_UraniumCell1_C,Recipe_Alternate_UraniumCell_1_C,BP_UnlockRecipe_C,docs_a81d250e96aa
Schematic_Alternate_TurboMotor1_C,Recipe_Alternate_TurboMotor_1_C,BP_UnlockRecipe_C,docs_a81d250e96aa
Schematic_Alternate_Stator_C,Recipe_Alternate_Stator_C,BP_UnlockRecipe_C,docs_a81d250e96aa
Schematic_Alternate_Silica_C,Recipe_Alternate_Silica_C,BP_UnlockRecipe_C,docs_a81d250e96aa
Schematic_Alternate_Screw2_C,Recipe_Alternate_Screw_2_C,BP_UnlockRecipe_C,docs_a81d250e96aa
Schematic_Alternate_Screw_C,Recipe_Alternate_Screw_C,BP_UnlockRecipe_C,docs_a81d250e96aa
Schematic_Alternate_Rotor_C,Recipe_Alternate_Rotor_C,BP_UnlockRecipe_C,docs_a81d250e96aa
Schematic_Alternate_ReinforcedSteelPlate_C,Recipe_Alternate_EncasedIndustrialBeam_C,BP_UnlockRecipe_C,docs_a81d250e96aa
Schematic_Alternate_ReinforcedIronPlate2_C,Recipe_Alternate_ReinforcedIronPlate_2_C,BP_UnlockRecipe_C,docs_a81d250e96aa
Schematic_Alternate_ReinforcedIronPlate1_C,Recipe_Alternate_ReinforcedIronPlate_1_C,BP_UnlockRecipe_C,docs_a81d250e96aa
Schematic_Alternate_RadioControlUnit1_C,Recipe_Alternate_RadioControlUnit_1_C,BP_UnlockRecipe_C,docs_a81d250e96aa
Schematic_Alternate_Quickwire_C,Recipe_Alternate_Quickwire_C,BP_UnlockRecipe_C,docs_a81d250e96aa
Schematic_Alternate_Plastic1_C,Recipe_Alternate_Plastic_1_C,BP_UnlockRecipe_C,docs_a81d250e96aa
Schematic_Alternate_NuclearFuelRod1_C,Recipe_Alternate_NuclearFuelRod_1_C,BP_UnlockRecipe_C,docs_a81d250e96aa
Schematic_Alternate_Motor1_C,Recipe_Alternate_Motor_1_C,BP_UnlockRecipe_C,docs_a81d250e96aa
Schematic_Alternate_ModularFrame_C,Recipe_Alternate_ModularFrame_C,BP_UnlockRecipe_C,docs_a81d250e96aa
Schematic_Alternate_IngotSteel2_C,Recipe_Alternate_IngotSteel_2_C,BP_UnlockRecipe_C,docs_a81d250e96aa
Schematic_Alternate_IngotSteel1_C,Recipe_Alternate_IngotSteel_1_C,BP_UnlockRecipe_C,docs_a81d250e96aa
Schematic_Alternate_IngotIron_C,Recipe_Alternate_IngotIron_C,BP_UnlockRecipe_C,docs_a81d250e96aa
Schematic_Alternate_HighSpeedConnector_C,Recipe_Alternate_HighSpeedConnector_C,BP_UnlockRecipe_C,docs_a81d250e96aa
Schematic_Alternate_HeavyModularFrame_C,Recipe_Alternate_ModularFrameHeavy_C,BP_UnlockRecipe_C,docs_a81d250e96aa
Schematic_Alternate_HeatSink1_C,Recipe_Alternate_HeatSink_1_C,BP_UnlockRecipe_C,docs_a81d250e96aa
Schematic_Alternate_Gunpowder1_C,Recipe_Alternate_Gunpowder_1_C,BP_UnlockRecipe_C,docs_a81d250e96aa
Schematic_Alternate_ElectromagneticControlRod1_C,Recipe_Alternate_ElectromagneticControlRod_1_C,BP_UnlockRecipe_C,docs_a81d250e96aa
Schematic_Alternate_CrystalOscillator_C,Recipe_Alternate_CrystalOscillator_C,BP_UnlockRecipe_C,docs_a81d250e96aa
Schematic_Alternate_Concrete_C,Recipe_Alternate_Concrete_C,BP_UnlockRecipe_C,docs_a81d250e96aa
Schematic_Alternate_Computer2_C,Recipe_Alternate_Computer_2_C,BP_UnlockRecipe_C,docs_a81d250e96aa
Schematic_Alternate_Computer1_C,Recipe_Alternate_Computer_1_C,BP_UnlockRecipe_C,docs_a81d250e96aa
Schematic_Alternate_Coal2_C,Recipe_Alternate_Coal_2_C,BP_UnlockRecipe_C,docs_a81d250e96aa
Schematic_Alternate_Coal1_C,Recipe_Alternate_Coal_1_C,BP_UnlockRecipe_C,docs_a81d250e96aa
Schematic_Alternate_CircuitBoard2_C,Recipe_Alternate_CircuitBoard_2_C,BP_UnlockRecipe_C,docs_a81d250e96aa
Schematic_Alternate_CircuitBoard1_C,Recipe_Alternate_CircuitBoard_1_C,BP_UnlockRecipe_C,docs_a81d250e96aa
Schematic_Alternate_Cable2_C,Recipe_Alternate_Cable_2_C,BP_UnlockRecipe_C,docs_a81d250e96aa
Schematic_Alternate_Cable1_C,Recipe_Alternate_Cable_1_C,BP_UnlockRecipe_C,docs_a81d250e96aa
Schematic_Alternate_Silica_Distilled_C,Recipe_Alternate_Silica_Distilled_C,BP_UnlockRecipe_C,docs_a81d250e96aa
Schematic_Alternate_Quartz_Purified_C,Recipe_Alternate_Quartz_Purified_C,BP_UnlockRecipe_C,docs_a81d250e96aa
Schematic_Alternate_Quartz_Fused_C,Recipe_Alternate_Quartz_Fused_C,BP_UnlockRecipe_C,docs_a81d250e96aa
Schematic_Alternate_IronIngot_Leached_C,Recipe_Alternate_IronIngot_Leached_C,BP_UnlockRecipe_C,docs_a81d250e96aa
Schematic_Alternate_IronIngot_Basic_C,Recipe_Alternate_IronIngot_Basic_C,BP_UnlockRecipe_C,docs_a81d250e96aa
Schematic_Alternate_CopperIngot_Tempered_C,Recipe_Alternate_CopperIngot_Tempered_C,BP_UnlockRecipe_C,docs_a81d250e96aa
Schematic_Alternate_CopperIngot_Leached_C,Recipe_Alternate_CopperIngot_Leached_C,BP_UnlockRecipe_C,docs_a81d250e96aa
Schematic_Alternate_CateriumIngot_Tempered_C,Recipe_Alternate_CateriumIngot_Tempered_C,BP_UnlockRecipe_C,docs_a81d250e96aa
Schematic_Alternate_CateriumIngot_Leached_C,Recipe_Alternate_CateriumIngot_Leached_C,BP_UnlockRecipe_C,docs_a81d250e96aa
Schematic_Alternate_SteelPipe_Molded_C,Recipe_Alternate_SteelPipe_Molded_C,BP_UnlockRecipe_C,docs_a81d250e96aa
Schematic_Alternate_SteelPipe_Iron_C,Recipe_Alternate_SteelPipe_Iron_C,BP_UnlockRecipe_C,docs_a81d250e96aa
Schematic_Alternate_SteelCastedPlate_C,Recipe_Alternate_SteelCastedPlate_C,BP_UnlockRecipe_C,docs_a81d250e96aa
Schematic_Alternate_SteelBeam_Molded_C,Recipe_Alternate_SteelBeam_Molded_C,BP_UnlockRecipe_C,docs_a81d250e96aa
Schematic_Alternate_SteelBeam_Aluminum_C,Recipe_Alternate_SteelBeam_Aluminum_C,BP_UnlockRecipe_C,docs_a81d250e96aa
Schematic_Alternate_AluminumRod_C,Recipe_Alternate_AluminumRod_C,BP_UnlockRecipe_C,docs_a81d250e96aa
Schematic_Alternate_AILimiter_Plastic_C,Recipe_Alternate_AILimiter_Plastic_C,BP_UnlockRecipe_C,docs_a81d250e96aa
Schematic_Alternate_TurboPressureMotor_C,Recipe_Alternate_TurboPressureMotor_C,BP_UnlockRecipe_C,docs_a81d250e96aa
Schematic_Alternate_TurboBlendFuel_C,Recipe_Alternate_TurboBlendFuel_C,BP_UnlockRecipe_C,docs_a81d250e96aa
Schematic_Alternate_TurboBlendFuel_C,Recipe_PackagedTurboFuel_C,BP_UnlockRecipe_C,docs_a81d250e96aa
Schematic_Alternate_TurboBlendFuel_C,Recipe_UnpackageTurboFuel_C,BP_UnlockRecipe_C,docs_a81d250e96aa
Schematic_Alternate_SuperStateComputer_C,Recipe_Alternate_SuperStateComputer_C,BP_UnlockRecipe_C,docs_a81d250e96aa
Schematic_Alternate_SloppyAlumina_C,Recipe_Alternate_SloppyAlumina_C,BP_UnlockRecipe_C,docs_a81d250e96aa
Schematic_Alternate_RadioControlSystem_C,Recipe_Alternate_RadioControlSystem_C,BP_UnlockRecipe_C,docs_a81d250e96aa
Schematic_Alternate_PlutoniumFuelUnit_C,Recipe_Alternate_PlutoniumFuelUnit_C,BP_UnlockRecipe_C,docs_a81d250e96aa
Schematic_Alternate_OCSupercomputer_C,Recipe_Alternate_OCSupercomputer_C,BP_UnlockRecipe_C,docs_a81d250e96aa
Schematic_Alternate_InstantScrap_C,Recipe_Alternate_InstantScrap_C,BP_UnlockRecipe_C,docs_a81d250e96aa
Schematic_Alternate_InstantPlutoniumCell_C,Recipe_Alternate_InstantPlutoniumCell_C,BP_UnlockRecipe_C,docs_a81d250e96aa
Schematic_Alternate_HeatFusedFrame_C,Recipe_Alternate_HeatFusedFrame_C,BP_UnlockRecipe_C,docs_a81d250e96aa
Schematic_Alternate_FertileUranium_C,Recipe_Alternate_FertileUranium_C,BP_UnlockRecipe_C,docs_a81d250e96aa
Schematic_Alternate_ElectricMotor_C,Recipe_Alternate_ElectricMotor_C,BP_UnlockRecipe_C,docs_a81d250e96aa
Schematic_Alternate_DilutedFuel_C,Recipe_Alternate_DilutedFuel_C,BP_UnlockRecipe_C,docs_a81d250e96aa
Schematic_Alternate_CoolingDevice_C,Recipe_Alternate_CoolingDevice_C,BP_UnlockRecipe_C,docs_a81d250e96aa
Schematic_Alternate_ClassicBattery_C,Recipe_Alternate_ClassicBattery_C,BP_UnlockRecipe_C,docs_a81d250e96aa
Schematic_Alternate_AutomatedMiner_C,Recipe_Alternate_AutomatedMiner_C,BP_UnlockRecipe_C,docs_a81d250e96aa
Schematic_Alternate_AlcladCasing_C,Recipe_Alternate_AlcladCasing_C,BP_UnlockRecipe_C,docs_a81d250e96aa
Schematic_Alternate_WetConcrete_C,Recipe_Alternate_WetConcrete_C,BP_UnlockRecipe_C,docs_a81d250e96aa
Schematic_Alternate_TurboHeavyFuel_C,Recipe_Alternate_TurboHeavyFuel_C,BP_UnlockRecipe_C,docs_a81d250e96aa
Schematic_Alternate_TurboHeavyFuel_C,Recipe_PackagedTurboFuel_C,BP_UnlockRecipe_C,docs_a81d250e96aa
Schematic_Alternate_TurboHeavyFuel_C,Recipe_UnpackageTurboFuel_C,BP_UnlockRecipe_C,docs_a81d250e96aa
Schematic_Alternate_SteelRod_C,Recipe_Alternate_SteelRod_C,BP_UnlockRecipe_C,docs_a81d250e96aa
Schematic_Alternate_SteelCanister_C,Recipe_Alternate_SteelCanister_C,BP_UnlockRecipe_C,docs_a81d250e96aa
Schematic_Alternate_SteamedCopperSheet_C,Recipe_Alternate_SteamedCopperSheet_C,BP_UnlockRecipe_C,docs_a81d250e96aa
Schematic_Alternate_RubberConcrete_C,Recipe_Alternate_RubberConcrete_C,BP_UnlockRecipe_C,docs_a81d250e96aa
Schematic_Alternate_RecycledRubber_C,Recipe_Alternate_RecycledRubber_C,BP_UnlockRecipe_C,docs_a81d250e96aa
Schematic_Alternate_PureQuartzCrystal_C,Recipe_Alternate_PureQuartzCrystal_C,BP_UnlockRecipe_C,docs_a81d250e96aa
Schematic_Alternate_PureIronIngot_C,Recipe_Alternate_PureIronIngot_C,BP_UnlockRecipe_C,docs_a81d250e96aa
Schematic_Alternate_PureCopperIngot_C,Recipe_Alternate_PureCopperIngot_C,BP_UnlockRecipe_C,docs_a81d250e96aa
Schematic_Alternate_PureCateriumIngot_C,Recipe_Alternate_PureCateriumIngot_C,BP_UnlockRecipe_C,docs_a81d250e96aa
Schematic_Alternate_PureAluminumIngot_C,Recipe_PureAluminumIngot_C,BP_UnlockRecipe_C,docs_a81d250e96aa
Schematic_Alternate_PolymerResin_C,Recipe_Alternate_PolymerResin_C,BP_UnlockRecipe_C,docs_a81d250e96aa
Schematic_Alternate_PlasticSmartPlating_C,Recipe_Alternate_PlasticSmartPlating_C,BP_UnlockRecipe_C,docs_a81d250e96aa
Schematic_Alternate_HighSpeedWiring_C,Recipe_Alternate_HighSpeedWiring_C,BP_UnlockRecipe_C,docs_a81d250e96aa
Schematic_Alternate_HeavyOilResidue_C,Recipe_Alternate_HeavyOilResidue_C,BP_UnlockRecipe_C,docs_a81d250e96aa
Schematic_Alternate_HeavyFlexibleFrame_C,Recipe_Alternate_HeavyFlexibleFrame_C,BP_UnlockRecipe_C,docs_a81d250e96aa
Schematic_Alternate_FusedWire_C,Recipe_Alternate_FusedWire_C,BP_UnlockRecipe_C,docs_a81d250e96aa
Schematic_Alternate_FlexibleFramework_C,Recipe_Alternate_FlexibleFramework_C,BP_UnlockRecipe_C,docs_a81d250e96aa
Schematic_Alternate_ElectrodeCircuitBoard_C,Recipe_Alternate_ElectrodeCircuitBoard_C,BP_UnlockRecipe_C,docs_a81d250e96aa
Schematic_Alternate_ElectroAluminumScrap_C,Recipe_Alternate_ElectroAluminumScrap_C,BP_UnlockRecipe_C,docs_a81d250e96aa
Schematic_Alternate_DilutedPackagedFuel_C,Recipe_Alternate_DilutedPackagedFuel_C,BP_UnlockRecipe_C,docs_a81d250e96aa
Schematic_Alternate_CopperRotor_C,Recipe_Alternate_CopperRotor_C,BP_UnlockRecipe_C,docs_a81d250e96aa
Schematic_Alternate_CopperAlloyIngot_C,Recipe_Alternate_CopperAlloyIngot_C,BP_UnlockRecipe_C,docs_a81d250e96aa
Schematic_Alternate_CokeSteelIngot_C,Recipe_Alternate_CokeSteelIngot_C,BP_UnlockRecipe_C,docs_a81d250e96aa
Schematic_Alternate_CoatedIronPlate_C,Recipe_Alternate_CoatedIronPlate_C,BP_UnlockRecipe_C,docs_a81d250e96aa
Schematic_Alternate_CoatedIronCanister_C,Recipe_Alternate_CoatedIronCanister_C,BP_UnlockRecipe_C,docs_a81d250e96aa
Schematic_Alternate_CoatedCable_C,Recipe_Alternate_CoatedCable_C,BP_UnlockRecipe_C,docs_a81d250e96aa
Schematic_Alternate_BoltedFrame_C,Recipe_Alternate_BoltedFrame_C,BP_UnlockRecipe_C,docs_a81d250e96aa
Schematic_Alternate_AdheredIronPlate_C,Recipe_Alternate_AdheredIronPlate_C,BP_UnlockRecipe_C,docs_a81d250e96aa
Schematic_Alternate_RocketFuel_Nitro_C,Recipe_Alternate_RocketFuel_Nitro_C,BP_UnlockRecipe_C,docs_a81d250e96aa
Schematic_Alternate_IonizedFuel_Dark_C,Recipe_Alternate_IonizedFuel_Dark_C,BP_UnlockRecipe_C,docs_a81d250e96aa
Schematic_Alternate_Diamond_Turbo_C,Recipe_Alternate_Diamond_Turbo_C,BP_UnlockRecipe_C,docs_a81d250e96aa
Schematic_Alternate_Diamond_Pink_C,Recipe_Alternate_Diamond_Pink_C,BP_UnlockRecipe_C,docs_a81d250e96aa
Schematic_Alternate_Diamond_Petroleum_C,Recipe_Alternate_Diamond_Petroleum_C,BP_UnlockRecipe_C,docs_a81d250e96aa
Schematic_Alternate_Diamond_OilBased_C,Recipe_Alternate_Diamond_OilBased_C,BP_UnlockRecipe_C,docs_a81d250e96aa
Schematic_Alternate_Diamond_Cloudy_C,Recipe_Alternate_Diamond_Cloudy_C,BP_UnlockRecipe_C,docs_a81d250e96aa
Schematic_Alternate_DarkMatter_Trap_C,Recipe_Alternate_DarkMatter_Trap_C,BP_UnlockRecipe_C,docs_a81d250e96aa
Schematic_Alternate_DarkMatter_Crystallization_C,Recipe_Alternate_DarkMatter_Crystallization_C,BP_UnlockRecipe_C,docs_a81d250e96aa
Ficsmas_Schematic_SkinBundle_2_C,Recipe_SkinFicsmas_Premium_C,BP_UnlockRecipe_C,docs_a81d250e96aa
Ficsmas_Schematic_SkinBundle_2_C,Recipe_SkinRemover_C,BP_UnlockRecipe_C,docs_a81d250e96aa
Ficsmas_Schematic_SkinBundle_1_C,Recipe_SkinFicsmas_Default_C,BP_UnlockRecipe_C,docs_a81d250e96aa
Ficsmas_Schematic_SkinBundle_1_C,Recipe_SkinRemover_C,BP_UnlockRecipe_C,docs_a81d250e96aa
Ficsmas_Schematic_Fireworks_C,Recipe_Fireworks_01_C,BP_UnlockRecipe_C,docs_a81d250e96aa
Ficsmas_Schematic_Fireworks_C,Recipe_Fireworks_02_C,BP_UnlockRecipe_C,docs_a81d250e96aa
Ficsmas_Schematic_Fireworks_C,Recipe_Fireworks_03_C,BP_UnlockRecipe_C,docs_a81d250e96aa
Schematic_6-1_C,Recipe_ConveyorBeltMk4_C,BP_UnlockRecipe_C,docs_a81d250e96aa
Schematic_6-1_C,Recipe_ConveyorLiftMk4_C,BP_UnlockRecipe_C,docs_a81d250e96aa
Schematic_6-1_C,Recipe_Truck_C,BP_UnlockRecipe_C,docs_a81d250e96aa
Schematic_6-1_C,Recipe_FluidTruck_C,BP_UnlockRecipe_C,docs_a81d250e96aa
Schematic_6-1_C,Recipe_FluidTruckStation_C,BP_UnlockRecipe_C,docs_a81d250e96aa
Schematic_6-1_C,Recipe_VehiclePath_Truck_C,BP_UnlockRecipe_C,docs_a81d250e96aa
