fixture_foundation_id,instance_index,class_path,x_cm,y_cm,z_cm,east_m,north_m,origin_elevation_m,foundation_height_m,top_elevation_m,quat_x,quat_y,quat_z,quat_w,scale_x,scale_y,scale_z,recipe_path,save_build
fnd_0001,523,/Game/FactoryGame/Buildable/Building/Foundation/Build_Foundation_8x4_01.Build_Foundation_8x4_01_C,-151200.0,-35199.99999513282,-500.0,-1512.0,351.9999999513282,-5.0,4.0,-3.0,0.0,-0.0,0.7071067811865475,0.7071067811865477,1.0,1.0,1.0,/Game/FactoryGame/Recipes/Buildings/Foundations/Recipe_Foundation_8x4_01.Recipe_Foundation_8x4_01_C,502094
fnd_0002,524,/Game/FactoryGame/Buildable/Building/Foundation/Build_Foundation_8x4_01.Build_Foundation_8x4_01_C,-151200.0,-34399.99999513282,-500.0,-1512.0,343.9999999513282,-5.0,4.0,-3.0,0.0,0.0,0.0,1.0,1.0,1.0,1.0,/Game/FactoryGame/Recipes/Buildings/Foundations/Recipe_Foundation_8x4_01.Recipe_Foundation_8x4_01_C,502094
fnd_0003,525,/Game/FactoryGame/Buildable/Building/Foundation/Build_Foundation_8x4_01.Build_Foundation_8x4_01_C,-152000.0,-34399.99999513282,-500.0,-1520.0,343.9999999513282,-5.0,4.0,-3.0,0.0,0.0,0.0,1.0,1.0,1.0,1.0,/Game/FactoryGame/Recipes/Buildings/Foundations/Recipe_Foundation_8x4_01.Recipe_Foundation_8x4_01_C,502094
fnd_0004,526,/Game/FactoryGame/Buildable/Building/Foundation/Build_Foundation_8x4_01.Build_Foundation_8x4_01_C,-152800.0,-34399.99999513282,-500.0,-1528.0,343.9999999513282,-5.0,4.0,-3.0,0.0,0.0,0.0,1.0,1.0,1.0,1.0,/Game/FactoryGame/Recipes/Buildings/Foundations/Recipe_Foundation_8x4_01.Recipe_Foundation_8x4_01_C,502094
fnd_0005,527,/Game/FactoryGame/Buildable/Building/Foundation/Build_Foundation_8x4_01.Build_Foundation_8x4_01_C,-151200.0,-33599.99999513282,-500.0,-1512.0,335.9999999513282,-5.0,4.0,-3.0,0.0,0.0,0.0,1.0,1.0,1.0,1.0,/Game/FactoryGame/Recipes/Buildings/Foundations/Recipe_Foundation_8x4_01.Recipe_Foundation_8x4_01_C,502094
fnd_0006,528,/Game/FactoryGame/Buildable/Building/Foundation/Build_Foundation_8x4_01.Build_Foundation_8x4_01_C,-151200.0,-32799.99999513282,-500.0,-1512.0,327.9999999513282,-5.0,4.0,-3.0,0.0,0.0,0.0,1.0,1.0,1.0,1.0,/Game/FactoryGame/Recipes/Buildings/Foundations/Recipe_Foundation_8x4_01.Recipe_Foundation_8x4_01_C,502094
fnd_0007,529,/Game/FactoryGame/Buildable/Building/Foundation/Build_Foundation_8x4_01.Build_Foundation_8x4_01_C,-151200.0,-31199.99999513282,-500.0,-1512.0,311.9999999513282,-5.0,4.0,-3.0,0.0,0.0,0.0,1.0,1.0,1.0,1.0,/Game/FactoryGame/Recipes/Buildings/Foundations/Recipe_Foundation_8x4_01.Recipe_Foundation_8x4_01_C,502094
fnd_0008,530,/Game/FactoryGame/Buildable/Building/Foundation/Build_Foundation_8x4_01.Build_Foundation_8x4_01_C,-151200.0,-30399.99999513282,-500.0,-1512.0,303.9999999513282,-5.0,4.0,-3.0,0.0,0.0,0.0,1.0,1.0,1.0,1.0,/Game/FactoryGame/Recipes/Buildings/Foundations/Recipe_Foundation_8x4_01.Recipe_Foundation_8x4_01_C,502094
fnd_0009,531,/Game/FactoryGame/Buildable/Building/Foundation/Build_Foundation_8x4_01.Build_Foundation_8x4_01_C,-151200.0,-29599.99999513282,-500.0,-1512.0,295.9999999513282,-5.0,4.0,-3.0,0.0,0.0,0.0,1.0,1.0,1.0,1.0,/Game/FactoryGame/Recipes/Buildings/Foundations/Recipe_Foundation_8x4_01.Recipe_Foundation_8x4_01_C,502094
fnd_0010,532,/Game/FactoryGame/Buildable/Building/Foundation/Build_Foundation_8x4_01.Build_Foundation_8x4_01_C,-151200.0,-28799.99999513282,-500.0,-1512.0,287.9999999513282,-5.0,4.0,-3.0,0.0,0.0,0.0,1.0,1.0,1.0,1.0,/Game/FactoryGame/Recipes/Buildings/Foundations/Recipe_Foundation_8x4_01.Recipe_Foundation_8x4_01_C,502094
fnd_0011,533,/Game/FactoryGame/Buildable/Building/Foundation/Build_Foundation_8x4_01.Build_Foundation_8x4_01_C,-152000.0,-33599.99999513282,-500.0,-1520.0,335.9999999513282,-5.0,4.0,-3.0,0.0,0.0,0.0,1.0,1.0,1.0,1.0,/Game/FactoryGame/Recipes/Buildings/Foundations/Recipe_Foundation_8x4_01.Recipe_Foundation_8x4_01_C,502094
fnd_0012,534,/Game/FactoryGame/Buildable/Building/Foundation/Build_Foundation_8x4_01.Build_Foundation_8x4_01_C,-152000.0,-32799.99999513282,-500.0,-1520.0,327.9999999513282,-5.0,4.0,-3.0,0.0,0.0,0.0,1.0,1.0,1.0,1.0,/Game/FactoryGame/Recipes/Buildings/Foundations/Recipe_Foundation_8x4_01.Recipe_Foundation_8x4_01_C,502094
fnd_0013,535,/Game/FactoryGame/Buildable/Building/Foundation/Build_Foundation_8x4_01.Build_Foundation_8x4_01_C,-152000.0,-31999.99999513282,-500.0,-1520.0,319.9999999513282,-5.0,4.0,-3.0,0.0,0.0,0.0,1.0,1.0,1.0,1.0,/Game/FactoryGame/Recipes/Buildings/Foundations/Recipe_Foundation_8x4_01.Recipe_Foundation_8x4_01_C,502094
fnd_0014,536,/Game/FactoryGame/Buildable/Building/Foundation/Build_Foundation_8x4_01.Build_Foundation_8x4_01_C,-152000.0,-31199.99999513282,-500.0,-1520.0,311.9999999513282,-5.0,4.0,-3.0,0.0,0.0,0.0,1.0,1.0,1.0,1.0,/Game/FactoryGame/Recipes/Buildings/Foundations/Recipe_Foundation_8x4_01.Recipe_Foundation_8x4_01_C,502094
fnd_0015,537,/Game/FactoryGame/Buildable/Building/Foundation/Build_Foundation_8x4_01.Build_Foundation_8x4_01_C,-152000.0,-30399.99999513282,-500.0,-1520.0,303.9999999513282,-5.0,4.0,-3.0,0.0,0.0,0.0,1.0,1.0,1.0,1.0,/Game/FactoryGame/Recipes/Buildings/Foundations/Recipe_Foundation_8x4_01.Recipe_Foundation_8x4_01_C,502094
fnd_0016,538,/Game/FactoryGame/Buildable/Building/Foundation/Build_Foundation_8x4_01.Build_Foundation_8x4_01_C,-152000.0,-29599.99999513282,-500.0,-1520.0,295.9999999513282,-5.0,4.0,-3.0,0.0,0.0,0.0,1.0,1.0,1.0,1.0,/Game/FactoryGame/Recipes/Buildings/Foundations/Recipe_Foundation_8x4_01.Recipe_Foundation_8x4_01_C,502094
fnd_0017,539,/Game/FactoryGame/Buildable/Building/Foundation/Build_Foundation_8x4_01.Build_Foundation_8x4_01_C,-152000.0,-28799.99999513282,-500.0,-1520.0,287.9999999513282,-5.0,4.0,-3.0,0.0,0.0,0.0,1.0,1.0,1.0,1.0,/Game/FactoryGame/Recipes/Buildings/Foundations/Recipe_Foundation_8x4_01.Recipe_Foundation_8x4_01_C,502094
fnd_0018,540,/Game/FactoryGame/Buildable/Building/Foundation/Build_Foundation_8x4_01.Build_Foundation_8x4_01_C,-152800.0,-33599.99999513282,-500.0,-1528.0,335.9999999513282,-5.0,4.0,-3.0,0.0,0.0,0.0,1.0,1.0,1.0,1.0,/Game/FactoryGame/Recipes/Buildings/Foundations/Recipe_Foundation_8x4_01.Recipe_Foundation_8x4_01_C,502094
fnd_0019,541,/Game/FactoryGame/Buildable/Building/Foundation/Build_Foundation_8x4_01.Build_Foundation_8x4_01_C,-152800.0,-32799.99999513282,-500.0,-1528.0,327.9999999513282,-5.0,4.0,-3.0,0.0,0.0,0.0,1.0,1.0,1.0,1.0,/Game/FactoryGame/Recipes/Buildings/Foundations/Recipe_Foundation_8x4_01.Recipe_Foundation_8x4_01_C,502094
fnd_0020,542,/Game/FactoryGame/Buildable/Building/Foundation/Build_Foundation_8x4_01.Build_Foundation_8x4_01_C,-152800.0,-31999.99999513282,-500.0,-1528.0,319.9999999513282,-5.0,4.0,-3.0,0.0,0.0,0.0,1.0,1.0,1.0,1.0,/Game/FactoryGame/Recipes/Buildings/Foundations/Recipe_Foundation_8x4_01.Recipe_Foundation_8x4_01_C,502094
fnd_0021,543,/Game/FactoryGame/Buildable/Building/Foundation/Build_Foundation_8x4_01.Build_Foundation_8x4_01_C,-152800.0,-31199.99999513282,-500.0,-1528.0,311.9999999513282,-5.0,4.0,-3.0,0.0,0.0,0.0,1.0,1.0,1.0,1.0,/Game/FactoryGame/Recipes/Buildings/Foundations/Recipe_Foundation_8x4_01.Recipe_Foundation_8x4_01_C,502094
fnd_0022,544,/Game/FactoryGame/Buildable/Building/Foundation/Build_Foundation_8x4_01.Build_Foundation_8x4_01_C,-152800.0,-30399.99999513282,-500.0,-1528.0,303.9999999513282,-5.0,4.0,-3.0,0.0,0.0,0.0,1.0,1.0,1.0,1.0,/Game/FactoryGame/Recipes/Buildings/Foundations/Recipe_Foundation_8x4_01.Recipe_Foundation_8x4_01_C,502094
fnd_0023,545,/Game/FactoryGame/Buildable/Building/Foundation/Build_Foundation_8x4_01.Build_Foundation_8x4_01_C,-152800.0,-29599.99999513282,-500.0,-1528.0,295.9999999513282,-5.0,4.0,-3.0,0.0,0.0,0.0,1.0,1.0,1.0,1.0,/Game/FactoryGame/Recipes/Buildings/Foundations/Recipe_Foundation_8x4_01.Recipe_Foundation_8x4_01_C,502094
fnd_0024,546,/Game/FactoryGame/Buildable/Building/Foundation/Build_Foundation_8x4_01.Build_Foundation_8x4_01_C,-152800.0,-28799.99999513282,-500.0,-1528.0,287.9999999513282,-5.0,4.0,-3.0,0.0,0.0,0.0,1.0,1.0,1.0,1.0,/Game/FactoryGame/Recipes/Buildings/Foundations/Recipe_Foundation_8x4_01.Recipe_Foundation_8x4_01_C,502094
fnd_0025,547,/Game/FactoryGame/Buildable/Building/Foundation/Build_Foundation_8x4_01.Build_Foundation_8x4_01_C,-152800.0,-35199.99999513282,-500.0,-1528.0,351.9999999513282,-5.0,4.0,-3.0,-0.0,0.0,-0.7071067811865476,0.7071067811865477,1.0,1.0,1.0,/Game/FactoryGame/Recipes/Buildings/Foundations/Recipe_Foundation_8x4_01.Recipe_Foundation_8x4_01_C,502094
fnd_0026,548,/Game/FactoryGame/Buildable/Building/Foundation/Build_Foundation_8x4_01.Build_Foundation_8x4_01_C,-153600.0,-35199.99999513282,-500.0,-1536.0,351.9999999513282,-5.0,4.0,-3.0,-0.0,0.0,-0.7071067811865476,0.7071067811865477,1.0,1.0,1.0,/Game/FactoryGame/Recipes/Buildings/Foundations/Recipe_Foundation_8x4_01.Recipe_Foundation_8x4_01_C,502094
fnd_0027,549,/Game/FactoryGame/Buildable/Building/Foundation/Build_Foundation_8x4_01.Build_Foundation_8x4_01_C,-154400.0,-35199.99999513282,-500.0,-1544.0,351.9999999513282,-5.0,4.0,-3.0,-0.0,0.0,-0.7071067811865476,0.7071067811865477,1.0,1.0,1.0,/Game/FactoryGame/Recipes/Buildings/Foundations/Recipe_Foundation_8x4_01.Recipe_Foundation_8x4_01_C,502094
fnd_0028,550,/Game/FactoryGame/Buildable/Building/Foundation/Build_Foundation_8x4_01.Build_Foundation_8x4_01_C,-155200.0,-35199.99999513282,-500.0,-1552.0,351.9999999513282,-5.0,4.0,-3.0,-0.0,0.0,-0.7071067811865476,0.7071067811865477,1.0,1.0,1.0,/Game/FactoryGame/Recipes/Buildings/Foundations/Recipe_Foundation_8x4_01.Recipe_Foundation_8x4_01_C,502094
fnd_0029,551,/Game/FactoryGame/Buildable/Building/Foundation/Build_Foundation_8x4_01.Build_Foundation_8x4_01_C,-156000.0,-35199.99999513282,-500.0,-1560.0,351.9999999513282,-5.0,4.0,-3.0,-0.0,0.0,-0.7071067811865476,0.7071067811865477,1.0,1.0,1.0,/Game/FactoryGame/Recipes/Buildings/Foundations/Recipe_Foundation_8x4_01.Recipe_Foundation_8x4_01_C,502094
fnd_0030,552,/Game/FactoryGame/Buildable/Building/Foundation/Build_Foundation_8x4_01.Build_Foundation_8x4_01_C,-156800.0,-35199.99999513282,-500.0,-1568.0,351.9999999513282,-5.0,4.0,-3.0,-0.0,0.0,-0.7071067811865476,0.7071067811865477,1.0,1.0,1.0,/Game/FactoryGame/Recipes/Buildings/Foundations/Recipe_Foundation_8x4_01.Recipe_Foundation_8x4_01_C,502094
fnd_0031,553,/Game/FactoryGame/Buildable/Building/Foundation/Build_Foundation_8x4_01.Build_Foundation_8x4_01_C,-157600.0,-35199.99999513282,-500.0,-1576.0,351.9999999513282,-5.0,4.0,-3.0,-0.0,0.0,-0.7071067811865476,0.7071067811865477,1.0,1.0,1.0,/Game/FactoryGame/Recipes/Buildings/Foundations/Recipe_Foundation_8x4_01.Recipe_Foundation_8x4_01_C,502094
fnd_0032,554,/Game/FactoryGame/Buildable/Building/Foundation/Build_Foundation_8x4_01.Build_Foundation_8x4_01_C,-158400.0,-35199.99999513282,-500.0,-1584.0,351.9999999513282,-5.0,4.0,-3.0,-0.0,0.0,-0.7071067811865476,0.7071067811865477,1.0,1.0,1.0,/Game/FactoryGame/Recipes/Buildings/Foundations/Recipe_Foundation_8x4_01.Recipe_Foundation_8x4_01_C,502094
fnd_0033,555,/Game/FactoryGame/Buildable/Building/Foundation/Build_Foundation_8x4_01.Build_Foundation_8x4_01_C,-159200.0,-35199.99999513282,-500.0,-1592.0,351.9999999513282,-5.0,4.0,-3.0,-0.0,0.0,-0.7071067811865476,0.7071067811865477,1.0,1.0,1.0,/Game/FactoryGame/Recipes/Buildings/Foundations/Recipe_Foundation_8x4_01.Recipe_Foundation_8x4_01_C,502094
fnd_0034,556,/Game/FactoryGame/Buildable/Building/Foundation/Build_Foundation_8x4_01.Build_Foundation_8x4_01_C,-160000.0,-35199.99999513282,-500.0,-1600.0,351.9999999513282,-5.0,4.0,-3.0,-0.0,0.0,-0.7071067811865476,0.7071067811865477,1.0,1.0,1.0,/Game/FactoryGame/Recipes/Buildings/Foundations/Recipe_Foundation_8x4_01.Recipe_Foundation_8x4_01_C,502094
fnd_0035,557,/Game/FactoryGame/Buildable/Building/Foundation/Build_Foundation_8x4_01.Build_Foundation_8x4_01_C,-153600.0,-34399.99999513282,-500.0,-1536.0,343.9999999513282,-5.0,4.0,-3.0,0.0,-0.0,0.9999999999999999,6.123233995736766e-17,1.0,1.0,1.0,/Game/FactoryGame/Recipes/Buildings/Foundations/Recipe_Foundation_8x4_01.Recipe_Foundation_8x4_01_C,502094
fnd_0036,558,/Game/FactoryGame/Buildable/Building/Foundation/Build_Foundation_8x4_01.Build_Foundation_8x4_01_C,-154400.0,-34399.99999513282,-500.0,-1544.0,343.9999999513282,-5.0,4.0,-3.0,0.0,-0.0,0.9999999999999999,6.123233995736766e-17,1.0,1.0,1.0,/Game/FactoryGame/Recipes/Buildings/Foundations/Recipe_Foundation_8x4_01.Recipe_Foundation_8x4_01_C,502094
fnd_0037,559,/Game/FactoryGame/Buildable/Building/Foundation/Build_Foundation_8x4_01.Build_Foundation_8x4_01_C,-155200.0,-34399.99999513282,-500.0,-1552.0,343.9999999513282,-5.0,4.0,-3.0,0.0,-0.0,0.9999999999999999,6.123233995736766e-17,1.0,1.0,1.0,/Game/FactoryGame/Recipes/Buildings/Foundations/Recipe_Foundation_8x4_01.Recipe_Foundation_8x4_01_C,502094
fnd_0038,560,/Game/FactoryGame/Buildable/Building/Foundation/Build_Foundation_8x4_01.Build_Foundation_8x4_01_C,-156000.0,-34399.99999513282,-500.0,-1560.0,343.9999999513282,-5.0,4.0,-3.0,0.0,-0.0,0.9999999999999999,6.123233995736766e-17,1.0,1.0,1.0,/Game/FactoryGame/Recipes/Buildings/Foundations/Recipe_Foundation_8x4_01.Recipe_Foundation_8x4_01_C,502094
fnd_0039,561,/Game/FactoryGame/Buildable/Building/Foundation/Build_Foundation_8x4_01.Build_Foundation_8x4_01_C,-156800.0,-34399.99999513282,-500.0,-1568.0,343.9999999513282,-5.0,4.0,-3.0,0.0,-0.0,0.9999999999999999,6.123233995736766e-17,1.0,1.0,1.0,/Game/FactoryGame/Recipes/Buildings/Foundations/Recipe_Foundation_8x4_01.Recipe_Foundation_8x4_01_C,502094
fnd_0040,562,/Game/FactoryGame/Buildable/Building/Foundation/Build_Foundation_8x4_01.Build_Foundation_8x4_01_C,-157600.0,-34399.99999513282,-500.0,-1576.0,343.9999999513282,-5.0,4.0,-3.0,0.0,-0.0,0.9999999999999999,6.123233995736766e-17,1.0,1.0,1.0,/Game/FactoryGame/Recipes/Buildings/Foundations/Recipe_Foundation_8x4_01.Recipe_Foundation_8x4_01_C,502094
fnd_0041,563,/Game/FactoryGame/Buildable/Building/Foundation/Build_Foundation_8x4_01.Build_Foundation_8x4_01_C,-158400.0,-34399.99999513282,-500.0,-1584.0,343.9999999513282,-5.0,4.0,-3.0,0.0,-0.0,0.9999999999999999,6.123233995736766e-17,1.0,1.0,1.0,/Game/FactoryGame/Recipes/Buildings/Foundations/Recipe_Foundation_8x4_01.Recipe_Foundation_8x4_01_C,502094
fnd_0042,564,/Game/FactoryGame/Buildable/Building/Foundation/Build_Foundation_8x4_01.Build_Foundation_8x4_01_C,-159200.0,-34399.99999513282,-500.0,-1592.0,343.9999999513282,-5.0,4.0,-3.0,0.0,-0.0,0.9999999999999999,6.123233995736766e-17,1.0,1.0,1.0,/Game/FactoryGame/Recipes/Buildings/Foundations/Recipe_Foundation_8x4_01.Recipe_Foundation_8x4_01_C,502094
fnd_0043,565,/Game/FactoryGame/Buildable/Building/Foundation/Build_Foundation_8x4_01.Build_Foundation_8x4_01_C,-160000.0,-34399.99999513282,-500.0,-1600.0,343.9999999513282,-5.0,4.0,-3.0,0.0,-0.0,0.9999999999999999,6.123233995736766e-17,1.0,1.0,1.0,/Game/FactoryGame/Recipes/Buildings/Foundations/Recipe_Foundation_8x4_01.Recipe_Foundation_8x4_01_C,502094
fnd_0044,566,/Game/FactoryGame/Buildable/Building/Foundation/Build_Foundation_8x4_01.Build_Foundation_8x4_01_C,-160800.0,-34399.99999513282,-500.0,-1608.0,343.9999999513282,-5.0,4.0,-3.0,0.0,-0.0,0.9999999999999999,6.123233995736766e-17,1.0,1.0,1.0,/Game/FactoryGame/Recipes/Buildings/Foundations/Recipe_Foundation_8x4_01.Recipe_Foundation_8x4_01_C,502094
fnd_0045,567,/Game/FactoryGame/Buildable/Building/Foundation/Build_Foundation_8x4_01.Build_Foundation_8x4_01_C,-153600.0,-33599.99999513282,-500.0,-1536.0,335.9999999513282,-5.0,4.0,-3.0,0.0,-0.0,0.9999999999999999,6.123233995736766e-17,1.0,1.0,1.0,/Game/FactoryGame/Recipes/Buildings/Foundations/Recipe_Foundation_8x4_01.Recipe_Foundation_8x4_01_C,502094
fnd_0046,568,/Game/FactoryGame/Buildable/Building/Foundation/Build_Foundation_8x4_01.Build_Foundation_8x4_01_C,-153600.0,-32799.99999513282,-500.0,-1536.0,327.9999999513282,-5.0,4.0,-3.0,0.0,-0.0,0.9999999999999999,6.123233995736766e-17,1.0,1.0,1.0,/Game/FactoryGame/Recipes/Buildings/Foundations/Recipe_Foundation_8x4_01.Recipe_Foundation_8x4_01_C,502094
fnd_0047,569,/Game/FactoryGame/Buildable/Building/Foundation/Build_Foundation_8x4_01.Build_Foundation_8x4_01_C,-154400.0,-33599.99999513282,-500.0,-1544.0,335.9999999513282,-5.0,4.0,-3.0,0.0,-0.0,0.9999999999999999,6.123233995736766e-17,1.0,1.0,1.0,/Game/FactoryGame/Recipes/Buildings/Foundations/Recipe_Foundation_8x4_01.Recipe_Foundation_8x4_01_C,502094
fnd_0048,570,/Game/FactoryGame/Buildable/Building/Foundation/Build_Foundation_8x4_01.Build_Foundation_8x4_01_C,-154400.0,-32799.99999513282,-500.0,-1544.0,327.9999999513282,-5.0,4.0,-3.0,0.0,-0.0,0.9999999999999999,6.123233995736766e-17,1.0,1.0,1.0,/Game/FactoryGame/Recipes/Buildings/Foundations/Recipe_Foundation_8x4_01.Recipe_Foundation_8x4_01_C,502094
fnd_0049,571,/Game/FactoryGame/Buildable/Building/Foundation/Build_Foundation_8x4_01.Build_Foundation_8x4_01_C,-155200.0,-33599.99999513282,-500.0,-1552.0,335.9999999513282,-5.0,4.0,-3.0,0.0,-0.0,0.9999999999999999,6.123233995736766e-17,1.0,1.0,1.0,/Game/FactoryGame/Recipes/Buildings/Foundations/Recipe_Foundation_8x4_01.Recipe_Foundation_8x4_01_C,502094
fnd_0050,572,/Game/FactoryGame/Buildable/Building/Foundation/Build_Foundation_8x4_01.Build_Foundation_8x4_01_C,-155200.0,-32799.99999513282,-500.0,-1552.0,327.9999999513282,-5.0,4.0,-3.0,0.0,-0.0,0.9999999999999999,6.123233995736766e-17,1.0,1.0,1.0,/Game/FactoryGame/Recipes/Buildings/Foundations/Recipe_Foundation_8x4_01.Recipe_Foundation_8x4_01_C,502094
fnd_0051,573,/Game/FactoryGame/Buildable/Building/Foundation/Build_Foundation_8x4_01.Build_Foundation_8x4_01_C,-156000.0,-33599.99999513282,-500.0,-1560.0,335.9999999513282,-5.0,4.0,-3.0,0.0,-0.0,0.9999999999999999,6.123233995736766e-17,1.0,1.0,1.0,/Game/FactoryGame/Recipes/Buildings/Foundations/Recipe_Foundation_8x4_01.Recipe_Foundation_8x4_01_C,502094
fnd_0052,574,/Game/FactoryGame/Buildable/Building/Foundation/Build_Foundation_8x4_01.Build_Foundation_8x4_01_C,-156000.0,-32799.99999513282,-500.0,-1560.0,327.9999999513282,-5.0,4.0,-3.0,0.0,-0.0,0.9999999999999999,6.123233995736766e-17,1.0,1.0,1.0,/Game/FactoryGame/Recipes/Buildings/Foundations/Recipe_Foundation_8x4_01.Recipe_Foundation_8x4_01_C,502094
fnd_0053,575,/Game/FactoryGame/Buildable/Building/Foundation/Build_Foundation_8x4_01.Build_Foundation_8x4_01_C,-156800.0,-33599.99999513282,-500.0,-1568.0,335.9999999513282,-5.0,4.0,-3.0,0.0,-0.0,0.9999999999999999,6.123233995736766e-17,1.0,1.0,1.0,/Game/FactoryGame/Recipes/Buildings/Foundations/Recipe_Foundation_8x4_01.Recipe_Foundation_8x4_01_C,502094
fnd_0054,576,/Game/FactoryGame/Buildable/Building/Foundation/Build_Foundation_8x4_01.Build_Foundation_8x4_01_C,-156800.0,-32799.99999513282,-500.0,-1568.0,327.9999999513282,-5.0,4.0,-3.0,0.0,-0.0,0.9999999999999999,6.123233995736766e-17,1.0,1.0,1.0,/Game/FactoryGame/Recipes/Buildings/Foundations/Recipe_Foundation_8x4_01.Recipe_Foundation_8x4_01_C,502094
fnd_0055,577,/Game/FactoryGame/Buildable/Building/Foundation/Build_Foundation_8x4_01.Build_Foundation_8x4_01_C,-157600.0,-33599.99999513282,-500.0,-1576.0,335.9999999513282,-5.0,4.0,-3.0,0.0,-0.0,0.9999999999999999,6.123233995736766e-17,1.0,1.0,1.0,/Game/FactoryGame/Recipes/Buildings/Foundations/Recipe_Foundation_8x4_01.Recipe_Foundation_8x4_01_C,502094
fnd_0056,578,/Game/FactoryGame/Buildable/Building/Foundation/Build_Foundation_8x4_01.Build_Foundation_8x4_01_C,-157600.0,-32799.99999513282,-500.0,-1576.0,327.9999999513282,-5.0,4.0,-3.0,0.0,-0.0,0.9999999999999999,6.123233995736766e-17,1.0,1.0,1.0,/Game/FactoryGame/Recipes/Buildings/Foundations/Recipe_Foundation_8x4_01.Recipe_Foundation_8x4_01_C,502094
fnd_0057,579,/Game/FactoryGame/Buildable/Building/Foundation/Build_Foundation_8x4_01.Build_Foundation_8x4_01_C,-158400.0,-33599.99999513282,-500.0,-1584.0,335.9999999513282,-5.0,4.0,-3.0,0.0,-0.0,0.9999999999999999,6.123233995736766e-17,1.0,1.0,1.0,/Game/FactoryGame/Recipes/Buildings/Foundations/Recipe_Foundation_8x4_01.Recipe_Foundation_8x4_01_C,502094
fnd_0058,580,/Game/FactoryGame/Buildable/Building/Foundation/Build_Foundation_8x4_01.Build_Foundation_8x4_01_C,-158400.0,-32799.99999513282,-500.0,-1584.0,327.9999999513282,-5.0,4.0,-3.0,0.0,-0.0,0.9999999999999999,6.123233995736766e-17,1.0,1.0,1.0,/Game/FactoryGame/Recipes/Buildings/Foundations/Recipe_Foundation_8x4_01.Recipe_Foundation_8x4_01_C,502094
fnd_0059,581,/Game/FactoryGame/Buildable/Building/Foundation/Build_Foundation_8x4_01.Build_Foundation_8x4_01_C,-159200.0,-33599.99999513282,-500.0,-1592.0,335.9999999513282,-5.0,4.0,-3.0,0.0,-0.0,0.9999999999999999,6.123233995736766e-17,1.0,1.0,1.0,/Game/FactoryGame/Recipes/Buildings/Foundations/Recipe_Foundation_8x4_01.Recipe_Foundation_8x4_01_C,502094
fnd_0060,582,/Game/FactoryGame/Buildable/Building/Foundation/Build_Foundation_8x4_01.Build_Foundation_8x4_01_C,-159200.0,-32799.99999513282,-500.0,-1592.0,327.9999999513282,-5.0,4.0,-3.0,0.0,-0.0,0.9999999999999999,6.123233995736766e-17,1.0,1.0,1.0,/Game/FactoryGame/Recipes/Buildings/Foundations/Recipe_Foundation_8x4_01.Recipe_Foundation_8x4_01_C,502094
fnd_0061,583,/Game/FactoryGame/Buildable/Building/Foundation/Build_Foundation_8x4_01.Build_Foundation_8x4_01_C,-160000.0,-33599.99999513282,-500.0,-1600.0,335.9999999513282,-5.0,4.0,-3.0,0.0,-0.0,0.9999999999999999,6.123233995736766e-17,1.0,1.0,1.0,/Game/FactoryGame/Recipes/Buildings/Foundations/Recipe_Foundation_8x4_01.Recipe_Foundation_8x4_01_C,502094
fnd_0062,584,/Game/FactoryGame/Buildable/Building/Foundation/Build_Foundation_8x4_01.Build_Foundation_8x4_01_C,-160000.0,-32799.99999513282,-500.0,-1600.0,327.9999999513282,-5.0,4.0,-3.0,0.0,-0.0,0.9999999999999999,6.123233995736766e-17,1.0,1.0,1.0,/Game/FactoryGame/Recipes/Buildings/Foundations/Recipe_Foundation_8x4_01.Recipe_Foundation_8x4_01_C,502094
fnd_0063,585,/Game/FactoryGame/Buildable/Building/Foundation/Build_Foundation_8x4_01.Build_Foundation_8x4_01_C,-160800.0,-33599.99999513282,-500.0,-1608.0,335.9999999513282,-5.0,4.0,-3.0,0.0,-0.0,0.9999999999999999,6.123233995736766e-17,1.0,1.0,1.0,/Game/FactoryGame/Recipes/Buildings/Foundations/Recipe_Foundation_8x4_01.Recipe_Foundation_8x4_01_C,502094
fnd_0064,586,/Game/FactoryGame/Buildable/Building/Foundation/Build_Foundation_8x4_01.Build_Foundation_8x4_01_C,-160800.0,-32799.99999513282,-500.0,-1608.0,327.9999999513282,-5.0,4.0,-3.0,0.0,-0.0,0.9999999999999999,6.123233995736766e-17,1.0,1.0,1.0,/Game/FactoryGame/Recipes/Buildings/Foundations/Recipe_Foundation_8x4_01.Recipe_Foundation_8x4_01_C,502094
fnd_0065,587,/Game/FactoryGame/Buildable/Building/Foundation/Build_Foundation_8x4_01.Build_Foundation_8x4_01_C,-153600.0,-29599.99999513282,-500.0,-1536.0,295.9999999513282,-5.0,4.0,-3.0,-0.0,0.0,-0.7071067811865476,0.7071067811865477,1.0,1.0,1.0,/Game/FactoryGame/Recipes/Buildings/Foundations/Recipe_Foundation_8x4_01.Recipe_Foundation_8x4_01_C,502094
fnd_0066,588,/Game/FactoryGame/Buildable/Building/Foundation/Build_Foundation_8x4_01.Build_Foundation_8x4_01_C,-153600.0,-30399.99999513282,-500.0,-1536.0,303.9999999513282,-5.0,4.0,-3.0,-0.0,0.0,-0.7071067811865476,0.7071067811865477,1.0,1.0,1.0,/Game/FactoryGame/Recipes/Buildings/Foundations/Recipe_Foundation_8x4_01.Recipe_Foundation_8x4_01_C,502094
fnd_0067,589,/Game/FactoryGame/Buildable/Building/Foundation/Build_Foundation_8x4_01.Build_Foundation_8x4_01_C,-153600.0,-31199.99999513282,-500.0,-1536.0,311.9999999513282,-5.0,4.0,-3.0,-0.0,0.0,-0.7071067811865476,0.7071067811865477,1.0,1.0,1.0,/Game/FactoryGame/Recipes/Buildings/Foundations/Recipe_Foundation_8x4_01.Recipe_Foundation_8x4_01_C,502094
fnd_0068,590,/Game/FactoryGame/Buildable/Building/Foundation/Build_Foundation_8x4_01.Build_Foundation_8x4_01_C,-153600.0,-31999.99999513282,-500.0,-1536.0,319.9999999513282,-5.0,4.0,-3.0,-0.0,0.0,-0.7071067811865476,0.7071067811865477,1.0,1.0,1.0,/Game/FactoryGame/Recipes/Buildings/Foundations/Recipe_Foundation_8x4_01.Recipe_Foundation_8x4_01_C,502094
fnd_0069,591,/Game/FactoryGame/Buildable/Building/Foundation/Build_Foundation_8x4_01.Build_Foundation_8x4_01_C,-154400.0,-29599.99999513282,-500.0,-1544.0,295.9999999513282,-5.0,4.0,-3.0,-0.0,0.0,-0.7071067811865476,0.7071067811865477,1.0,1.0,1.0,/Game/FactoryGame/Recipes/Buildings/Foundations/Recipe_Foundation_8x4_01.Recipe_Foundation_8x4_01_C,502094
fnd_0070,592,/Game/FactoryGame/Buildable/Building/Foundation/Build_Foundation_8x4_01.Build_Foundation_8x4_01_C,-155200.0,-29599.99999513282,-500.0,-1552.0,295.9999999513282,-5.0,4.0,-3.0,-0.0,0.0,-0.7071067811865476,0.7071067811865477,1.0,1.0,1.0,/Game/FactoryGame/Recipes/Buildings/Foundations/Recipe_Foundation_8x4_01.Recipe_Foundation_8x4_01_C,502094
fnd_0071,593,/Game/FactoryGame/Buildable/Building/Foundation/Build_Foundation_8x4_01.Build_Foundation_8x4_01_C,-156000.0,-29599.99999513282,-500.0,-1560.0,295.9999999513282,-5.0,4.0,-3.0,-0.0,0.0,-0.7071067811865476,0.7071067811865477,1.0,1.0,1.0,/Game/FactoryGame/Recipes/Buildings/Foundations/Recipe_Foundation_8x4_01.Recipe_Foundation_8x4_01_C,502094
fnd_0072,594,/Game/FactoryGame/Buildable/Building/Foundation/Build_Foundation_8x4_01.Build_Foundation_8x4_01_C,-156800.0,-29599.99999513282,-500.0,-1568.0,295.9999999513282,-5.0,4.0,-3.0,-0.0,0.0,-0.7071067811865476,0.7071067811865477,1.0,1.0,1.0,/Game/FactoryGame/Recipes/Buildings/Foundations/Recipe_Foundation_8x4_01.Recipe_Foundation_8x4_01_C,502094
fnd_0073,595,/Game/FactoryGame/Buildable/Building/Foundation/Build_Foundation_8x4_01.Build_Foundation_8x4_01_C,-157600.0,-29599.99999513282,-500.0,-1576.0,295.9999999513282,-5.0,4.0,-3.0,-0.0,0.0,-0.7071067811865476,0.7071067811865477,1.0,1.0,1.0,/Game/FactoryGame/Recipes/Buildings/Foundations/Recipe_Foundation_8x4_01.Recipe_Foundation_8x4_01_C,502094
fnd_0074,596,/Game/FactoryGame/Buildable/Building/Foundation/Build_Foundation_8x4_01.Build_Foundation_8x4_01_C,-158400.0,-29599.99999513282,-500.0,-1584.0,295.9999999513282,-5.0,4.0,-3.0,-0.0,0.0,-0.7071067811865476,0.7071067811865477,1.0,1.0,1.0,/Game/FactoryGame/Recipes/Buildings/Foundations/Recipe_Foundation_8x4_01.Recipe_Foundation_8x4_01_C,502094
fnd_0075,597,/Game/FactoryGame/Buildable/Building/Foundation/Build_Foundation_8x4_01.Build_Foundation_8x4_01_C,-159200.0,-29599.99999513282,-500.0,-1592.0,295.9999999513282,-5.0,4.0,-3.0,-0.0,0.0,-0.7071067811865476,0.7071067811865477,1.0,1.0,1.0,/Game/FactoryGame/Recipes/Buildings/Foundations/Recipe_Foundation_8x4_01.Recipe_Foundation_8x4_01_C,502094
fnd_0076,598,/Game/FactoryGame/Buildable/Building/Foundation/Build_Foundation_8x4_01.Build_Foundation_8x4_01_C,-160000.0,-29599.99999513282,-500.0,-1600.0,295.9999999513282,-5.0,4.0,-3.0,-0.0,0.0,-0.7071067811865476,0.7071067811865477,1.0,1.0,1.0,/Game/FactoryGame/Recipes/Buildings/Foundations/Recipe_Foundation_8x4_01.Recipe_Foundation_8x4_01_C,502094
fnd_0077,599,/Game/FactoryGame/Buildable/Building/Foundation/Build_Foundation_8x4_01.Build_Foundation_8x4_01_C,-160800.0,-29599.99999513282,-500.0,-1608.0,295.9999999513282,-5.0,4.0,-3.0,-0.0,0.0,-0.7071067811865476,0.7071067811865477,1.0,1.0,1.0,/Game/FactoryGame/Recipes/Buildings/Foundations/Recipe_Foundation_8x4_01.Recipe_Foundation_8x4_01_C,502094
fnd_0078,600,/Game/FactoryGame/Buildable/Building/Foundation/Build_Foundation_8x4_01.Build_Foundation_8x4_01_C,-154400.0,-30399.99999513282,-500.0,-1544.0,303.9999999513282,-5.0,4.0,-3.0,-0.0,0.0,-0.7071067811865476,0.7071067811865477,1.0,1.0,1.0,/Game/FactoryGame/Recipes/Buildings/Foundations/Recipe_Foundation_8x4_01.Recipe_Foundation_8x4_01_C,502094
fnd_0079,601,/Game/FactoryGame/Buildable/Building/Foundation/Build_Foundation_8x4_01.Build_Foundation_8x4_01_C,-155200.0,-30399.99999513282,-500.0,-1552.0,303.9999999513282,-5.0,4.0,-3.0,-0.0,0.0,-0.7071067811865476,0.7071067811865477,1.0,1.0,1.0,/Game/FactoryGame/Recipes/Buildings/Foundations/Recipe_Foundation_8x4_01.Recipe_Foundation_8x4_01_C,502094
fnd_0080,602,/Game/FactoryGame/Buildable/Building/Foundation/Build_Foundation_8x4_01.Build_Foundation_8x4_01_C,-156000.0,-30399.99999513282,-500.0,-1560.0,303.9999999513282,-5.0,4.0,-3.0,-0.0,0.0,-0.7071067811865476,0.7071067811865477,1.0,1.0,1.0,/Game/FactoryGame/Recipes/Buildings/Foundations/Recipe_Foundation_8x4_01.Recipe_Foundation_8x4_01_C,502094
fnd_0081,603,/Game/FactoryGame/Buildable/Building/Foundation/Build_Foundation_8x4_01.Build_Foundation_8x4_01_C,-156800.0,-30399.99999513282,-500.0,-1568.0,303.9999999513282,-5.0,4.0,-3.0,-0.0,0.0,-0.7071067811865476,0.7071067811865477,1.0,1.0,1.0,/Game/FactoryGame/Recipes/Buildings/Foundations/Recipe_Foundation_8x4_01.Recipe_Foundation_8x4_01_C,502094
fnd_0082,604,/Game/FactoryGame/Buildable/Building/Foundation/Build_Foundation_8x4_01.Build_Foundation_8x4_01_C,-157600.0,-30399.99999513282,-500.0,-1576.0,303.9999999513282,-5.0,4.0,-3.0,-0.0,0.0,-0.7071067811865476,0.7071067811865477,1.0,1.0,1.0,/Game/FactoryGame/Recipes/Buildings/Foundations/Recipe_Foundation_8x4_01.Recipe_Foundation_8x4_01_C,502094
fnd_0083,605,/Game/FactoryGame/Buildable/Building/Foundation/Build_Foundation_8x4_01.Build_Foundation_8x4_01_C,-158400.0,-30399.99999513282,-500.0,-1584.0,303.9999999513282,-5.0,4.0,-3.0,-0.0,0.0,-0.7071067811865476,0.7071067811865477,1.0,1.0,1.0,/Game/FactoryGame/Recipes/Buildings/Foundations/Recipe_Foundation_8x4_01.Recipe_Foundation_8x4_01_C,502094
fnd_0084,606,/Game/FactoryGame/Buildable/Building/Foundation/Build_Foundation_8x4_01.Build_Foundation_8x4_01_C,-159200.0,-30399.99999513282,-500.0,-1592.0,303.9999999513282,-5.0,4.0,-3.0,-0.0,0.0,-0.7071067811865476,0.7071067811865477,1.0,1.0,1.0,/Game/FactoryGame/Recipes/Buildings/Foundations/Recipe_Foundation_8x4_01.Recipe_Foundation_8x4_01_C,502094
fnd_0085,607,/Game/FactoryGame/Buildable/Building/Foundation/Build_Foundation_8x4_01.Build_Foundation_8x4_01_C,-160000.0,-30399.99999513282,-500.0,-1600.0,303.9999999513282,-5.0,4.0,-3.0,-0.0,0.0,-0.7071067811865476,0.7071067811865477,1.0,1.0,1.0,/Game/FactoryGame/Recipes/Buildings/Foundations/Recipe_Foundation_8x4_01.Recipe_Foundation_8x4_01_C,502094
fnd_0086,608,/Game/FactoryGame/Buildable/Building/Foundation/Build_Foundation_8x4_01.Build_Foundation_8x4_01_C,-160800.0,-30399.99999513282,-500.0,-1608.0,303.9999999513282,-5.0,4.0,-3.0,-0.0,0.0,-0.7071067811865476,0.7071067811865477,1.0,1.0,1.0,/Game/FactoryGame/Recipes/Buildings/Foundations/Recipe_Foundation_8x4_01.Recipe_Foundation_8x4_01_C,502094
fnd_0087,609,/Game/FactoryGame/Buildable/Building/Foundation/Build_Foundation_8x4_01.Build_Foundation_8x4_01_C,-154400.0,-31199.99999513282,-500.0,-1544.0,311.9999999513282,-5.0,4.0,-3.0,-0.0,0.0,-0.7071067811865476,0.7071067811865477,1.0,1.0,1.0,/Game/FactoryGame/Recipes/Buildings/Foundations/Recipe_Foundation_8x4_01.Recipe_Foundation_8x4_01_C,502094
fnd_0088,610,/Game/FactoryGame/Buildable/Building/Foundation/Build_Foundation_8x4_01.Build_Foundation_8x4_01_C,-155200.0,-31199.99999513282,-500.0,-1552.0,311.9999999513282,-5.0,4.0,-3.0,-0.0,0.0,-0.7071067811865476,0.7071067811865477,1.0,1.0,1.0,/Game/FactoryGame/Recipes/Buildings/Foundations/Recipe_Foundation_8x4_01.Recipe_Foundation_8x4_01_C,502094
fnd_0089,611,/Game/FactoryGame/Buildable/Building/Foundation/Build_Foundation_8x4_01.Build_Foundation_8x4_01_C,-156000.0,-31199.99999513282,-500.0,-1560.0,311.9999999513282,-5.0,4.0,-3.0,-0.0,0.0,-0.7071067811865476,0.7071067811865477,1.0,1.0,1.0,/Game/FactoryGame/Recipes/Buildings/Foundations/Recipe_Foundation_8x4_01.Recipe_Foundation_8x4_01_C,502094
fnd_0090,612,/Game/FactoryGame/Buildable/Building/Foundation/Build_Foundation_8x4_01.Build_Foundation_8x4_01_C,-156800.0,-31199.99999513282,-500.0,-1568.0,311.9999999513282,-5.0,4.0,-3.0,-0.0,0.0,-0.7071067811865476,0.7071067811865477,1.0,1.0,1.0,/Game/FactoryGame/Recipes/Buildings/Foundations/Recipe_Foundation_8x4_01.Recipe_Foundation_8x4_01_C,502094
fnd_0091,613,/Game/FactoryGame/Buildable/Building/Foundation/Build_Foundation_8x4_01.Build_Foundation_8x4_01_C,-157600.0,-31199.99999513282,-500.0,-1576.0,311.9999999513282,-5.0,4.0,-3.0,-0.0,0.0,-0.7071067811865476,0.7071067811865477,1.0,1.0,1.0,/Game/FactoryGame/Recipes/Buildings/Foundations/Recipe_Foundation_8x4_01.Recipe_Foundation_8x4_01_C,502094
fnd_0092,614,/Game/FactoryGame/Buildable/Building/Foundation/Build_Foundation_8x4_01.Build_Foundation_8x4_01_C,-158400.0,-31199.99999513282,-500.0,-1584.0,311.9999999513282,-5.0,4.0,-3.0,-0.0,0.0,-0.7071067811865476,0.7071067811865477,1.0,1.0,1.0,/Game/FactoryGame/Recipes/Buildings/Foundations/Recipe_Foundation_8x4_01.Recipe_Foundation_8x4_01_C,502094
fnd_0093,615,/Game/FactoryGame/Buildable/Building/Foundation/Build_Foundation_8x4_01.Build_Foundation_8x4_01_C,-159200.0,-31199.99999513282,-500.0,-1592.0,311.9999999513282,-5.0,4.0,-3.0,-0.0,0.0,-0.7071067811865476,0.7071067811865477,1.0,1.0,1.0,/Game/FactoryGame/Recipes/Buildings/Foundations/Recipe_Foundation_8x4_01.Recipe_Foundation_8x4_01_C,502094
fnd_0094,616,/Game/FactoryGame/Buildable/Building/Foundation/Build_Foundation_8x4_01.Build_Foundation_8x4_01_C,-160000.0,-31199.99999513282,-500.0,-1600.0,311.9999999513282,-5.0,4.0,-3.0,-0.0,0.0,-0.7071067811865476,0.7071067811865477,1.0,1.0,1.0,/Game/FactoryGame/Recipes/Buildings/Foundations/Recipe_Foundation_8x4_01.Recipe_Foundation_8x4_01_C,502094
fnd_0095,617,/Game/FactoryGame/Buildable/Building/Foundation/Build_Foundation_8x4_01.Build_Foundation_8x4_01_C,-160800.0,-31199.99999513282,-500.0,-1608.0,311.9999999513282,-5.0,4.0,-3.0,-0.0,0.0,-0.7071067811865476,0.7071067811865477,1.0,1.0,1.0,/Game/FactoryGame/Recipes/Buildings/Foundations/Recipe_Foundation_8x4_01.Recipe_Foundation_8x4_01_C,502094
fnd_0096,618,/Game/FactoryGame/Buildable/Building/Foundation/Build_Foundation_8x4_01.Build_Foundation_8x4_01_C,-154400.0,-31999.99999513282,-500.0,-1544.0,319.9999999513282,-5.0,4.0,-3.0,-0.0,0.0,-0.7071067811865476,0.7071067811865477,1.0,1.0,1.0,/Game/FactoryGame/Recipes/Buildings/Foundations/Recipe_Foundation_8x4_01.Recipe_Foundation_8x4_01_C,502094
fnd_0097,619,/Game/FactoryGame/Buildable/Building/Foundation/Build_Foundation_8x4_01.Build_Foundation_8x4_01_C,-155200.0,-31999.99999513282,-500.0,-1552.0,319.9999999513282,-5.0,4.0,-3.0,-0.0,0.0,-0.7071067811865476,0.7071067811865477,1.0,1.0,1.0,/Game/FactoryGame/Recipes/Buildings/Foundations/Recipe_Foundation_8x4_01.Recipe_Foundation_8x4_01_C,502094
fnd_0098,620,/Game/FactoryGame/Buildable/Building/Foundation/Build_Foundation_8x4_01.Build_Foundation_8x4_01_C,-156000.0,-31999.99999513282,-500.0,-1560.0,319.9999999513282,-5.0,4.0,-3.0,-0.0,0.0,-0.7071067811865476,0.7071067811865477,1.0,1.0,1.0,/Game/FactoryGame/Recipes/Buildings/Foundations/Recipe_Foundation_8x4_01.Recipe_Foundation_8x4_01_C,502094
fnd_0099,621,/Game/FactoryGame/Buildable/Building/Foundation/Build_Foundation_8x4_01.Build_Foundation_8x4_01_C,-156800.0,-31999.99999513282,-500.0,-1568.0,319.9999999513282,-5.0,4.0,-3.0,-0.0,0.0,-0.7071067811865476,0.7071067811865477,1.0,1.0,1.0,/Game/FactoryGame/Recipes/Buildings/Foundations/Recipe_Foundation_8x4_01.Recipe_Foundation_8x4_01_C,502094
fnd_0100,622,/Game/FactoryGame/Buildable/Building/Foundation/Build_Foundation_8x4_01.Build_Foundation_8x4_01_C,-157600.0,-31999.99999513282,-500.0,-1576.0,319.9999999513282,-5.0,4.0,-3.0,-0.0,0.0,-0.7071067811865476,0.7071067811865477,1.0,1.0,1.0,/Game/FactoryGame/Recipes/Buildings/Foundations/Recipe_Foundation_8x4_01.Recipe_Foundation_8x4_01_C,502094
fnd_0101,623,/Game/FactoryGame/Buildable/Building/Foundation/Build_Foundation_8x4_01.Build_Foundation_8x4_01_C,-158400.0,-31999.99999513282,-500.0,-1584.0,319.9999999513282,-5.0,4.0,-3.0,-0.0,0.0,-0.7071067811865476,0.7071067811865477,1.0,1.0,1.0,/Game/FactoryGame/Recipes/Buildings/Foundations/Recipe_Foundation_8x4_01.Recipe_Foundation_8x4_01_C,502094
fnd_0102,624,/Game/FactoryGame/Buildable/Building/Foundation/Build_Foundation_8x4_01.Build_Foundation_8x4_01_C,-159200.0,-31999.99999513282,-500.0,-1592.0,319.9999999513282,-5.0,4.0,-3.0,-0.0,0.0,-0.7071067811865476,0.7071067811865477,1.0,1.0,1.0,/Game/FactoryGame/Recipes/Buildings/Foundations/Recipe_Foundation_8x4_01.Recipe_Foundation_8x4_01_C,502094
fnd_0103,625,/Game/FactoryGame/Buildable/Building/Foundation/Build_Foundation_8x4_01.Build_Foundation_8x4_01_C,-160000.0,-31999.99999513282,-500.0,-1600.0,319.9999999513282,-5.0,4.0,-3.0,-0.0,0.0,-0.7071067811865476,0.7071067811865477,1.0,1.0,1.0,/Game/FactoryGame/Recipes/Buildings/Foundations/Recipe_Foundation_8x4_01.Recipe_Foundation_8x4_01_C,502094
fnd_0104,626,/Game/FactoryGame/Buildable/Building/Foundation/Build_Foundation_8x4_01.Build_Foundation_8x4_01_C,-160800.0,-31999.99999513282,-500.0,-1608.0,319.9999999513282,-5.0,4.0,-3.0,-0.0,0.0,-0.7071067811865476,0.7071067811865477,1.0,1.0,1.0,/Game/FactoryGame/Recipes/Buildings/Foundations/Recipe_Foundation_8x4_01.Recipe_Foundation_8x4_01_C,502094
fnd_0105,627,/Game/FactoryGame/Buildable/Building/Foundation/Build_Foundation_8x4_01.Build_Foundation_8x4_01_C,-161600.0,-29599.99999513282,-500.0,-1616.0,295.9999999513282,-5.0,4.0,-3.0,0.0,-0.0,0.9999999999999999,6.123233995736766e-17,1.0,1.0,1.0,/Game/FactoryGame/Recipes/Buildings/Foundations/Recipe_Foundation_8x4_01.Recipe_Foundation_8x4_01_C,502094
fnd_0106,628,/Game/FactoryGame/Buildable/Building/Foundation/Build_Foundation_8x4_01.Build_Foundation_8x4_01_C,-162400.0,-29599.99999513282,-500.0,-1624.0,295.9999999513282,-5.0,4.0,-3.0,0.0,-0.0,0.9999999999999999,6.123233995736766e-17,1.0,1.0,1.0,/Game/FactoryGame/Recipes/Buildings/Foundations/Recipe_Foundation_8x4_01.Recipe_Foundation_8x4_01_C,502094
fnd_0107,629,/Game/FactoryGame/Buildable/Building/Foundation/Build_Foundation_8x4_01.Build_Foundation_8x4_01_C,-163200.0,-29599.99999513282,-500.0,-1632.0,295.9999999513282,-5.0,4.0,-3.0,0.0,-0.0,0.9999999999999999,6.123233995736766e-17,1.0,1.0,1.0,/Game/FactoryGame/Recipes/Buildings/Foundations/Recipe_Foundation_8x4_01.Recipe_Foundation_8x4_01_C,502094
fnd_0108,630,/Game/FactoryGame/Buildable/Building/Foundation/Build_Foundation_8x4_01.Build_Foundation_8x4_01_C,-161600.0,-30399.99999513282,-500.0,-1616.0,303.9999999513282,-5.0,4.0,-3.0,0.0,-0.0,0.9999999999999999,6.123233995736766e-17,1.0,1.0,1.0,/Game/FactoryGame/Recipes/Buildings/Foundations/Recipe_Foundation_8x4_01.Recipe_Foundation_8x4_01_C,502094
fnd_0109,631,/Game/FactoryGame/Buildable/Building/Foundation/Build_Foundation_8x4_01.Build_Foundation_8x4_01_C,-161600.0,-31199.99999513282,-500.0,-1616.0,311.9999999513282,-5.0,4.0,-3.0,0.0,-0.0,0.9999999999999999,6.123233995736766e-17,1.0,1.0,1.0,/Game/FactoryGame/Recipes/Buildings/Foundations/Recipe_Foundation_8x4_01.Recipe_Foundation_8x4_01_C,502094
fnd_0110,632,/Game/FactoryGame/Buildable/Building/Foundation/Build_Foundation_8x4_01.Build_Foundation_8x4_01_C,-161600.0,-31999.99999513282,-500.0,-1616.0,319.9999999513282,-5.0,4.0,-3.0,0.0,-0.0,0.9999999999999999,6.123233995736766e-17,1.0,1.0,1.0,/Game/FactoryGame/Recipes/Buildings/Foundations/Recipe_Foundation_8x4_01.Recipe_Foundation_8x4_01_C,502094
fnd_0111,633,/Game/FactoryGame/Buildable/Building/Foundation/Build_Foundation_8x4_01.Build_Foundation_8x4_01_C,-161600.0,-32799.99999513282,-500.0,-1616.0,327.9999999513282,-5.0,4.0,-3.0,0.0,-0.0,0.9999999999999999,6.123233995736766e-17,1.0,1.0,1.0,/Game/FactoryGame/Recipes/Buildings/Foundations/Recipe_Foundation_8x4_01.Recipe_Foundation_8x4_01_C,502094
fnd_0112,634,/Game/FactoryGame/Buildable/Building/Foundation/Build_Foundation_8x4_01.Build_Foundation_8x4_01_C,-161600.0,-33599.99999513282,-500.0,-1616.0,335.9999999513282,-5.0,4.0,-3.0,0.0,-0.0,0.9999999999999999,6.123233995736766e-17,1.0,1.0,1.0,/Game/FactoryGame/Recipes/Buildings/Foundations/Recipe_Foundation_8x4_01.Recipe_Foundation_8x4_01_C,502094
fnd_0113,635,/Game/FactoryGame/Buildable/Building/Foundation/Build_Foundation_8x4_01.Build_Foundation_8x4_01_C,-161600.0,-34399.99999513282,-500.0,-1616.0,343.9999999513282,-5.0,4.0,-3.0,0.0,-0.0,0.9999999999999999,6.123233995736766e-17,1.0,1.0,1.0,/Game/FactoryGame/Recipes/Buildings/Foundations/Recipe_Foundation_8x4_01.Recipe_Foundation_8x4_01_C,502094
fnd_0114,636,/Game/FactoryGame/Buildable/Building/Foundation/Build_Foundation_8x4_01.Build_Foundation_8x4_01_C,-162400.0,-30399.99999513282,-500.0,-1624.0,303.9999999513282,-5.0,4.0,-3.0,0.0,-0.0,0.9999999999999999,6.123233995736766e-17,1.0,1.0,1.0,/Game/FactoryGame/Recipes/Buildings/Foundations/Recipe_Foundation_8x4_01.Recipe_Foundation_8x4_01_C,502094
fnd_0115,637,/Game/FactoryGame/Buildable/Building/Foundation/Build_Foundation_8x4_01.Build_Foundation_8x4_01_C,-162400.0,-31199.99999513282,-500.0,-1624.0,311.9999999513282,-5.0,4.0,-3.0,0.0,-0.0,0.9999999999999999,6.123233995736766e-17,1.0,1.0,1.0,/Game/FactoryGame/Recipes/Buildings/Foundations/Recipe_Foundation_8x4_01.Recipe_Foundation_8x4_01_C,502094
fnd_0116,638,/Game/FactoryGame/Buildable/Building/Foundation/Build_Foundation_8x4_01.Build_Foundation_8x4_01_C,-162400.0,-31999.99999513282,-500.0,-1624.0,319.9999999513282,-5.0,4.0,-3.0,0.0,-0.0,0.9999999999999999,6.123233995736766e-17,1.0,1.0,1.0,/Game/FactoryGame/Recipes/Buildings/Foundations/Recipe_Foundation_8x4_01.Recipe_Foundation_8x4_01_C,502094
fnd_0117,639,/Game/FactoryGame/Buildable/Building/Foundation/Build_Foundation_8x4_01.Build_Foundation_8x4_01_C,-162400.0,-32799.99999513282,-500.0,-1624.0,327.9999999513282,-5.0,4.0,-3.0,0.0,-0.0,0.9999999999999999,6.123233995736766e-17,1.0,1.0,1.0,/Game/FactoryGame/Recipes/Buildings/Foundations/Recipe_Foundation_8x4_01.Recipe_Foundation_8x4_01_C,502094
fnd_0118,640,/Game/FactoryGame/Buildable/Building/Foundation/Build_Foundation_8x4_01.Build_Foundation_8x4_01_C,-162400.0,-33599.99999513282,-500.0,-1624.0,335.9999999513282,-5.0,4.0,-3.0,0.0,-0.0,0.9999999999999999,6.123233995736766e-17,1.0,1.0,1.0,/Game/FactoryGame/Recipes/Buildings/Foundations/Recipe_Foundation_8x4_01.Recipe_Foundation_8x4_01_C,502094
fnd_0119,641,/Game/FactoryGame/Buildable/Building/Foundation/Build_Foundation_8x4_01.Build_Foundation_8x4_01_C,-162400.0,-34399.99999513282,-500.0,-1624.0,343.9999999513282,-5.0,4.0,-3.0,0.0,-0.0,0.9999999999999999,6.123233995736766e-17,1.0,1.0,1.0,/Game/FactoryGame/Recipes/Buildings/Foundations/Recipe_Foundation_8x4_01.Recipe_Foundation_8x4_01_C,502094
fnd_0120,642,/Game/FactoryGame/Buildable/Building/Foundation/Build_Foundation_8x4_01.Build_Foundation_8x4_01_C,-163200.0,-30399.99999513282,-500.0,-1632.0,303.9999999513282,-5.0,4.0,-3.0,0.0,-0.0,0.9999999999999999,6.123233995736766e-17,1.0,1.0,1.0,/Game/FactoryGame/Recipes/Buildings/Foundations/Recipe_Foundation_8x4_01.Recipe_Foundation_8x4_01_C,502094
fnd_0121,643,/Game/FactoryGame/Buildable/Building/Foundation/Build_Foundation_8x4_01.Build_Foundation_8x4_01_C,-163200.0,-31199.99999513282,-500.0,-1632.0,311.9999999513282,-5.0,4.0,-3.0,0.0,-0.0,0.9999999999999999,6.123233995736766e-17,1.0,1.0,1.0,/Game/FactoryGame/Recipes/Buildings/Foundations/Recipe_Foundation_8x4_01.Recipe_Foundation_8x4_01_C,502094
fnd_0122,644,/Game/FactoryGame/Buildable/Building/Foundation/Build_Foundation_8x4_01.Build_Foundation_8x4_01_C,-163200.0,-31999.99999513282,-500.0,-1632.0,319.9999999513282,-5.0,4.0,-3.0,0.0,-0.0,0.9999999999999999,6.123233995736766e-17,1.0,1.0,1.0,/Game/FactoryGame/Recipes/Buildings/Foundations/Recipe_Foundation_8x4_01.Recipe_Foundation_8x4_01_C,502094
fnd_0123,645,/Game/FactoryGame/Buildable/Building/Foundation/Build_Foundation_8x4_01.Build_Foundation_8x4_01_C,-163200.0,-32799.99999513282,-500.0,-1632.0,327.9999999513282,-5.0,4.0,-3.0,0.0,-0.0,0.9999999999999999,6.123233995736766e-17,1.0,1.0,1.0,/Game/FactoryGame/Recipes/Buildings/Foundations/Recipe_Foundation_8x4_01.Recipe_Foundation_8x4_01_C,502094
fnd_0124,646,/Game/FactoryGame/Buildable/Building/Foundation/Build_Foundation_8x4_01.Build_Foundation_8x4_01_C,-163200.0,-33599.99999513282,-500.0,-1632.0,335.9999999513282,-5.0,4.0,-3.0,0.0,-0.0,0.9999999999999999,6.123233995736766e-17,1.0,1.0,1.0,/Game/FactoryGame/Recipes/Buildings/Foundations/Recipe_Foundation_8x4_01.Recipe_Foundation_8x4_01_C,502094
fnd_0125,647,/Game/FactoryGame/Buildable/Building/Foundation/Build_Foundation_8x4_01.Build_Foundation_8x4_01_C,-163200.0,-34399.99999513282,-500.0,-1632.0,343.9999999513282,-5.0,4.0,-3.0,0.0,-0.0,0.9999999999999999,6.123233995736766e-17,1.0,1.0,1.0,/Game/FactoryGame/Recipes/Buildings/Foundations/Recipe_Foundation_8x4_01.Recipe_Foundation_8x4_01_C,502094
fnd_0126,648,/Game/FactoryGame/Buildable/Building/Foundation/Build_Foundation_8x4_01.Build_Foundation_8x4_01_C,-164000.0,-34399.99999513282,-500.0,-1640.0,343.9999999513282,-5.0,4.0,-3.0,0.0,-0.0,0.7071067811865475,0.7071067811865477,1.0,1.0,1.0,/Game/FactoryGame/Recipes/Buildings/Foundations/Recipe_Foundation_8x4_01.Recipe_Foundation_8x4_01_C,502094
fnd_0127,649,/Game/FactoryGame/Buildable/Building/Foundation/Build_Foundation_8x4_01.Build_Foundation_8x4_01_C,-164000.0,-33599.99999513282,-500.0,-1640.0,335.9999999513282,-5.0,4.0,-3.0,0.0,-0.0,0.7071067811865475,0.7071067811865477,1.0,1.0,1.0,/Game/FactoryGame/Recipes/Buildings/Foundations/Recipe_Foundation_8x4_01.Recipe_Foundation_8x4_01_C,502094
fnd_0128,650,/Game/FactoryGame/Buildable/Building/Foundation/Build_Foundation_8x4_01.Build_Foundation_8x4_01_C,-164000.0,-32799.99999513282,-500.0,-1640.0,327.9999999513282,-5.0,4.0,-3.0,0.0,-0.0,0.7071067811865475,0.7071067811865477,1.0,1.0,1.0,/Game/FactoryGame/Recipes/Buildings/Foundations/Recipe_Foundation_8x4_01.Recipe_Foundation_8x4_01_C,502094
fnd_0129,651,/Game/FactoryGame/Buildable/Building/Foundation/Build_Foundation_8x4_01.Build_Foundation_8x4_01_C,-164000.0,-31999.99999513282,-500.0,-1640.0,319.9999999513282,-5.0,4.0,-3.0,0.0,-0.0,0.7071067811865475,0.7071067811865477,1.0,1.0,1.0,/Game/FactoryGame/Recipes/Buildings/Foundations/Recipe_Foundation_8x4_01.Recipe_Foundation_8x4_01_C,502094
fnd_0130,652,/Game/FactoryGame/Buildable/Building/Foundation/Build_Foundation_8x4_01.Build_Foundation_8x4_01_C,-164000.0,-31199.99999513282,-500.0,-1640.0,311.9999999513282,-5.0,4.0,-3.0,0.0,-0.0,0.7071067811865475,0.7071067811865477,1.0,1.0,1.0,/Game/FactoryGame/Recipes/Buildings/Foundations/Recipe_Foundation_8x4_01.Recipe_Foundation_8x4_01_C,502094
fnd_0131,653,/Game/FactoryGame/Buildable/Building/Foundation/Build_Foundation_8x4_01.Build_Foundation_8x4_01_C,-164000.0,-30399.99999513282,-500.0,-1640.0,303.9999999513282,-5.0,4.0,-3.0,0.0,-0.0,0.7071067811865475,0.7071067811865477,1.0,1.0,1.0,/Game/FactoryGame/Recipes/Buildings/Foundations/Recipe_Foundation_8x4_01.Recipe_Foundation_8x4_01_C,502094
fnd_0132,654,/Game/FactoryGame/Buildable/Building/Foundation/Build_Foundation_8x4_01.Build_Foundation_8x4_01_C,-164000.0,-29599.99999513282,-500.0,-1640.0,295.9999999513282,-5.0,4.0,-3.0,0.0,-0.0,0.7071067811865475,0.7071067811865477,1.0,1.0,1.0,/Game/FactoryGame/Recipes/Buildings/Foundations/Recipe_Foundation_8x4_01.Recipe_Foundation_8x4_01_C,502094
fnd_0133,655,/Game/FactoryGame/Buildable/Building/Foundation/Build_Foundation_8x4_01.Build_Foundation_8x4_01_C,-164800.0,-34399.99999513282,-500.0,-1648.0,343.9999999513282,-5.0,4.0,-3.0,0.0,-0.0,0.7071067811865475,0.7071067811865477,1.0,1.0,1.0,/Game/FactoryGame/Recipes/Buildings/Foundations/Recipe_Foundation_8x4_01.Recipe_Foundation_8x4_01_C,502094
fnd_0134,656,/Game/FactoryGame/Buildable/Building/Foundation/Build_Foundation_8x4_01.Build_Foundation_8x4_01_C,-165600.0,-34399.99999513282,-500.0,-1656.0,343.9999999513282,-5.0,4.0,-3.0,0.0,-0.0,0.7071067811865475,0.7071067811865477,1.0,1.0,1.0,/Game/FactoryGame/Recipes/Buildings/Foundations/Recipe_Foundation_8x4_01.Recipe_Foundation_8x4_01_C,502094
fnd_0135,657,/Game/FactoryGame/Buildable/Building/Foundation/Build_Foundation_8x4_01.Build_Foundation_8x4_01_C,-166400.0,-34399.99999513282,-500.0,-1664.0,343.9999999513282,-5.0,4.0,-3.0,0.0,-0.0,0.7071067811865475,0.7071067811865477,1.0,1.0,1.0,/Game/FactoryGame/Recipes/Buildings/Foundations/Recipe_Foundation_8x4_01.Recipe_Foundation_8x4_01_C,502094
fnd_0136,658,/Game/FactoryGame/Buildable/Building/Foundation/Build_Foundation_8x4_01.Build_Foundation_8x4_01_C,-167200.0,-34399.99999513282,-500.0,-1672.0,343.9999999513282,-5.0,4.0,-3.0,0.0,-0.0,0.7071067811865475,0.7071067811865477,1.0,1.0,1.0,/Game/FactoryGame/Recipes/Buildings/Foundations/Recipe_Foundation_8x4_01.Recipe_Foundation_8x4_01_C,502094
fnd_0137,659,/Game/FactoryGame/Buildable/Building/Foundation/Build_Foundation_8x4_01.Build_Foundation_8x4_01_C,-168000.0,-34399.99999513282,-500.0,-1680.0,343.9999999513282,-5.0,4.0,-3.0,0.0,-0.0,0.7071067811865475,0.7071067811865477,1.0,1.0,1.0,/Game/FactoryGame/Recipes/Buildings/Foundations/Recipe_Foundation_8x4_01.Recipe_Foundation_8x4_01_C,502094
fnd_0138,660,/Game/FactoryGame/Buildable/Building/Foundation/Build_Foundation_8x4_01.Build_Foundation_8x4_01_C,-168800.0,-34399.99999513282,-500.0,-1688.0,343.9999999513282,-5.0,4.0,-3.0,0.0,-0.0,0.7071067811865475,0.7071067811865477,1.0,1.0,1.0,/Game/FactoryGame/Recipes/Buildings/Foundations/Recipe_Foundation_8x4_01.Recipe_Foundation_8x4_01_C,502094
fnd_0139,661,/Game/FactoryGame/Buildable/Building/Foundation/Build_Foundation_8x4_01.Build_Foundation_8x4_01_C,-169600.0,-34399.99999513282,-500.0,-1696.0,343.9999999513282,-5.0,4.0,-3.0,0.0,-0.0,0.7071067811865475,0.7071067811865477,1.0,1.0,1.0,/Game/FactoryGame/Recipes/Buildings/Foundations/Recipe_Foundation_8x4_01.Recipe_Foundation_8x4_01_C,502094
fnd_0140,662,/Game/FactoryGame/Buildable/Building/Foundation/Build_Foundation_8x4_01.Build_Foundation_8x4_01_C,-170400.0,-34399.99999513282,-500.0,-1704.0,343.9999999513282,-5.0,4.0,-3.0,0.0,-0.0,0.7071067811865475,0.7071067811865477,1.0,1.0,1.0,/Game/FactoryGame/Recipes/Buildings/Foundations/Recipe_Foundation_8x4_01.Recipe_Foundation_8x4_01_C,502094
fnd_0141,663,/Game/FactoryGame/Buildable/Building/Foundation/Build_Foundation_8x4_01.Build_Foundation_8x4_01_C,-171200.0,-34399.99999513282,-500.0,-1712.0,343.9999999513282,-5.0,4.0,-3.0,0.0,-0.0,0.7071067811865475,0.7071067811865477,1.0,1.0,1.0,/Game/FactoryGame/Recipes/Buildings/Foundations/Recipe_Foundation_8x4_01.Recipe_Foundation_8x4_01_C,502094
fnd_0142,664,/Game/FactoryGame/Buildable/Building/Foundation/Build_Foundation_8x4_01.Build_Foundation_8x4_01_C,-164800.0,-33599.99999513282,-500.0,-1648.0,335.9999999513282,-5.0,4.0,-3.0,0.0,-0.0,0.7071067811865475,0.7071067811865477,1.0,1.0,1.0,/Game/FactoryGame/Recipes/Buildings/Foundations/Recipe_Foundation_8x4_01.Recipe_Foundation_8x4_01_C,502094
fnd_0143,665,/Game/FactoryGame/Buildable/Building/Foundation/Build_Foundation_8x4_01.Build_Foundation_8x4_01_C,-165600.0,-33599.99999513282,-500.0,-1656.0,335.9999999513282,-5.0,4.0,-3.0,0.0,-0.0,0.7071067811865475,0.7071067811865477,1.0,1.0,1.0,/Game/FactoryGame/Recipes/Buildings/Foundations/Recipe_Foundation_8x4_01.Recipe_Foundation_8x4_01_C,502094
fnd_0144,666,/Game/FactoryGame/Buildable/Building/Foundation/Build_Foundation_8x4_01.Build_Foundation_8x4_01_C,-166400.0,-33599.99999513282,-500.0,-1664.0,335.9999999513282,-5.0,4.0,-3.0,0.0,-0.0,0.7071067811865475,0.7071067811865477,1.0,1.0,1.0,/Game/FactoryGame/Recipes/Buildings/Foundations/Recipe_Foundation_8x4_01.Recipe_Foundation_8x4_01_C,502094
fnd_0145,667,/Game/FactoryGame/Buildable/Building/Foundation/Build_Foundation_8x4_01.Build_Foundation_8x4_01_C,-167200.0,-33599.99999513282,-500.0,-1672.0,335.9999999513282,-5.0,4.0,-3.0,0.0,-0.0,0.7071067811865475,0.7071067811865477,1.0,1.0,1.0,/Game/FactoryGame/Recipes/Buildings/Foundations/Recipe_Foundation_8x4_01.Recipe_Foundation_8x4_01_C,502094
fnd_0146,668,/Game/FactoryGame/Buildable/Building/Foundation/Build_Foundation_8x4_01.Build_Foundation_8x4_01_C,-168000.0,-33599.99999513282,-500.0,-1680.0,335.9999999513282,-5.0,4.0,-3.0,0.0,-0.0,0.7071067811865475,0.7071067811865477,1.0,1.0,1.0,/Game/FactoryGame/Recipes/Buildings/Foundations/Recipe_Foundation_8x4_01.Recipe_Foundation_8x4_01_C,502094
fnd_0147,669,/Game/FactoryGame/Buildable/Building/Foundation/Build_Foundation_8x4_01.Build_Foundation_8x4_01_C,-168800.0,-33599.99999513282,-500.0,-1688.0,335.9999999513282,-5.0,4.0,-3.0,0.0,-0.0,0.7071067811865475,0.7071067811865477,1.0,1.0,1.0,/Game/FactoryGame/Recipes/Buildings/Foundations/Recipe_Foundation_8x4_01.Recipe_Foundation_8x4_01_C,502094
fnd_0148,670,/Game/FactoryGame/Buildable/Building/Foundation/Build_Foundation_8x4_01.Build_Foundation_8x4_01_C,-169600.0,-33599.99999513282,-500.0,-1696.0,335.9999999513282,-5.0,4.0,-3.0,0.0,-0.0,0.7071067811865475,0.7071067811865477,1.0,1.0,1.0,/Game/FactoryGame/Recipes/Buildings/Foundations/Recipe_Foundation_8x4_01.Recipe_Foundation_8x4_01_C,502094
fnd_0149,671,/Game/FactoryGame/Buildable/Building/Foundation/Build_Foundation_8x4_01.Build_Foundation_8x4_01_C,-170400.0,-33599.99999513282,-500.0,-1704.0,335.9999999513282,-5.0,4.0,-3.0,0.0,-0.0,0.7071067811865475,0.7071067811865477,1.0,1.0,1.0,/Game/FactoryGame/Recipes/Buildings/Foundations/Recipe_Foundation_8x4_01.Recipe_Foundation_8x4_01_C,502094
fnd_0150,672,/Game/FactoryGame/Buildable/Building/Foundation/Build_Foundation_8x4_01.Build_Foundation_8x4_01_C,-171200.0,-33599.99999513282,-500.0,-1712.0,335.9999999513282,-5.0,4.0,-3.0,0.0,-0.0,0.7071067811865475,0.7071067811865477,1.0,1.0,1.0,/Game/FactoryGame/Recipes/Buildings/Foundations/Recipe_Foundation_8x4_01.Recipe_Foundation_8x4_01_C,502094
fnd_0151,673,/Game/FactoryGame/Buildable/Building/Foundation/Build_Foundation_8x4_01.Build_Foundation_8x4_01_C,-164800.0,-32799.99999513282,-500.0,-1648.0,327.9999999513282,-5.0,4.0,-3.0,0.0,-0.0,0.7071067811865475,0.7071067811865477,1.0,1.0,1.0,/Game/FactoryGame/Recipes/Buildings/Foundations/Recipe_Foundation_8x4_01.Recipe_Foundation_8x4_01_C,502094
fnd_0152,674,/Game/FactoryGame/Buildable/Building/Foundation/Build_Foundation_8x4_01.Build_Foundation_8x4_01_C,-165600.0,-32799.99999513282,-500.0,-1656.0,327.9999999513282,-5.0,4.0,-3.0,0.0,-0.0,0.7071067811865475,0.7071067811865477,1.0,1.0,1.0,/Game/FactoryGame/Recipes/Buildings/Foundations/Recipe_Foundation_8x4_01.Recipe_Foundation_8x4_01_C,502094
fnd_0153,675,/Game/FactoryGame/Buildable/Building/Foundation/Build_Foundation_8x4_01.Build_Foundation_8x4_01_C,-166400.0,-32799.99999513282,-500.0,-1664.0,327.9999999513282,-5.0,4.0,-3.0,0.0,-0.0,0.7071067811865475,0.7071067811865477,1.0,1.0,1.0,/Game/FactoryGame/Recipes/Buildings/Foundations/Recipe_Foundation_8x4_01.Recipe_Foundation_8x4_01_C,502094
fnd_0154,676,/Game/FactoryGame/Buildable/Building/Foundation/Build_Foundation_8x4_01.Build_Foundation_8x4_01_C,-167200.0,-32799.99999513282,-500.0,-1672.0,327.9999999513282,-5.0,4.0,-3.0,0.0,-0.0,0.7071067811865475,0.7071067811865477,1.0,1.0,1.0,/Game/FactoryGame/Recipes/Buildings/Foundations/Recipe_Foundation_8x4_01.Recipe_Foundation_8x4_01_C,502094
fnd_0155,677,/Game/FactoryGame/Buildable/Building/Foundation/Build_Foundation_8x4_01.Build_Foundation_8x4_01_C,-168000.0,-32799.99999513282,-500.0,-1680.0,327.9999999513282,-5.0,4.0,-3.0,0.0,-0.0,0.7071067811865475,0.7071067811865477,1.0,1.0,1.0,/Game/FactoryGame/Recipes/Buildings/Foundations/Recipe_Foundation_8x4_01.Recipe_Foundation_8x4_01_C,502094
fnd_0156,678,/Game/FactoryGame/Buildable/Building/Foundation/Build_Foundation_8x4_01.Build_Foundation_8x4_01_C,-168800.0,-32799.99999513282,-500.0,-1688.0,327.9999999513282,-5.0,4.0,-3.0,0.0,-0.0,0.7071067811865475,0.7071067811865477,1.0,1.0,1.0,/Game/FactoryGame/Recipes/Buildings/Foundations/Recipe_Foundation_8x4_01.Recipe_Foundation_8x4_01_C,502094
fnd_0157,679,/Game/FactoryGame/Buildable/Building/Foundation/Build_Foundation_8x4_01.Build_Foundation_8x4_01_C,-169600.0,-32799.99999513282,-500.0,-1696.0,327.9999999513282,-5.0,4.0,-3.0,0.0,-0.0,0.7071067811865475,0.7071067811865477,1.0,1.0,1.0,/Game/FactoryGame/Recipes/Buildings/Foundations/Recipe_Foundation_8x4_01.Recipe_Foundation_8x4_01_C,502094
fnd_0158,680,/Game/FactoryGame/Buildable/Building/Foundation/Build_Foundation_8x4_01.Build_Foundation_8x4_01_C,-170400.0,-32799.99999513282,-500.0,-1704.0,327.9999999513282,-5.0,4.0,-3.0,0.0,-0.0,0.7071067811865475,0.7071067811865477,1.0,1.0,1.0,/Game/FactoryGame/Recipes/Buildings/Foundations/Recipe_Foundation_8x4_01.Recipe_Foundation_8x4_01_C,502094
fnd_0159,681,/Game/FactoryGame/Buildable/Building/Foundation/Build_Foundation_8x4_01.Build_Foundation_8x4_01_C,-171200.0,-32799.99999513282,-500.0,-1712.0,327.9999999513282,-5.0,4.0,-3.0,0.0,-0.0,0.7071067811865475,0.7071067811865477,1.0,1.0,1.0,/Game/FactoryGame/Recipes/Buildings/Foundations/Recipe_Foundation_8x4_01.Recipe_Foundation_8x4_01_C,502094
fnd_0160,682,/Game/FactoryGame/Buildable/Building/Foundation/Build_Foundation_8x4_01.Build_Foundation_8x4_01_C,-164800.0,-31999.99999513282,-500.0,-1648.0,319.9999999513282,-5.0,4.0,-3.0,0.0,-0.0,0.7071067811865475,0.7071067811865477,1.0,1.0,1.0,/Game/FactoryGame/Recipes/Buildings/Foundations/Recipe_Foundation_8x4_01.Recipe_Foundation_8x4_01_C,502094
fnd_0161,683,/Game/FactoryGame/Buildable/Building/Foundation/Build_Foundation_8x4_01.Build_Foundation_8x4_01_C,-165600.0,-31999.99999513282,-500.0,-1656.0,319.9999999513282,-5.0,4.0,-3.0,0.0,-0.0,0.7071067811865475,0.7071067811865477,1.0,1.0,1.0,/Game/FactoryGame/Recipes/Buildings/Foundations/Recipe_Foundation_8x4_01.Recipe_Foundation_8x4_01_C,502094
fnd_0162,684,/Game/FactoryGame/Buildable/Building/Foundation/Build_Foundation_8x4_01.Build_Foundation_8x4_01_C,-166400.0,-31999.99999513282,-500.0,-1664.0,319.9999999513282,-5.0,4.0,-3.0,0.0,-0.0,0.7071067811865475,0.7071067811865477,1.0,1.0,1.0,/Game/FactoryGame/Recipes/Buildings/Foundations/Recipe_Foundation_8x4_01.Recipe_Foundation_8x4_01_C,502094
fnd_0163,685,/Game/FactoryGame/Buildable/Building/Foundation/Build_Foundation_8x4_01.Build_Foundation_8x4_01_C,-167200.0,-31999.99999513282,-500.0,-1672.0,319.9999999513282,-5.0,4.0,-3.0,0.0,-0.0,0.7071067811865475,0.7071067811865477,1.0,1.0,1.0,/Game/FactoryGame/Recipes/Buildings/Foundations/Recipe_Foundation_8x4_01.Recipe_Foundation_8x4_01_C,502094
fnd_0164,686,/Game/FactoryGame/Buildable/Building/Foundation/Build_Foundation_8x4_01.Build_Foundation_8x4_01_C,-168000.0,-31999.99999513282,-500.0,-1680.0,319.9999999513282,-5.0,4.0,-3.0,0.0,-0.0,0.7071067811865475,0.7071067811865477,1.0,1.0,1.0,/Game/FactoryGame/Recipes/Buildings/Foundations/Recipe_Foundation_8x4_01.Recipe_Foundation_8x4_01_C,502094
fnd_0165,687,/Game/FactoryGame/Buildable/Building/Foundation/Build_Foundation_8x4_01.Build_Foundation_8x4_01_C,-168800.0,-31999.99999513282,-500.0,-1688.0,319.9999999513282,-5.0,4.0,-3.0,0.0,-0.0,0.7071067811865475,0.7071067811865477,1.0,1.0,1.0,/Game/FactoryGame/Recipes/Buildings/Foundations/Recipe_Foundation_8x4_01.Recipe_Foundation_8x4_01_C,502094
fnd_0166,688,/Game/FactoryGame/Buildable/Building/Foundation/Build_Foundation_8x4_01.Build_Foundation_8x4_01_C,-169600.0,-31999.99999513282,-500.0,-1696.0,319.9999999513282,-5.0,4.0,-3.0,0.0,-0.0,0.7071067811865475,0.7071067811865477,1.0,1.0,1.0,/Game/FactoryGame/Recipes/Buildings/Foundations/Recipe_Foundation_8x4_01.Recipe_Foundation_8x4_01_C,502094
fnd_0167,689,/Game/FactoryGame/Buildable/Building/Foundation/Build_Foundation_8x4_01.Build_Foundation_8x4_01_C,-170400.0,-31999.99999513282,-500.0,-1704.0,319.9999999513282,-5.0,4.0,-3.0,0.0,-0.0,0.7071067811865475,0.7071067811865477,1.0,1.0,1.0,/Game/FactoryGame/Recipes/Buildings/Foundations/Recipe_Foundation_8x4_01.Recipe_Foundation_8x4_01_C,502094
fnd_0168,690,/Game/FactoryGame/Buildable/Building/Foundation/Build_Foundation_8x4_01.Build_Foundation_8x4_01_C,-171200.0,-31999.99999513282,-500.0,-1712.0,319.9999999513282,-5.0,4.0,-3.0,0.0,-0.0,0.7071067811865475,0.7071067811865477,1.0,1.0,1.0,/Game/FactoryGame/Recipes/Buildings/Foundations/Recipe_Foundation_8x4_01.Recipe_Foundation_8x4_01_C,502094
fnd_0169,691,/Game/FactoryGame/Buildable/Building/Foundation/Build_Foundation_8x4_01.Build_Foundation_8x4_01_C,-164800.0,-31199.99999513282,-500.0,-1648.0,311.9999999513282,-5.0,4.0,-3.0,0.0,-0.0,0.7071067811865475,0.7071067811865477,1.0,1.0,1.0,/Game/FactoryGame/Recipes/Buildings/Foundations/Recipe_Foundation_8x4_01.Recipe_Foundation_8x4_01_C,502094
fnd_0170,692,/Game/FactoryGame/Buildable/Building/Foundation/Build_Foundation_8x4_01.Build_Foundation_8x4_01_C,-165600.0,-31199.99999513282,-500.0,-1656.0,311.9999999513282,-5.0,4.0,-3.0,0.0,-0.0,0.7071067811865475,0.7071067811865477,1.0,1.0,1.0,/Game/FactoryGame/Recipes/Buildings/Foundations/Recipe_Foundation_8x4_01.Recipe_Foundation_8x4_01_C,502094
fnd_0171,693,/Game/FactoryGame/Buildable/Building/Foundation/Build_Foundation_8x4_01.Build_Foundation_8x4_01_C,-166400.0,-31199.99999513282,-500.0,-1664.0,311.9999999513282,-5.0,4.0,-3.0,0.0,-0.0,0.7071067811865475,0.7071067811865477,1.0,1.0,1.0,/Game/FactoryGame/Recipes/Buildings/Foundations/Recipe_Foundation_8x4_01.Recipe_Foundation_8x4_01_C,502094
fnd_0172,694,/Game/FactoryGame/Buildable/Building/Foundation/Build_Foundation_8x4_01.Build_Foundation_8x4_01_C,-167200.0,-31199.99999513282,-500.0,-1672.0,311.9999999513282,-5.0,4.0,-3.0,0.0,-0.0,0.7071067811865475,0.7071067811865477,1.0,1.0,1.0,/Game/FactoryGame/Recipes/Buildings/Foundations/Recipe_Foundation_8x4_01.Recipe_Foundation_8x4_01_C,502094
fnd_0173,695,/Game/FactoryGame/Buildable/Building/Foundation/Build_Foundation_8x4_01.Build_Foundation_8x4_01_C,-168000.0,-31199.99999513282,-500.0,-1680.0,311.9999999513282,-5.0,4.0,-3.0,0.0,-0.0,0.7071067811865475,0.7071067811865477,1.0,1.0,1.0,/Game/FactoryGame/Recipes/Buildings/Foundations/Recipe_Foundation_8x4_01.Recipe_Foundation_8x4_01_C,502094
fnd_0174,696,/Game/FactoryGame/Buildable/Building/Foundation/Build_Foundation_8x4_01.Build_Foundation_8x4_01_C,-168800.0,-31199.99999513282,-500.0,-1688.0,311.9999999513282,-5.0,4.0,-3.0,0.0,-0.0,0.7071067811865475,0.7071067811865477,1.0,1.0,1.0,/Game/FactoryGame/Recipes/Buildings/Foundations/Recipe_Foundation_8x4_01.Recipe_Foundation_8x4_01_C,502094
fnd_0175,697,/Game/FactoryGame/Buildable/Building/Foundation/Build_Foundation_8x4_01.Build_Foundation_8x4_01_C,-169600.0,-31199.99999513282,-500.0,-1696.0,311.9999999513282,-5.0,4.0,-3.0,0.0,-0.0,0.7071067811865475,0.7071067811865477,1.0,1.0,1.0,/Game/FactoryGame/Recipes/Buildings/Foundations/Recipe_Foundation_8x4_01.Recipe_Foundation_8x4_01_C,502094
fnd_0176,698,/Game/FactoryGame/Buildable/Building/Foundation/Build_Foundation_8x4_01.Build_Foundation_8x4_01_C,-170400.0,-31199.99999513282,-500.0,-1704.0,311.9999999513282,-5.0,4.0,-3.0,0.0,-0.0,0.7071067811865475,0.7071067811865477,1.0,1.0,1.0,/Game/FactoryGame/Recipes/Buildings/Foundations/Recipe_Foundation_8x4_01.Recipe_Foundation_8x4_01_C,502094
fnd_0177,699,/Game/FactoryGame/Buildable/Building/Foundation/Build_Foundation_8x4_01.Build_Foundation_8x4_01_C,-171200.0,-31199.99999513282,-500.0,-1712.0,311.9999999513282,-5.0,4.0,-3.0,0.0,-0.0,0.7071067811865475,0.7071067811865477,1.0,1.0,1.0,/Game/FactoryGame/Recipes/Buildings/Foundations/Recipe_Foundation_8x4_01.Recipe_Foundation_8x4_01_C,502094
fnd_0178,700,/Game/FactoryGame/Buildable/Building/Foundation/Build_Foundation_8x4_01.Build_Foundation_8x4_01_C,-164800.0,-30399.99999513282,-500.0,-1648.0,303.9999999513282,-5.0,4.0,-3.0,0.0,-0.0,0.7071067811865475,0.7071067811865477,1.0,1.0,1.0,/Game/FactoryGame/Recipes/Buildings/Foundations/Recipe_Foundation_8x4_01.Recipe_Foundation_8x4_01_C,502094
fnd_0179,701,/Game/FactoryGame/Buildable/Building/Foundation/Build_Foundation_8x4_01.Build_Foundation_8x4_01_C,-165600.0,-30399.99999513282,-500.0,-1656.0,303.9999999513282,-5.0,4.0,-3.0,0.0,-0.0,0.7071067811865475,0.7071067811865477,1.0,1.0,1.0,/Game/FactoryGame/Recipes/Buildings/Foundations/Recipe_Foundation_8x4_01.Recipe_Foundation_8x4_01_C,502094
fnd_0180,702,/Game/FactoryGame/Buildable/Building/Foundation/Build_Foundation_8x4_01.Build_Foundation_8x4_01_C,-166400.0,-30399.99999513282,-500.0,-1664.0,303.9999999513282,-5.0,4.0,-3.0,0.0,-0.0,0.7071067811865475,0.7071067811865477,1.0,1.0,1.0,/Game/FactoryGame/Recipes/Buildings/Foundations/Recipe_Foundation_8x4_01.Recipe_Foundation_8x4_01_C,502094
fnd_0181,703,/Game/FactoryGame/Buildable/Building/Foundation/Build_Foundation_8x4_01.Build_Foundation_8x4_01_C,-167200.0,-30399.99999513282,-500.0,-1672.0,303.9999999513282,-5.0,4.0,-3.0,0.0,-0.0,0.7071067811865475,0.7071067811865477,1.0,1.0,1.0,/Game/FactoryGame/Recipes/Buildings/Foundations/Recipe_Foundation_8x4_01.Recipe_Foundation_8x4_01_C,502094
fnd_0182,704,/Game/FactoryGame/Buildable/Building/Foundation/Build_Foundation_8x4_01.Build_Foundation_8x4_01_C,-168000.0,-30399.99999513282,-500.0,-1680.0,303.9999999513282,-5.0,4.0,-3.0,0.0,-0.0,0.7071067811865475,0.7071067811865477,1.0,1.0,1.0,/Game/FactoryGame/Recipes/Buildings/Foundations/Recipe_Foundation_8x4_01.Recipe_Foundation_8x4_01_C,502094
fnd_0183,705,/Game/FactoryGame/Buildable/Building/Foundation/Build_Foundation_8x4_01.Build_Foundation_8x4_01_C,-168800.0,-30399.99999513282,-500.0,-1688.0,303.9999999513282,-5.0,4.0,-3.0,0.0,-0.0,0.7071067811865475,0.7071067811865477,1.0,1.0,1.0,/Game/FactoryGame/Recipes/Buildings/Foundations/Recipe_Foundation_8x4_01.Recipe_Foundation_8x4_01_C,502094
fnd_0184,706,/Game/FactoryGame/Buildable/Building/Foundation/Build_Foundation_8x4_01.Build_Foundation_8x4_01_C,-169600.0,-30399.99999513282,-500.0,-1696.0,303.9999999513282,-5.0,4.0,-3.0,0.0,-0.0,0.7071067811865475,0.7071067811865477,1.0,1.0,1.0,/Game/FactoryGame/Recipes/Buildings/Foundations/Recipe_Foundation_8x4_01.Recipe_Foundation_8x4_01_C,502094
fnd_0185,707,/Game/FactoryGame/Buildable/Building/Foundation/Build_Foundation_8x4_01.Build_Foundation_8x4_01_C,-170400.0,-30399.99999513282,-500.0,-1704.0,303.9999999513282,-5.0,4.0,-3.0,0.0,-0.0,0.7071067811865475,0.7071067811865477,1.0,1.0,1.0,/Game/FactoryGame/Recipes/Buildings/Foundations/Recipe_Foundation_8x4_01.Recipe_Foundation_8x4_01_C,502094
fnd_0186,708,/Game/FactoryGame/Buildable/Building/Foundation/Build_Foundation_8x4_01.Build_Foundation_8x4_01_C,-171200.0,-30399.99999513282,-500.0,-1712.0,303.9999999513282,-5.0,4.0,-3.0,0.0,-0.0,0.7071067811865475,0.7071067811865477,1.0,1.0,1.0,/Game/FactoryGame/Recipes/Buildings/Foundations/Recipe_Foundation_8x4_01.Recipe_Foundation_8x4_01_C,502094
fnd_0187,709,/Game/FactoryGame/Buildable/Building/Foundation/Build_Foundation_8x4_01.Build_Foundation_8x4_01_C,-164800.0,-29599.99999513282,-500.0,-1648.0,295.9999999513282,-5.0,4.0,-3.0,0.0,-0.0,0.7071067811865475,0.7071067811865477,1.0,1.0,1.0,/Game/FactoryGame/Recipes/Buildings/Foundations/Recipe_Foundation_8x4_01.Recipe_Foundation_8x4_01_C,502094
fnd_0188,710,/Game/FactoryGame/Buildable/Building/Foundation/Build_Foundation_8x4_01.Build_Foundation_8x4_01_C,-165600.0,-29599.99999513282,-500.0,-1656.0,295.9999999513282,-5.0,4.0,-3.0,0.0,-0.0,0.7071067811865475,0.7071067811865477,1.0,1.0,1.0,/Game/FactoryGame/Recipes/Buildings/Foundations/Recipe_Foundation_8x4_01.Recipe_Foundation_8x4_01_C,502094
fnd_0189,711,/Game/FactoryGame/Buildable/Building/Foundation/Build_Foundation_8x4_01.Build_Foundation_8x4_01_C,-166400.0,-29599.99999513282,-500.0,-1664.0,295.9999999513282,-5.0,4.0,-3.0,0.0,-0.0,0.7071067811865475,0.7071067811865477,1.0,1.0,1.0,/Game/FactoryGame/Recipes/Buildings/Foundations/Recipe_Foundation_8x4_01.Recipe_Foundation_8x4_01_C,502094
fnd_0190,712,/Game/FactoryGame/Buildable/Building/Foundation/Build_Foundation_8x4_01.Build_Foundation_8x4_01_C,-167200.0,-29599.99999513282,-500.0,-1672.0,295.9999999513282,-5.0,4.0,-3.0,0.0,-0.0,0.7071067811865475,0.7071067811865477,1.0,1.0,1.0,/Game/FactoryGame/Recipes/Buildings/Foundations/Recipe_Foundation_8x4_01.Recipe_Foundation_8x4_01_C,502094
fnd_0191,713,/Game/FactoryGame/Buildable/Building/Foundation/Build_Foundation_8x4_01.Build_Foundation_8x4_01_C,-168000.0,-29599.99999513282,-500.0,-1680.0,295.9999999513282,-5.0,4.0,-3.0,0.0,-0.0,0.7071067811865475,0.7071067811865477,1.0,1.0,1.0,/Game/FactoryGame/Recipes/Buildings/Foundations/Recipe_Foundation_8x4_01.Recipe_Foundation_8x4_01_C,502094
fnd_0192,714,/Game/FactoryGame/Buildable/Building/Foundation/Build_Foundation_8x4_01.Build_Foundation_8x4_01_C,-168800.0,-29599.99999513282,-500.0,-1688.0,295.9999999513282,-5.0,4.0,-3.0,0.0,-0.0,0.7071067811865475,0.7071067811865477,1.0,1.0,1.0,/Game/FactoryGame/Recipes/Buildings/Foundations/Recipe_Foundation_8x4_01.Recipe_Foundation_8x4_01_C,502094
fnd_0193,715,/Game/FactoryGame/Buildable/Building/Foundation/Build_Foundation_8x4_01.Build_Foundation_8x4_01_C,-169600.0,-29599.99999513282,-500.0,-1696.0,295.9999999513282,-5.0,4.0,-3.0,0.0,-0.0,0.7071067811865475,0.7071067811865477,1.0,1.0,1.0,/Game/FactoryGame/Recipes/Buildings/Foundations/Recipe_Foundation_8x4_01.Recipe_Foundation_8x4_01_C,502094
fnd_0194,716,/Game/FactoryGame/Buildable/Building/Foundation/Build_Foundation_8x4_01.Build_Foundation_8x4_01_C,-170400.0,-29599.99999513282,-500.0,-1704.0,295.9999999513282,-5.0,4.0,-3.0,0.0,-0.0,0.7071067811865475,0.7071067811865477,1.0,1.0,1.0,/Game/FactoryGame/Recipes/Buildings/Foundations/Recipe_Foundation_8x4_01.Recipe_Foundation_8x4_01_C,502094
fnd_0195,717,/Game/FactoryGame/Buildable/Building/Foundation/Build_Foundation_8x4_01.Build_Foundation_8x4_01_C,-171200.0,-29599.99999513282,-500.0,-1712.0,295.9999999513282,-5.0,4.0,-3.0,0.0,-0.0,0.7071067811865475,0.7071067811865477,1.0,1.0,1.0,/Game/FactoryGame/Recipes/Buildings/Foundations/Recipe_Foundation_8x4_01.Recipe_Foundation_8x4_01_C,502094
fnd_0196,718,/Game/FactoryGame/Buildable/Building/Foundation/Build_Foundation_8x4_01.Build_Foundation_8x4_01_C,-166400.0,-28799.99999513282,-500.0,-1664.0,287.9999999513282,-5.0,4.0,-3.0,0.0,0.0,0.0,1.0,1.0,1.0,1.0,/Game/FactoryGame/Recipes/Buildings/Foundations/Recipe_Foundation_8x4_01.Recipe_Foundation_8x4_01_C,502094
fnd_0197,719,/Game/FactoryGame/Buildable/Building/Foundation/Build_Foundation_8x4_01.Build_Foundation_8x4_01_C,-167200.0,-28799.99999513282,-500.0,-1672.0,287.9999999513282,-5.0,4.0,-3.0,0.0,0.0,0.0,1.0,1.0,1.0,1.0,/Game/FactoryGame/Recipes/Buildings/Foundations/Recipe_Foundation_8x4_01.Recipe_Foundation_8x4_01_C,502094
fnd_0198,720,/Game/FactoryGame/Buildable/Building/Foundation/Build_Foundation_8x4_01.Build_Foundation_8x4_01_C,-168000.0,-28799.99999513282,-500.0,-1680.0,287.9999999513282,-5.0,4.0,-3.0,0.0,0.0,0.0,1.0,1.0,1.0,1.0,/Game/FactoryGame/Recipes/Buildings/Foundations/Recipe_Foundation_8x4_01.Recipe_Foundation_8x4_01_C,502094
fnd_0199,721,/Game/FactoryGame/Buildable/Building/Foundation/Build_Foundation_8x4_01.Build_Foundation_8x4_01_C,-168800.0,-28799.99999513282,-500.0,-1688.0,287.9999999513282,-5.0,4.0,-3.0,0.0,0.0,0.0,1.0,1.0,1.0,1.0,/Game/FactoryGame/Recipes/Buildings/Foundations/Recipe_Foundation_8x4_01.Recipe_Foundation_8x4_01_C,502094
fnd_0200,722,/Game/FactoryGame/Buildable/Building/Foundation/Build_Foundation_8x4_01.Build_Foundation_8x4_01_C,-169600.0,-28799.99999513282,-500.0,-1696.0,287.9999999513282,-5.0,4.0,-3.0,0.0,0.0,0.0,1.0,1.0,1.0,1.0,/Game/FactoryGame/Recipes/Buildings/Foundations/Recipe_Foundation_8x4_01.Recipe_Foundation_8x4_01_C,502094
fnd_0201,723,/Game/FactoryGame/Buildable/Building/Foundation/Build_Foundation_8x4_01.Build_Foundation_8x4_01_C,-170400.0,-28799.99999513282,-500.0,-1704.0,287.9999999513282,-5.0,4.0,-3.0,0.0,0.0,0.0,1.0,1.0,1.0,1.0,/Game/FactoryGame/Recipes/Buildings/Foundations/Recipe_Foundation_8x4_01.Recipe_Foundation_8x4_01_C,502094
fnd_0202,724,/Game/FactoryGame/Buildable/Building/Foundation/Build_Foundation_8x4_01.Build_Foundation_8x4_01_C,-171200.0,-28799.99999513282,-500.0,-1712.0,287.9999999513282,-5.0,4.0,-3.0,0.0,0.0,0.0,1.0,1.0,1.0,1.0,/Game/FactoryGame/Recipes/Buildings/Foundations/Recipe_Foundation_8x4_01.Recipe_Foundation_8x4_01_C,502094
fnd_0203,725,/Game/FactoryGame/Buildable/Building/Foundation/Build_Foundation_8x4_01.Build_Foundation_8x4_01_C,-166400.0,-27999.99999513282,-500.0,-1664.0,279.9999999513282,-5.0,4.0,-3.0,0.0,0.0,0.0,1.0,1.0,1.0,1.0,/Game/FactoryGame/Recipes/Buildings/Foundations/Recipe_Foundation_8x4_01.Recipe_Foundation_8x4_01_C,502094
fnd_0204,726,/Game/FactoryGame/Buildable/Building/Foundation/Build_Foundation_8x4_01.Build_Foundation_8x4_01_C,-167200.0,-27999.99999513282,-500.0,-1672.0,279.9999999513282,-5.0,4.0,-3.0,0.0,0.0,0.0,1.0,1.0,1.0,1.0,/Game/FactoryGame/Recipes/Buildings/Foundations/Recipe_Foundation_8x4_01.Recipe_Foundation_8x4_01_C,502094
fnd_0205,727,/Game/FactoryGame/Buildable/Building/Foundation/Build_Foundation_8x4_01.Build_Foundation_8x4_01_C,-168000.0,-27999.99999513282,-500.0,-1680.0,279.9999999513282,-5.0,4.0,-3.0,0.0,0.0,0.0,1.0,1.0,1.0,1.0,/Game/FactoryGame/Recipes/Buildings/Foundations/Recipe_Foundation_8x4_01.Recipe_Foundation_8x4_01_C,502094
fnd_0206,728,/Game/FactoryGame/Buildable/Building/Foundation/Build_Foundation_8x4_01.Build_Foundation_8x4_01_C,-168800.0,-27999.99999513282,-500.0,-1688.0,279.9999999513282,-5.0,4.0,-3.0,0.0,0.0,0.0,1.0,1.0,1.0,1.0,/Game/FactoryGame/Recipes/Buildings/Foundations/Recipe_Foundation_8x4_01.Recipe_Foundation_8x4_01_C,502094
fnd_0207,729,/Game/FactoryGame/Buildable/Building/Foundation/Build_Foundation_8x4_01.Build_Foundation_8x4_01_C,-169600.0,-27999.99999513282,-500.0,-1696.0,279.9999999513282,-5.0,4.0,-3.0,0.0,0.0,0.0,1.0,1.0,1.0,1.0,/Game/FactoryGame/Recipes/Buildings/Foundations/Recipe_Foundation_8x4_01.Recipe_Foundation_8x4_01_C,502094
fnd_0208,730,/Game/FactoryGame/Buildable/Building/Foundation/Build_Foundation_8x4_01.Build_Foundation_8x4_01_C,-170400.0,-27999.99999513282,-500.0,-1704.0,279.9999999513282,-5.0,4.0,-3.0,0.0,0.0,0.0,1.0,1.0,1.0,1.0,/Game/FactoryGame/Recipes/Buildings/Foundations/Recipe_Foundation_8x4_01.Recipe_Foundation_8x4_01_C,502094
fnd_0209,731,/Game/FactoryGame/Buildable/Building/Foundation/Build_Foundation_8x4_01.Build_Foundation_8x4_01_C,-171200.0,-27999.99999513282,-500.0,-1712.0,279.9999999513282,-5.0,4.0,-3.0,0.0,0.0,0.0,1.0,1.0,1.0,1.0,/Game/FactoryGame/Recipes/Buildings/Foundations/Recipe_Foundation_8x4_01.Recipe_Foundation_8x4_01_C,502094
fnd_0210,732,/Game/FactoryGame/Buildable/Building/Foundation/Build_Foundation_8x4_01.Build_Foundation_8x4_01_C,-167200.0,-27199.99999513282,-500.0,-1672.0,271.9999999513282,-5.0,4.0,-3.0,-0.0,0.0,-0.7071067811865476,0.7071067811865477,1.0,1.0,1.0,/Game/FactoryGame/Recipes/Buildings/Foundations/Recipe_Foundation_8x4_01.Recipe_Foundation_8x4_01_C,502094
fnd_0211,733,/Game/FactoryGame/Buildable/Building/Foundation/Build_Foundation_8x4_01.Build_Foundation_8x4_01_C,-166400.0,-27199.99999513282,-500.0,-1664.0,271.9999999513282,-5.0,4.0,-3.0,-0.0,0.0,-0.7071067811865476,0.7071067811865477,1.0,1.0,1.0,/Game/FactoryGame/Recipes/Buildings/Foundations/Recipe_Foundation_8x4_01.Recipe_Foundation_8x4_01_C,502094
fnd_0212,734,/Game/FactoryGame/Buildable/Building/Foundation/Build_Foundation_8x4_01.Build_Foundation_8x4_01_C,-166400.0,-26399.99999513282,-500.0,-1664.0,263.9999999513282,-5.0,4.0,-3.0,0.0,-0.0,0.7071067811865475,0.7071067811865477,1.0,1.0,1.0,/Game/FactoryGame/Recipes/Buildings/Foundations/Recipe_Foundation_8x4_01.Recipe_Foundation_8x4_01_C,502094
fnd_0213,735,/Game/FactoryGame/Buildable/Building/Foundation/Build_Foundation_8x4_01.Build_Foundation_8x4_01_C,-167200.0,-26399.99999513282,-500.0,-1672.0,263.9999999513282,-5.0,4.0,-3.0,0.0,-0.0,0.7071067811865475,0.7071067811865477,1.0,1.0,1.0,/Game/FactoryGame/Recipes/Buildings/Foundations/Recipe_Foundation_8x4_01.Recipe_Foundation_8x4_01_C,502094
fnd_0214,736,/Game/FactoryGame/Buildable/Building/Foundation/Build_Foundation_8x4_01.Build_Foundation_8x4_01_C,-160800.0,-35199.99999513282,-500.0,-1608.0,351.9999999513282,-5.0,4.0,-3.0,0.0,-0.0,0.7071067811865475,0.7071067811865477,1.0,1.0,1.0,/Game/FactoryGame/Recipes/Buildings/Foundations/Recipe_Foundation_8x4_01.Recipe_Foundation_8x4_01_C,502094
fnd_0215,737,/Game/FactoryGame/Buildable/Building/Foundation/Build_Foundation_8x4_01.Build_Foundation_8x4_01_C,-161600.0,-35199.99999513282,-500.0,-1616.0,351.9999999513282,-5.0,4.0,-3.0,0.0,-0.0,0.7071067811865475,0.7071067811865477,1.0,1.0,1.0,/Game/FactoryGame/Recipes/Buildings/Foundations/Recipe_Foundation_8x4_01.Recipe_Foundation_8x4_01_C,502094
fnd_0216,738,/Game/FactoryGame/Buildable/Building/Foundation/Build_Foundation_8x4_01.Build_Foundation_8x4_01_C,-162400.0,-35199.99999513282,-500.0,-1624.0,351.9999999513282,-5.0,4.0,-3.0,0.0,-0.0,0.7071067811865475,0.7071067811865477,1.0,1.0,1.0,/Game/FactoryGame/Recipes/Buildings/Foundations/Recipe_Foundation_8x4_01.Recipe_Foundation_8x4_01_C,502094
fnd_0217,739,/Game/FactoryGame/Buildable/Building/Foundation/Build_Foundation_8x4_01.Build_Foundation_8x4_01_C,-163200.0,-35199.99999513282,-500.0,-1632.0,351.9999999513282,-5.0,4.0,-3.0,0.0,-0.0,0.7071067811865475,0.7071067811865477,1.0,1.0,1.0,/Game/FactoryGame/Recipes/Buildings/Foundations/Recipe_Foundation_8x4_01.Recipe_Foundation_8x4_01_C,502094
fnd_0218,740,/Game/FactoryGame/Buildable/Building/Foundation/Build_Foundation_8x4_01.Build_Foundation_8x4_01_C,-164000.0,-35199.99999513282,-500.0,-1640.0,351.9999999513282,-5.0,4.0,-3.0,0.0,-0.0,0.7071067811865475,0.7071067811865477,1.0,1.0,1.0,/Game/FactoryGame/Recipes/Buildings/Foundations/Recipe_Foundation_8x4_01.Recipe_Foundation_8x4_01_C,502094
fnd_0219,741,/Game/FactoryGame/Buildable/Building/Foundation/Build_Foundation_8x4_01.Build_Foundation_8x4_01_C,-164800.0,-35199.99999513282,-500.0,-1648.0,351.9999999513282,-5.0,4.0,-3.0,0.0,-0.0,0.7071067811865475,0.7071067811865477,1.0,1.0,1.0,/Game/FactoryGame/Recipes/Buildings/Foundations/Recipe_Foundation_8x4_01.Recipe_Foundation_8x4_01_C,502094
fnd_0220,742,/Game/FactoryGame/Buildable/Building/Foundation/Build_Foundation_8x4_01.Build_Foundation_8x4_01_C,-165600.0,-35199.99999513282,-500.0,-1656.0,351.9999999513282,-5.0,4.0,-3.0,0.0,-0.0,0.7071067811865475,0.7071067811865477,1.0,1.0,1.0,/Game/FactoryGame/Recipes/Buildings/Foundations/Recipe_Foundation_8x4_01.Recipe_Foundation_8x4_01_C,502094
fnd_0221,758,/Game/FactoryGame/Buildable/Building/Foundation/Build_Foundation_8x4_01.Build_Foundation_8x4_01_C,-151200.0,-31999.99999513282,-500.0,-1512.0,319.9999999513282,-5.0,4.0,-3.0,0.0,0.0,0.0,1.0,1.0,1.0,1.0,/Game/FactoryGame/Recipes/Buildings/Foundations/Recipe_Foundation_8x4_01.Recipe_Foundation_8x4_01_C,502094
